x86_64-linux-gnu-gcc -Wa,--divide -Iinclude -D__ASSEMBLY__ -c arch/x86_64/boot/head.S -o arch/x86_64/boot/head.o
x86_64-linux-gnu-gcc -Wa,--divide -Iinclude -D__ASSEMBLY__ -c arch/x86_64/boot/idt.S -o arch/x86_64/boot/idt.o
x86_64-linux-gnu-gcc -Wa,--divide -Iinclude -D__ASSEMBLY__ -c arch/x86_64/boot/isr_stubs.S -o arch/x86_64/boot/isr_stubs.o
x86_64-linux-gnu-gcc -Wa,--divide -Iinclude -D__ASSEMBLY__ -c arch/x86_64/boot/ap_trampoline.S -o arch/x86_64/boot/ap_trampoline.o
x86_64-linux-gnu-gcc -Wa,--divide -Iinclude -D__ASSEMBLY__ -c arch/x86_64/kernel/switch.S -o arch/x86_64/kernel/switch.o
x86_64-linux-gnu-gcc -Wa,--divide -Iinclude -D__ASSEMBLY__ -c arch/x86_64/kernel/syscall_entry.S -o arch/x86_64/kernel/syscall_entry.o
x86_64-linux-gnu-gcc -Wall -Wextra -ffreestanding -mcmodel=kernel -mno-red-zone -mno-mmx -mno-sse -mno-sse2 -fno-pic -fno-pie -O2 -Iinclude -MMD -DSHADOWBOX_VERSION=\"973cde5-dirty\" -fno-stack-protector -c arch/x86_64/kernel/smp.c -o arch/x86_64/kernel/smp.o
x86_64-linux-gnu-gcc -Wall -Wextra -ffreestanding -mcmodel=kernel -mno-red-zone -mno-mmx -mno-sse -mno-sse2 -fno-pic -fno-pie -O2 -Iinclude -MMD -DSHADOWBOX_VERSION=\"973cde5-dirty\" -fno-stack-protector -c arch/x86_64/kernel/gdt.c -o arch/x86_64/kernel/gdt.o
In file included from include/smp.h:4,
                 from arch/x86_64/kernel/smp.c:1:
include/types.h:34: warning: "offsetof" redefined
   34 | #define offsetof(type, member) ((size_t)&((type *)0)->member)
      | 
In file included from include/types.h:7,
                 from include/smp.h:4,
                 from arch/x86_64/kernel/smp.c:1:
/usr/lib/gcc/x86_64-linux-gnu/11/include/stddef.h:406: note: this is the location of the previous definition
  406 | #define offsetof(TYPE, MEMBER) __builtin_offsetof (TYPE, MEMBER)
      | 
x86_64-linux-gnu-gcc -Wall -Wextra -ffreestanding -mcmodel=kernel -mno-red-zone -mno-mmx -mno-sse -mno-sse2 -fno-pic -fno-pie -O2 -Iinclude -MMD -DSHADOWBOX_VERSION=\"973cde5-dirty\" -fno-stack-protector -c arch/x86_64/kernel/idt.c -o arch/x86_64/kernel/idt.o
In file included from include/gdt.h:4,
                 from arch/x86_64/kernel/gdt.c:1:
include/types.h:34: warning: "offsetof" redefined
   34 | #define offsetof(type, member) ((size_t)&((type *)0)->member)
      | 
In file included from include/types.h:7,
                 from include/gdt.h:4,
                 from arch/x86_64/kernel/gdt.c:1:
/usr/lib/gcc/x86_64-linux-gnu/11/include/stddef.h:406: note: this is the location of the previous definition
  406 | #define offsetof(TYPE, MEMBER) __builtin_offsetof (TYPE, MEMBER)
      | 
arch/x86_64/kernel/syscall_entry.S: Assembler messages:
arch/x86_64/kernel/syscall_entry.S:43: Warning: no instruction mnemonic suffix given and no register operands; using default for `cmp'
x86_64-linux-gnu-gcc -Wall -Wextra -ffreestanding -mcmodel=kernel -mno-red-zone -mno-mmx -mno-sse -mno-sse2 -fno-pic -fno-pie -O2 -Iinclude -MMD -DSHADOWBOX_VERSION=\"973cde5-dirty\" -fno-stack-protector -c arch/x86_64/mm/pmm.c -o arch/x86_64/mm/pmm.o
In file included from include/idt.h:4,
                 from arch/x86_64/kernel/idt.c:1:
include/types.h:34: warning: "offsetof" redefined
   34 | #define offsetof(type, member) ((size_t)&((type *)0)->member)
      | 
In file included from include/types.h:7,
                 from include/idt.h:4,
                 from arch/x86_64/kernel/idt.c:1:
/usr/lib/gcc/x86_64-linux-gnu/11/include/stddef.h:406: note: this is the location of the previous definition
  406 | #define offsetof(TYPE, MEMBER) __builtin_offsetof (TYPE, MEMBER)
      | 
In file included from arch/x86_64/kernel/idt.c:2:
arch/x86_64/kernel/idt.c: In function ‘page_fault_handler’:
include/kernel.h:19:22: warning: format ‘%llx’ expects argument of type ‘long long unsigned int’, but argument 2 has type ‘uint64_t’ {aka ‘long unsigned int’} [-Wformat=]
   19 | #define KERN_ERR     "<3>"
      |                      ^~~~~
arch/x86_64/kernel/idt.c:76:12: note: in expansion of macro ‘KERN_ERR’
   76 |     printk(KERN_ERR "PAGE FAULT at %llx, RIP=%llx, error=%llx, present=%d, write=%d\n",
      |            ^~~~~~~~
arch/x86_64/kernel/idt.c:76:39: note: format string is defined here
   76 |     printk(KERN_ERR "PAGE FAULT at %llx, RIP=%llx, error=%llx, present=%d, write=%d\n",
      |                                    ~~~^
      |                                       |
      |                                       long long unsigned int
      |                                    %lx
In file included from arch/x86_64/kernel/idt.c:2:
include/kernel.h:19:22: warning: format ‘%llx’ expects argument of type ‘long long unsigned int’, but argument 3 has type ‘uint64_t’ {aka ‘long unsigned int’} [-Wformat=]
   19 | #define KERN_ERR     "<3>"
      |                      ^~~~~
arch/x86_64/kernel/idt.c:76:12: note: in expansion of macro ‘KERN_ERR’
   76 |     printk(KERN_ERR "PAGE FAULT at %llx, RIP=%llx, error=%llx, present=%d, write=%d\n",
      |            ^~~~~~~~
arch/x86_64/kernel/idt.c:76:49: note: format string is defined here
   76 |     printk(KERN_ERR "PAGE FAULT at %llx, RIP=%llx, error=%llx, present=%d, write=%d\n",
      |                                              ~~~^
      |                                                 |
      |                                                 long long unsigned int
      |                                              %lx
In file included from arch/x86_64/kernel/idt.c:2:
include/kernel.h:19:22: warning: format ‘%llx’ expects argument of type ‘long long unsigned int’, but argument 4 has type ‘uint64_t’ {aka ‘long unsigned int’} [-Wformat=]
   19 | #define KERN_ERR     "<3>"
      |                      ^~~~~
arch/x86_64/kernel/idt.c:76:12: note: in expansion of macro ‘KERN_ERR’
   76 |     printk(KERN_ERR "PAGE FAULT at %llx, RIP=%llx, error=%llx, present=%d, write=%d\n",
      |            ^~~~~~~~
arch/x86_64/kernel/idt.c:76:61: note: format string is defined here
   76 |     printk(KERN_ERR "PAGE FAULT at %llx, RIP=%llx, error=%llx, present=%d, write=%d\n",
      |                                                          ~~~^
      |                                                             |
      |                                                             long long unsigned int
      |                                                          %lx
In file included from arch/x86_64/kernel/idt.c:2:
include/kernel.h:19:22: warning: format ‘%llx’ expects argument of type ‘long long unsigned int’, but argument 2 has type ‘uint64_t’ {aka ‘long unsigned int’} [-Wformat=]
   19 | #define KERN_ERR     "<3>"
      |                      ^~~~~
arch/x86_64/kernel/idt.c:78:12: note: in expansion of macro ‘KERN_ERR’
   78 |     printk(KERN_ERR "CS=%llx RFLAGS=%llx RSP=%llx SS=%llx\n",
      |            ^~~~~~~~
arch/x86_64/kernel/idt.c:78:28: note: format string is defined here
   78 |     printk(KERN_ERR "CS=%llx RFLAGS=%llx RSP=%llx SS=%llx\n",
      |                         ~~~^
      |                            |
      |                            long long unsigned int
      |                         %lx
In file included from arch/x86_64/kernel/idt.c:2:
include/kernel.h:19:22: warning: format ‘%llx’ expects argument of type ‘long long unsigned int’, but argument 3 has type ‘uint64_t’ {aka ‘long unsigned int’} [-Wformat=]
   19 | #define KERN_ERR     "<3>"
      |                      ^~~~~
arch/x86_64/kernel/idt.c:78:12: note: in expansion of macro ‘KERN_ERR’
   78 |     printk(KERN_ERR "CS=%llx RFLAGS=%llx RSP=%llx SS=%llx\n",
      |            ^~~~~~~~
arch/x86_64/kernel/idt.c:78:40: note: format string is defined here
   78 |     printk(KERN_ERR "CS=%llx RFLAGS=%llx RSP=%llx SS=%llx\n",
      |                                     ~~~^
      |                                        |
      |                                        long long unsigned int
      |                                     %lx
In file included from arch/x86_64/kernel/idt.c:2:
include/kernel.h:19:22: warning: format ‘%llx’ expects argument of type ‘long long unsigned int’, but argument 4 has type ‘uint64_t’ {aka ‘long unsigned int’} [-Wformat=]
   19 | #define KERN_ERR     "<3>"
      |                      ^~~~~
arch/x86_64/kernel/idt.c:78:12: note: in expansion of macro ‘KERN_ERR’
   78 |     printk(KERN_ERR "CS=%llx RFLAGS=%llx RSP=%llx SS=%llx\n",
      |            ^~~~~~~~
arch/x86_64/kernel/idt.c:78:49: note: format string is defined here
   78 |     printk(KERN_ERR "CS=%llx RFLAGS=%llx RSP=%llx SS=%llx\n",
      |                                              ~~~^
      |                                                 |
      |                                                 long long unsigned int
      |                                              %lx
In file included from arch/x86_64/kernel/idt.c:2:
include/kernel.h:19:22: warning: format ‘%llx’ expects argument of type ‘long long unsigned int’, but argument 5 has type ‘uint64_t’ {aka ‘long unsigned int’} [-Wformat=]
   19 | #define KERN_ERR     "<3>"
      |                      ^~~~~
arch/x86_64/kernel/idt.c:78:12: note: in expansion of macro ‘KERN_ERR’
   78 |     printk(KERN_ERR "CS=%llx RFLAGS=%llx RSP=%llx SS=%llx\n",
      |            ^~~~~~~~
arch/x86_64/kernel/idt.c:78:57: note: format string is defined here
   78 |     printk(KERN_ERR "CS=%llx RFLAGS=%llx RSP=%llx SS=%llx\n",
      |                                                      ~~~^
      |                                                         |
      |                                                         long long unsigned int
      |                                                      %lx
arch/x86_64/kernel/idt.c:82:109: warning: operand of ‘?:’ changes signedness from ‘int’ to ‘uint32_t’ {aka ‘unsigned int’} due to unsignedness of other operand [-Wsign-compare]
   82 |     printk(KERN_ERR "PF: cur_task=%p pid=%d state=%d kstack=%lx cr3=%lx\n", (void*)proc, proc ? proc->pid : -1, proc ? proc->state : -1, proc ? proc->kstack : 0, proc ? proc->cr3 : 0);
      |                                                                                                             ^~
In file included from arch/x86_64/kernel/idt.c:2:
arch/x86_64/kernel/idt.c: In function ‘isr_handler’:
include/kernel.h:19:22: warning: format ‘%llx’ expects argument of type ‘long long unsigned int’, but argument 2 has type ‘uint64_t’ {aka ‘long unsigned int’} [-Wformat=]
   19 | #define KERN_ERR     "<3>"
      |                      ^~~~~
arch/x86_64/kernel/idt.c:101:16: note: in expansion of macro ‘KERN_ERR’
  101 |         printk(KERN_ERR "EXCEPTION: %llx, ERR_CODE: %llx\n", regs->int_no, regs->err_code);
      |                ^~~~~~~~
arch/x86_64/kernel/idt.c:101:40: note: format string is defined here
  101 |         printk(KERN_ERR "EXCEPTION: %llx, ERR_CODE: %llx\n", regs->int_no, regs->err_code);
      |                                     ~~~^
      |                                        |
      |                                        long long unsigned int
      |                                     %lx
In file included from arch/x86_64/kernel/idt.c:2:
include/kernel.h:19:22: warning: format ‘%llx’ expects argument of type ‘long long unsigned int’, but argument 3 has type ‘uint64_t’ {aka ‘long unsigned int’} [-Wformat=]
   19 | #define KERN_ERR     "<3>"
      |                      ^~~~~
arch/x86_64/kernel/idt.c:101:16: note: in expansion of macro ‘KERN_ERR’
  101 |         printk(KERN_ERR "EXCEPTION: %llx, ERR_CODE: %llx\n", regs->int_no, regs->err_code);
      |                ^~~~~~~~
arch/x86_64/kernel/idt.c:101:56: note: format string is defined here
  101 |         printk(KERN_ERR "EXCEPTION: %llx, ERR_CODE: %llx\n", regs->int_no, regs->err_code);
      |                                                     ~~~^
      |                                                        |
      |                                                        long long unsigned int
      |                                                     %lx
In file included from arch/x86_64/kernel/idt.c:2:
include/kernel.h:19:22: warning: format ‘%llx’ expects argument of type ‘long long unsigned int’, but argument 2 has type ‘uint64_t’ {aka ‘long unsigned int’} [-Wformat=]
   19 | #define KERN_ERR     "<3>"
      |                      ^~~~~
arch/x86_64/kernel/idt.c:102:16: note: in expansion of macro ‘KERN_ERR’
  102 |         printk(KERN_ERR "RIP: %llx, CR2: %llx\n", regs->rip, cr2);
      |                ^~~~~~~~
arch/x86_64/kernel/idt.c:102:34: note: format string is defined here
  102 |         printk(KERN_ERR "RIP: %llx, CR2: %llx\n", regs->rip, cr2);
      |                               ~~~^
      |                                  |
      |                                  long long unsigned int
      |                               %lx
In file included from arch/x86_64/kernel/idt.c:2:
include/kernel.h:19:22: warning: format ‘%llx’ expects argument of type ‘long long unsigned int’, but argument 3 has type ‘uint64_t’ {aka ‘long unsigned int’} [-Wformat=]
   19 | #define KERN_ERR     "<3>"
      |                      ^~~~~
arch/x86_64/kernel/idt.c:102:16: note: in expansion of macro ‘KERN_ERR’
  102 |         printk(KERN_ERR "RIP: %llx, CR2: %llx\n", regs->rip, cr2);
      |                ^~~~~~~~
arch/x86_64/kernel/idt.c:102:45: note: format string is defined here
  102 |         printk(KERN_ERR "RIP: %llx, CR2: %llx\n", regs->rip, cr2);
      |                                          ~~~^
      |                                             |
      |                                             long long unsigned int
      |                                          %lx
In file included from include/pmm.h:4,
                 from arch/x86_64/mm/pmm.c:1:
include/types.h:34: warning: "offsetof" redefined
   34 | #define offsetof(type, member) ((size_t)&((type *)0)->member)
      | 
In file included from include/types.h:7,
                 from include/pmm.h:4,
                 from arch/x86_64/mm/pmm.c:1:
/usr/lib/gcc/x86_64-linux-gnu/11/include/stddef.h:406: note: this is the location of the previous definition
  406 | #define offsetof(TYPE, MEMBER) __builtin_offsetof (TYPE, MEMBER)
      | 
In file included from arch/x86_64/mm/pmm.c:3:
arch/x86_64/mm/pmm.c: In function ‘pmm_init’:
include/kernel.h:22:22: warning: format ‘%llx’ expects argument of type ‘long long unsigned int’, but argument 2 has type ‘uint64_t’ {aka ‘long unsigned int’} [-Wformat=]
   22 | #define KERN_INFO    "<6>"
      |                      ^~~~~
arch/x86_64/mm/pmm.c:54:12: note: in expansion of macro ‘KERN_INFO’
   54 |     printk(KERN_INFO "PMM init start with mb2_info_ptr=0x%llx\n", mb2_info_ptr);
      |            ^~~~~~~~~
arch/x86_64/mm/pmm.c:54:61: note: format string is defined here
   54 |     printk(KERN_INFO "PMM init start with mb2_info_ptr=0x%llx\n", mb2_info_ptr);
      |                                                          ~~~^
      |                                                             |
      |                                                             long long unsigned int
      |                                                          %lx
In file included from arch/x86_64/mm/pmm.c:3:
include/kernel.h:22:22: warning: format ‘%llx’ expects argument of type ‘long long unsigned int’, but argument 2 has type ‘uint64_t’ {aka ‘long unsigned int’} [-Wformat=]
   22 | #define KERN_INFO    "<6>"
      |                      ^~~~~
arch/x86_64/mm/pmm.c:154:12: note: in expansion of macro ‘KERN_INFO’
  154 |     printk(KERN_INFO "PMM initialized: %llx blocks total, %llx blocks used, %d zones\n",
      |            ^~~~~~~~~
arch/x86_64/mm/pmm.c:154:43: note: format string is defined here
  154 |     printk(KERN_INFO "PMM initialized: %llx blocks total, %llx blocks used, %d zones\n",
      |                                        ~~~^
      |                                           |
      |                                           long long unsigned int
      |                                        %lx
In file included from arch/x86_64/mm/pmm.c:3:
include/kernel.h:22:22: warning: format ‘%llx’ expects argument of type ‘long long unsigned int’, but argument 3 has type ‘uint64_t’ {aka ‘long unsigned int’} [-Wformat=]
   22 | #define KERN_INFO    "<6>"
      |                      ^~~~~
arch/x86_64/mm/pmm.c:154:12: note: in expansion of macro ‘KERN_INFO’
  154 |     printk(KERN_INFO "PMM initialized: %llx blocks total, %llx blocks used, %d zones\n",
      |            ^~~~~~~~~
arch/x86_64/mm/pmm.c:154:62: note: format string is defined here
  154 |     printk(KERN_INFO "PMM initialized: %llx blocks total, %llx blocks used, %d zones\n",
      |                                                           ~~~^
      |                                                              |
      |                                                              long long unsigned int
      |                                                           %lx
In file included from arch/x86_64/mm/pmm.c:3:
include/kernel.h:23:22: warning: format ‘%llx’ expects argument of type ‘long long unsigned int’, but argument 3 has type ‘uint64_t’ {aka ‘long unsigned int’} [-Wformat=]
   23 | #define KERN_DEBUG   "<7>"
      |                      ^~~~~
arch/x86_64/mm/pmm.c:157:16: note: in expansion of macro ‘KERN_DEBUG’
  157 |         printk(KERN_DEBUG "PMM zone %s: %llx blocks (%llx free)\n",
      |                ^~~~~~~~~~
arch/x86_64/mm/pmm.c:157:44: note: format string is defined here
  157 |         printk(KERN_DEBUG "PMM zone %s: %llx blocks (%llx free)\n",
      |                                         ~~~^
      |                                            |
      |                                            long long unsigned int
      |                                         %lx
In file included from arch/x86_64/mm/pmm.c:3:
include/kernel.h:23:22: warning: format ‘%llx’ expects argument of type ‘long long unsigned int’, but argument 4 has type ‘uint64_t’ {aka ‘long unsigned int’} [-Wformat=]
   23 | #define KERN_DEBUG   "<7>"
      |                      ^~~~~
arch/x86_64/mm/pmm.c:157:16: note: in expansion of macro ‘KERN_DEBUG’
  157 |         printk(KERN_DEBUG "PMM zone %s: %llx blocks (%llx free)\n",
      |                ^~~~~~~~~~
arch/x86_64/mm/pmm.c:157:57: note: format string is defined here
  157 |         printk(KERN_DEBUG "PMM zone %s: %llx blocks (%llx free)\n",
      |                                                      ~~~^
      |                                                         |
      |                                                         long long unsigned int
      |                                                      %lx
x86_64-linux-gnu-gcc -Wall -Wextra -ffreestanding -mcmodel=kernel -mno-red-zone -mno-mmx -mno-sse -mno-sse2 -fno-pic -fno-pie -O2 -Iinclude -MMD -DSHADOWBOX_VERSION=\"973cde5-dirty\" -fno-stack-protector -c arch/x86_64/mm/vmm.c -o arch/x86_64/mm/vmm.o
In file included from include/vmm.h:4,
                 from arch/x86_64/mm/vmm.c:1:
include/types.h:34: warning: "offsetof" redefined
   34 | #define offsetof(type, member) ((size_t)&((type *)0)->member)
      | 
In file included from include/types.h:7,
                 from include/vmm.h:4,
                 from arch/x86_64/mm/vmm.c:1:
/usr/lib/gcc/x86_64-linux-gnu/11/include/stddef.h:406: note: this is the location of the previous definition
  406 | #define offsetof(TYPE, MEMBER) __builtin_offsetof (TYPE, MEMBER)
      | 
x86_64-linux-gnu-gcc -Wall -Wextra -ffreestanding -mcmodel=kernel -mno-red-zone -mno-mmx -mno-sse -mno-sse2 -fno-pic -fno-pie -O2 -Iinclude -MMD -DSHADOWBOX_VERSION=\"973cde5-dirty\" -fno-stack-protector -c arch/x86_64/mm/buddy.c -o arch/x86_64/mm/buddy.o
In file included from include/buddy.h:4,
                 from arch/x86_64/mm/buddy.c:1:
include/types.h:34: warning: "offsetof" redefined
   34 | #define offsetof(type, member) ((size_t)&((type *)0)->member)
      | 
In file included from include/types.h:7,
                 from include/buddy.h:4,
                 from arch/x86_64/mm/buddy.c:1:
/usr/lib/gcc/x86_64-linux-gnu/11/include/stddef.h:406: note: this is the location of the previous definition
  406 | #define offsetof(TYPE, MEMBER) __builtin_offsetof (TYPE, MEMBER)
      | 
In file included from arch/x86_64/mm/buddy.c:2:
arch/x86_64/mm/buddy.c: In function ‘buddy_init’:
include/kernel.h:22:22: warning: format ‘%llu’ expects argument of type ‘long long unsigned int’, but argument 2 has type ‘uint64_t’ {aka ‘long unsigned int’} [-Wformat=]
   22 | #define KERN_INFO    "<6>"
      |                      ^~~~~
arch/x86_64/mm/buddy.c:41:12: note: in expansion of macro ‘KERN_INFO’
   41 |     printk(KERN_INFO "BUDDY: initialized with %llu pages free\n", free_page_count);
      |            ^~~~~~~~~
arch/x86_64/mm/buddy.c:41:50: note: format string is defined here
   41 |     printk(KERN_INFO "BUDDY: initialized with %llu pages free\n", free_page_count);
      |                                               ~~~^
      |                                                  |
      |                                                  long long unsigned int
      |                                               %lu
arch/x86_64/mm/buddy.c: In function ‘buddy_alloc’:
arch/x86_64/mm/buddy.c:74:26: warning: comparison of integer expressions of different signedness: ‘int’ and ‘unsigned int’ [-Wsign-compare]
   74 |     while (current_order > order) {
      |                          ^
arch/x86_64/mm/buddy.c: In function ‘buddy_free’:
arch/x86_64/mm/buddy.c:100:42: warning: comparison of integer expressions of different signedness: ‘unsigned int’ and ‘int’ [-Wsign-compare]
  100 |         if (!buddy->free || buddy->order != current_order) break;
      |                                          ^~
x86_64-linux-gnu-gcc -Wall -Wextra -ffreestanding -mcmodel=kernel -mno-red-zone -mno-mmx -mno-sse -mno-sse2 -fno-pic -fno-pie -O2 -Iinclude -MMD -DSHADOWBOX_VERSION=\"973cde5-dirty\" -fno-stack-protector -c arch/x86_64/mm/malloc.c -o arch/x86_64/mm/malloc.o
x86_64-linux-gnu-gcc -Wall -Wextra -ffreestanding -mcmodel=kernel -mno-red-zone -mno-mmx -mno-sse -mno-sse2 -fno-pic -fno-pie -O2 -Iinclude -MMD -DSHADOWBOX_VERSION=\"973cde5-dirty\" -fno-stack-protector -c arch/x86_64/mm/aslr.c -o arch/x86_64/mm/aslr.o
In file included from include/malloc.h:4,
                 from arch/x86_64/mm/malloc.c:2:
include/types.h:34: warning: "offsetof" redefined
   34 | #define offsetof(type, member) ((size_t)&((type *)0)->member)
      | 
In file included from include/types.h:7,
                 from include/malloc.h:4,
                 from arch/x86_64/mm/malloc.c:2:
/usr/lib/gcc/x86_64-linux-gnu/11/include/stddef.h:406: note: this is the location of the previous definition
  406 | #define offsetof(TYPE, MEMBER) __builtin_offsetof (TYPE, MEMBER)
      | 
In file included from include/aslr.h:4,
                 from arch/x86_64/mm/aslr.c:1:
include/types.h:34: warning: "offsetof" redefined
   34 | #define offsetof(type, member) ((size_t)&((type *)0)->member)
      | 
In file included from include/types.h:7,
                 from include/aslr.h:4,
                 from arch/x86_64/mm/aslr.c:1:
/usr/lib/gcc/x86_64-linux-gnu/11/include/stddef.h:406: note: this is the location of the previous definition
  406 | #define offsetof(TYPE, MEMBER) __builtin_offsetof (TYPE, MEMBER)
      | 
In file included from arch/x86_64/mm/aslr.c:2:
arch/x86_64/mm/aslr.c: In function ‘aslr_init’:
include/kernel.h:22:22: warning: format ‘%llx’ expects argument of type ‘long long unsigned int’, but argument 2 has type ‘uint64_t’ {aka ‘long unsigned int’} [-Wformat=]
   22 | #define KERN_INFO    "<6>"
      |                      ^~~~~
arch/x86_64/mm/aslr.c:48:12: note: in expansion of macro ‘KERN_INFO’
   48 |     printk(KERN_INFO "ASLR: initialized (kernel offset = %llx)\n", kernel_offset);
      |            ^~~~~~~~~
arch/x86_64/mm/aslr.c:48:61: note: format string is defined here
   48 |     printk(KERN_INFO "ASLR: initialized (kernel offset = %llx)\n", kernel_offset);
      |                                                          ~~~^
      |                                                             |
      |                                                             long long unsigned int
      |                                                          %lx
x86_64-linux-gnu-gcc -Wall -Wextra -ffreestanding -mcmodel=kernel -mno-red-zone -mno-mmx -mno-sse -mno-sse2 -fno-pic -fno-pie -O2 -Iinclude -MMD -DSHADOWBOX_VERSION=\"973cde5-dirty\" -fno-stack-protector -c arch/x86_64/mm/smep_smap.c -o arch/x86_64/mm/smep_smap.o
In file included from include/aslr.h:4,
                 from arch/x86_64/mm/smep_smap.c:1:
include/types.h:34: warning: "offsetof" redefined
   34 | #define offsetof(type, member) ((size_t)&((type *)0)->member)
      | 
In file included from include/types.h:7,
                 from include/aslr.h:4,
                 from arch/x86_64/mm/smep_smap.c:1:
/usr/lib/gcc/x86_64-linux-gnu/11/include/stddef.h:406: note: this is the location of the previous definition
  406 | #define offsetof(TYPE, MEMBER) __builtin_offsetof (TYPE, MEMBER)
      | 
x86_64-linux-gnu-gcc -Wall -Wextra -ffreestanding -mcmodel=kernel -mno-red-zone -mno-mmx -mno-sse -mno-sse2 -fno-pic -fno-pie -O2 -Iinclude -MMD -DSHADOWBOX_VERSION=\"973cde5-dirty\" -fno-stack-protector -c arch/x86_64/drivers/acpi.c -o arch/x86_64/drivers/acpi.o
x86_64-linux-gnu-gcc -Wall -Wextra -ffreestanding -mcmodel=kernel -mno-red-zone -mno-mmx -mno-sse -mno-sse2 -fno-pic -fno-pie -O2 -Iinclude -MMD -DSHADOWBOX_VERSION=\"973cde5-dirty\" -fno-stack-protector -c arch/x86_64/drivers/ahci.c -o arch/x86_64/drivers/ahci.o
In file included from include/acpi.h:4,
                 from arch/x86_64/drivers/acpi.c:1:
include/types.h:34: warning: "offsetof" redefined
   34 | #define offsetof(type, member) ((size_t)&((type *)0)->member)
      | 
In file included from include/types.h:7,
                 from include/acpi.h:4,
                 from arch/x86_64/drivers/acpi.c:1:
/usr/lib/gcc/x86_64-linux-gnu/11/include/stddef.h:406: note: this is the location of the previous definition
  406 | #define offsetof(TYPE, MEMBER) __builtin_offsetof (TYPE, MEMBER)
      | 
In file included from include/ahci.h:4,
                 from arch/x86_64/drivers/ahci.c:1:
include/types.h:34: warning: "offsetof" redefined
   34 | #define offsetof(type, member) ((size_t)&((type *)0)->member)
      | 
In file included from include/types.h:7,
                 from include/ahci.h:4,
                 from arch/x86_64/drivers/ahci.c:1:
/usr/lib/gcc/x86_64-linux-gnu/11/include/stddef.h:406: note: this is the location of the previous definition
  406 | #define offsetof(TYPE, MEMBER) __builtin_offsetof (TYPE, MEMBER)
      | 
arch/x86_64/drivers/ahci.c: In function ‘port_rebase’:
arch/x86_64/drivers/ahci.c:53:45: warning: unused parameter ‘portno’ [-Wunused-parameter]
   53 | static void port_rebase(HBA_PORT *port, int portno) {
      |                                         ~~~~^~~~~~
arch/x86_64/drivers/ahci.c: In function ‘ahci_init’:
arch/x86_64/drivers/ahci.c:249:38: warning: assignment to ‘int (*)(struct block_device *, uint64_t,  uint32_t,  void *)’ {aka ‘int (*)(struct block_device *, long unsigned int,  unsigned int,  void *)’} from incompatible pointer type ‘int (*)(block_device_t *, uint64_t,  uint32_t,  const void *)’ {aka ‘int (*)(struct block_device *, long unsigned int,  unsigned int,  const void *)’} [-Wincompatible-pointer-types]
  249 |                 ahci_dev.write_block = ahci_write;
      |                                      ^
x86_64-linux-gnu-gcc -Wall -Wextra -ffreestanding -mcmodel=kernel -mno-red-zone -mno-mmx -mno-sse -mno-sse2 -fno-pic -fno-pie -O2 -Iinclude -MMD -DSHADOWBOX_VERSION=\"973cde5-dirty\" -fno-stack-protector -c arch/x86_64/drivers/apic.c -o arch/x86_64/drivers/apic.o
x86_64-linux-gnu-gcc -Wall -Wextra -ffreestanding -mcmodel=kernel -mno-red-zone -mno-mmx -mno-sse -mno-sse2 -fno-pic -fno-pie -O2 -Iinclude -MMD -DSHADOWBOX_VERSION=\"973cde5-dirty\" -fno-stack-protector -c arch/x86_64/drivers/e1000.c -o arch/x86_64/drivers/e1000.o
In file included from include/apic.h:4,
                 from arch/x86_64/drivers/apic.c:1:
include/types.h:34: warning: "offsetof" redefined
   34 | #define offsetof(type, member) ((size_t)&((type *)0)->member)
      | 
In file included from include/types.h:7,
                 from include/apic.h:4,
                 from arch/x86_64/drivers/apic.c:1:
/usr/lib/gcc/x86_64-linux-gnu/11/include/stddef.h:406: note: this is the location of the previous definition
  406 | #define offsetof(TYPE, MEMBER) __builtin_offsetof (TYPE, MEMBER)
      | 
In file included from include/e1000.h:4,
                 from arch/x86_64/drivers/e1000.c:1:
include/types.h:34: warning: "offsetof" redefined
   34 | #define offsetof(type, member) ((size_t)&((type *)0)->member)
      | 
In file included from include/types.h:7,
                 from include/e1000.h:4,
                 from arch/x86_64/drivers/e1000.c:1:
/usr/lib/gcc/x86_64-linux-gnu/11/include/stddef.h:406: note: this is the location of the previous definition
  406 | #define offsetof(TYPE, MEMBER) __builtin_offsetof (TYPE, MEMBER)
      | 
arch/x86_64/drivers/e1000.c: In function ‘e1000_send_packet’:
arch/x86_64/drivers/e1000.c:46:23: warning: comparison of integer expressions of different signedness: ‘int’ and ‘uint32_t’ {aka ‘unsigned int’} [-Wsign-compare]
   46 |     for (int i = 0; i < len; i++)
      |                       ^
x86_64-linux-gnu-gcc -Wall -Wextra -ffreestanding -mcmodel=kernel -mno-red-zone -mno-mmx -mno-sse -mno-sse2 -fno-pic -fno-pie -O2 -Iinclude -MMD -DSHADOWBOX_VERSION=\"973cde5-dirty\" -fno-stack-protector -c arch/x86_64/drivers/fb.c -o arch/x86_64/drivers/fb.o
x86_64-linux-gnu-gcc -Wall -Wextra -ffreestanding -mcmodel=kernel -mno-red-zone -mno-mmx -mno-sse -mno-sse2 -fno-pic -fno-pie -O2 -Iinclude -MMD -DSHADOWBOX_VERSION=\"973cde5-dirty\" -fno-stack-protector -c arch/x86_64/drivers/fb_double.c -o arch/x86_64/drivers/fb_double.o
In file included from include/fb.h:4,
                 from arch/x86_64/drivers/fb.c:1:
include/types.h:34: warning: "offsetof" redefined
   34 | #define offsetof(type, member) ((size_t)&((type *)0)->member)
      | 
In file included from include/types.h:7,
                 from include/fb.h:4,
                 from arch/x86_64/drivers/fb.c:1:
/usr/lib/gcc/x86_64-linux-gnu/11/include/stddef.h:406: note: this is the location of the previous definition
  406 | #define offsetof(TYPE, MEMBER) __builtin_offsetof (TYPE, MEMBER)
      | 
arch/x86_64/drivers/fb.c:86: warning: "FONT_H" redefined
   86 | #define FONT_H 16
      | 
In file included from arch/x86_64/drivers/fb.c:2:
include/font.h:2: note: this is the location of the previous definition
    2 | #define FONT_H
      | 
x86_64-linux-gnu-gcc -Wall -Wextra -ffreestanding -mcmodel=kernel -mno-red-zone -mno-mmx -mno-sse -mno-sse2 -fno-pic -fno-pie -O2 -Iinclude -MMD -DSHADOWBOX_VERSION=\"973cde5-dirty\" -fno-stack-protector -c arch/x86_64/drivers/hda.c -o arch/x86_64/drivers/hda.o
In file included from include/fb_double.h:4,
                 from arch/x86_64/drivers/fb_double.c:1:
include/types.h:34: warning: "offsetof" redefined
   34 | #define offsetof(type, member) ((size_t)&((type *)0)->member)
      | 
In file included from include/types.h:7,
                 from include/fb_double.h:4,
                 from arch/x86_64/drivers/fb_double.c:1:
/usr/lib/gcc/x86_64-linux-gnu/11/include/stddef.h:406: note: this is the location of the previous definition
  406 | #define offsetof(TYPE, MEMBER) __builtin_offsetof (TYPE, MEMBER)
      | 
In file included from include/hda.h:4,
                 from arch/x86_64/drivers/hda.c:1:
include/types.h:34: warning: "offsetof" redefined
   34 | #define offsetof(type, member) ((size_t)&((type *)0)->member)
      | 
In file included from include/types.h:7,
                 from include/hda.h:4,
                 from arch/x86_64/drivers/hda.c:1:
/usr/lib/gcc/x86_64-linux-gnu/11/include/stddef.h:406: note: this is the location of the previous definition
  406 | #define offsetof(TYPE, MEMBER) __builtin_offsetof (TYPE, MEMBER)
      | 
x86_64-linux-gnu-gcc -Wall -Wextra -ffreestanding -mcmodel=kernel -mno-red-zone -mno-mmx -mno-sse -mno-sse2 -fno-pic -fno-pie -O2 -Iinclude -MMD -DSHADOWBOX_VERSION=\"973cde5-dirty\" -fno-stack-protector -c arch/x86_64/drivers/keyboard.c -o arch/x86_64/drivers/keyboard.o
x86_64-linux-gnu-gcc -Wall -Wextra -ffreestanding -mcmodel=kernel -mno-red-zone -mno-mmx -mno-sse -mno-sse2 -fno-pic -fno-pie -O2 -Iinclude -MMD -DSHADOWBOX_VERSION=\"973cde5-dirty\" -fno-stack-protector -c arch/x86_64/drivers/mouse.c -o arch/x86_64/drivers/mouse.o
In file included from include/keyboard.h:4,
                 from arch/x86_64/drivers/keyboard.c:1:
include/types.h:34: warning: "offsetof" redefined
   34 | #define offsetof(type, member) ((size_t)&((type *)0)->member)
      | 
In file included from include/types.h:7,
                 from include/keyboard.h:4,
                 from arch/x86_64/drivers/keyboard.c:1:
/usr/lib/gcc/x86_64-linux-gnu/11/include/stddef.h:406: note: this is the location of the previous definition
  406 | #define offsetof(TYPE, MEMBER) __builtin_offsetof (TYPE, MEMBER)
      | 
In file included from include/keyboard.h:4,
                 from arch/x86_64/drivers/mouse.c:1:
include/types.h:34: warning: "offsetof" redefined
   34 | #define offsetof(type, member) ((size_t)&((type *)0)->member)
      | 
In file included from include/types.h:7,
                 from include/keyboard.h:4,
                 from arch/x86_64/drivers/mouse.c:1:
/usr/lib/gcc/x86_64-linux-gnu/11/include/stddef.h:406: note: this is the location of the previous definition
  406 | #define offsetof(TYPE, MEMBER) __builtin_offsetof (TYPE, MEMBER)
      | 
x86_64-linux-gnu-gcc -Wall -Wextra -ffreestanding -mcmodel=kernel -mno-red-zone -mno-mmx -mno-sse -mno-sse2 -fno-pic -fno-pie -O2 -Iinclude -MMD -DSHADOWBOX_VERSION=\"973cde5-dirty\" -fno-stack-protector -c arch/x86_64/drivers/pci.c -o arch/x86_64/drivers/pci.o
In file included from include/pci.h:4,
                 from arch/x86_64/drivers/pci.c:1:
include/types.h:34: warning: "offsetof" redefined
   34 | #define offsetof(type, member) ((size_t)&((type *)0)->member)
      | 
In file included from include/types.h:7,
                 from include/pci.h:4,
                 from arch/x86_64/drivers/pci.c:1:
/usr/lib/gcc/x86_64-linux-gnu/11/include/stddef.h:406: note: this is the location of the previous definition
  406 | #define offsetof(TYPE, MEMBER) __builtin_offsetof (TYPE, MEMBER)
      | 
x86_64-linux-gnu-gcc -Wall -Wextra -ffreestanding -mcmodel=kernel -mno-red-zone -mno-mmx -mno-sse -mno-sse2 -fno-pic -fno-pie -O2 -Iinclude -MMD -DSHADOWBOX_VERSION=\"973cde5-dirty\" -fno-stack-protector -c arch/x86_64/drivers/pic.c -o arch/x86_64/drivers/pic.o
x86_64-linux-gnu-gcc -Wall -Wextra -ffreestanding -mcmodel=kernel -mno-red-zone -mno-mmx -mno-sse -mno-sse2 -fno-pic -fno-pie -O2 -Iinclude -MMD -DSHADOWBOX_VERSION=\"973cde5-dirty\" -fno-stack-protector -c arch/x86_64/drivers/pit.c -o arch/x86_64/drivers/pit.o
In file included from include/pic.h:4,
                 from arch/x86_64/drivers/pic.c:1:
include/types.h:34: warning: "offsetof" redefined
   34 | #define offsetof(type, member) ((size_t)&((type *)0)->member)
      | 
In file included from include/types.h:7,
                 from include/pic.h:4,
                 from arch/x86_64/drivers/pic.c:1:
/usr/lib/gcc/x86_64-linux-gnu/11/include/stddef.h:406: note: this is the location of the previous definition
  406 | #define offsetof(TYPE, MEMBER) __builtin_offsetof (TYPE, MEMBER)
      | 
arch/x86_64/drivers/pic.c: In function ‘pic_init’:
arch/x86_64/drivers/pic.c:22:17: warning: variable ‘a2’ set but not used [-Wunused-but-set-variable]
   22 |     uint8_t a1, a2;
      |                 ^~
arch/x86_64/drivers/pic.c:22:13: warning: variable ‘a1’ set but not used [-Wunused-but-set-variable]
   22 |     uint8_t a1, a2;
      |             ^~
In file included from include/pit.h:4,
                 from arch/x86_64/drivers/pit.c:1:
include/types.h:34: warning: "offsetof" redefined
   34 | #define offsetof(type, member) ((size_t)&((type *)0)->member)
      | 
In file included from include/types.h:7,
                 from include/pit.h:4,
                 from arch/x86_64/drivers/pit.c:1:
/usr/lib/gcc/x86_64-linux-gnu/11/include/stddef.h:406: note: this is the location of the previous definition
  406 | #define offsetof(TYPE, MEMBER) __builtin_offsetof (TYPE, MEMBER)
      | 
x86_64-linux-gnu-gcc -Wall -Wextra -ffreestanding -mcmodel=kernel -mno-red-zone -mno-mmx -mno-sse -mno-sse2 -fno-pic -fno-pie -O2 -Iinclude -MMD -DSHADOWBOX_VERSION=\"973cde5-dirty\" -fno-stack-protector -c arch/x86_64/drivers/rtc.c -o arch/x86_64/drivers/rtc.o
x86_64-linux-gnu-gcc -Wall -Wextra -ffreestanding -mcmodel=kernel -mno-red-zone -mno-mmx -mno-sse -mno-sse2 -fno-pic -fno-pie -O2 -Iinclude -MMD -DSHADOWBOX_VERSION=\"973cde5-dirty\" -fno-stack-protector -c arch/x86_64/drivers/rtl8139.c -o arch/x86_64/drivers/rtl8139.o
x86_64-linux-gnu-gcc -Wall -Wextra -ffreestanding -mcmodel=kernel -mno-red-zone -mno-mmx -mno-sse -mno-sse2 -fno-pic -fno-pie -O2 -Iinclude -MMD -DSHADOWBOX_VERSION=\"973cde5-dirty\" -fno-stack-protector -c arch/x86_64/drivers/serial.c -o arch/x86_64/drivers/serial.o
x86_64-linux-gnu-gcc -Wall -Wextra -ffreestanding -mcmodel=kernel -mno-red-zone -mno-mmx -mno-sse -mno-sse2 -fno-pic -fno-pie -O2 -Iinclude -MMD -DSHADOWBOX_VERSION=\"973cde5-dirty\" -fno-stack-protector -c arch/x86_64/drivers/tickless.c -o arch/x86_64/drivers/tickless.o
In file included from include/rtc.h:4,
                 from arch/x86_64/drivers/rtc.c:1:
include/types.h:34: warning: "offsetof" redefined
   34 | #define offsetof(type, member) ((size_t)&((type *)0)->member)
      | 
In file included from include/types.h:7,
                 from include/rtc.h:4,
                 from arch/x86_64/drivers/rtc.c:1:
/usr/lib/gcc/x86_64-linux-gnu/11/include/stddef.h:406: note: this is the location of the previous definition
  406 | #define offsetof(TYPE, MEMBER) __builtin_offsetof (TYPE, MEMBER)
      | 
In file included from include/rtl8139.h:4,
                 from arch/x86_64/drivers/rtl8139.c:1:
include/types.h:34: warning: "offsetof" redefined
   34 | #define offsetof(type, member) ((size_t)&((type *)0)->member)
      | 
In file included from include/types.h:7,
                 from include/rtl8139.h:4,
                 from arch/x86_64/drivers/rtl8139.c:1:
/usr/lib/gcc/x86_64-linux-gnu/11/include/stddef.h:406: note: this is the location of the previous definition
  406 | #define offsetof(TYPE, MEMBER) __builtin_offsetof (TYPE, MEMBER)
      | 
In file included from arch/x86_64/drivers/serial.c:1:
include/types.h:34: warning: "offsetof" redefined
   34 | #define offsetof(type, member) ((size_t)&((type *)0)->member)
      | 
In file included from include/types.h:7,
                 from arch/x86_64/drivers/serial.c:1:
/usr/lib/gcc/x86_64-linux-gnu/11/include/stddef.h:406: note: this is the location of the previous definition
  406 | #define offsetof(TYPE, MEMBER) __builtin_offsetof (TYPE, MEMBER)
      | 
In file included from include/apic.h:4,
                 from arch/x86_64/drivers/tickless.c:6:
include/types.h:34: warning: "offsetof" redefined
   34 | #define offsetof(type, member) ((size_t)&((type *)0)->member)
      | 
In file included from include/types.h:7,
                 from include/apic.h:4,
                 from arch/x86_64/drivers/tickless.c:6:
/usr/lib/gcc/x86_64-linux-gnu/11/include/stddef.h:406: note: this is the location of the previous definition
  406 | #define offsetof(TYPE, MEMBER) __builtin_offsetof (TYPE, MEMBER)
      | 
x86_64-linux-gnu-gcc -Wall -Wextra -ffreestanding -mcmodel=kernel -mno-red-zone -mno-mmx -mno-sse -mno-sse2 -fno-pic -fno-pie -O2 -Iinclude -MMD -DSHADOWBOX_VERSION=\"973cde5-dirty\" -fno-stack-protector -c arch/x86_64/drivers/tty.c -o arch/x86_64/drivers/tty.o
x86_64-linux-gnu-gcc -Wall -Wextra -ffreestanding -mcmodel=kernel -mno-red-zone -mno-mmx -mno-sse -mno-sse2 -fno-pic -fno-pie -O2 -Iinclude -MMD -DSHADOWBOX_VERSION=\"973cde5-dirty\" -fno-stack-protector -c arch/x86_64/drivers/usb.c -o arch/x86_64/drivers/usb.o
x86_64-linux-gnu-gcc -Wall -Wextra -ffreestanding -mcmodel=kernel -mno-red-zone -mno-mmx -mno-sse -mno-sse2 -fno-pic -fno-pie -O2 -Iinclude -MMD -DSHADOWBOX_VERSION=\"973cde5-dirty\" -fno-stack-protector -c arch/x86_64/drivers/virtio_net.c -o arch/x86_64/drivers/virtio_net.o
In file included from include/vfs.h:4,
                 from include/tty.h:4,
                 from arch/x86_64/drivers/tty.c:1:
include/types.h:34: warning: "offsetof" redefined
   34 | #define offsetof(type, member) ((size_t)&((type *)0)->member)
      | 
In file included from include/types.h:7,
                 from include/vfs.h:4,
                 from include/tty.h:4,
                 from arch/x86_64/drivers/tty.c:1:
/usr/lib/gcc/x86_64-linux-gnu/11/include/stddef.h:406: note: this is the location of the previous definition
  406 | #define offsetof(TYPE, MEMBER) __builtin_offsetof (TYPE, MEMBER)
      | 
arch/x86_64/drivers/tty.c: In function ‘tty_init’:
arch/x86_64/drivers/tty.c:102:21: warning: assignment to ‘write_type_t’ {aka ‘unsigned int (*)(struct vfs_node *, unsigned int,  unsigned int,  unsigned char *)’} from incompatible pointer type ‘uint32_t (*)(vfs_node_t *, uint32_t,  uint32_t,  const uint8_t *)’ {aka ‘unsigned int (*)(struct vfs_node *, unsigned int,  unsigned int,  const unsigned char *)’} [-Wincompatible-pointer-types]
  102 |     tty_node->write = tty_write;
      |                     ^
In file included from include/usb.h:4,
                 from arch/x86_64/drivers/usb.c:1:
include/types.h:34: warning: "offsetof" redefined
   34 | #define offsetof(type, member) ((size_t)&((type *)0)->member)
      | 
In file included from include/types.h:7,
                 from include/usb.h:4,
                 from arch/x86_64/drivers/usb.c:1:
/usr/lib/gcc/x86_64-linux-gnu/11/include/stddef.h:406: note: this is the location of the previous definition
  406 | #define offsetof(TYPE, MEMBER) __builtin_offsetof (TYPE, MEMBER)
      | 
In file included from include/virtio_net.h:4,
                 from arch/x86_64/drivers/virtio_net.c:1:
include/types.h:34: warning: "offsetof" redefined
   34 | #define offsetof(type, member) ((size_t)&((type *)0)->member)
      | 
In file included from include/types.h:7,
                 from include/virtio_net.h:4,
                 from arch/x86_64/drivers/virtio_net.c:1:
/usr/lib/gcc/x86_64-linux-gnu/11/include/stddef.h:406: note: this is the location of the previous definition
  406 | #define offsetof(TYPE, MEMBER) __builtin_offsetof (TYPE, MEMBER)
      | 
In file included from arch/x86_64/drivers/usb.c:2:
arch/x86_64/drivers/usb.c: In function ‘usb_init’:
include/kernel.h:22:22: warning: format ‘%llx’ expects argument of type ‘long long unsigned int’, but argument 2 has type ‘uint64_t’ {aka ‘long unsigned int’} [-Wformat=]
   22 | #define KERN_INFO    "<6>"
      |                      ^~~~~
arch/x86_64/drivers/usb.c:37:28: note: in expansion of macro ‘KERN_INFO’
   37 |                     printk(KERN_INFO "USB: xHCI Base Address (MMIO): 0x%llx\n", bar0);
      |                            ^~~~~~~~~
arch/x86_64/drivers/usb.c:37:75: note: format string is defined here
   37 |                     printk(KERN_INFO "USB: xHCI Base Address (MMIO): 0x%llx\n", bar0);
      |                                                                        ~~~^
      |                                                                           |
      |                                                                           long long unsigned int
      |                                                                        %lx
In file included from arch/x86_64/drivers/usb.c:2:
include/kernel.h:22:22: warning: format ‘%llx’ expects argument of type ‘long long unsigned int’, but argument 2 has type ‘uint64_t’ {aka ‘long unsigned int’} [-Wformat=]
   22 | #define KERN_INFO    "<6>"
      |                      ^~~~~
arch/x86_64/drivers/usb.c:65:28: note: in expansion of macro ‘KERN_INFO’
   65 |                     printk(KERN_INFO "USB: xHCI DCBAA (0x%llx) and Command Ring (0x%llx) initialized\n", dcbaa_phys, cmd_ring_phys);
      |                            ^~~~~~~~~
arch/x86_64/drivers/usb.c:65:61: note: format string is defined here
   65 |                     printk(KERN_INFO "USB: xHCI DCBAA (0x%llx) and Command Ring (0x%llx) initialized\n", dcbaa_phys, cmd_ring_phys);
      |                                                          ~~~^
      |                                                             |
      |                                                             long long unsigned int
      |                                                          %lx
In file included from arch/x86_64/drivers/usb.c:2:
include/kernel.h:22:22: warning: format ‘%llx’ expects argument of type ‘long long unsigned int’, but argument 3 has type ‘uint64_t’ {aka ‘long unsigned int’} [-Wformat=]
   22 | #define KERN_INFO    "<6>"
      |                      ^~~~~
arch/x86_64/drivers/usb.c:65:28: note: in expansion of macro ‘KERN_INFO’
   65 |                     printk(KERN_INFO "USB: xHCI DCBAA (0x%llx) and Command Ring (0x%llx) initialized\n", dcbaa_phys, cmd_ring_phys);
      |                            ^~~~~~~~~
arch/x86_64/drivers/usb.c:65:87: note: format string is defined here
   65 |                     printk(KERN_INFO "USB: xHCI DCBAA (0x%llx) and Command Ring (0x%llx) initialized\n", dcbaa_phys, cmd_ring_phys);
      |                                                                                    ~~~^
      |                                                                                       |
      |                                                                                       long long unsigned int
      |                                                                                    %lx
x86_64-linux-gnu-gcc -Wall -Wextra -ffreestanding -mcmodel=kernel -mno-red-zone -mno-mmx -mno-sse -mno-sse2 -fno-pic -fno-pie -O2 -Iinclude -MMD -DSHADOWBOX_VERSION=\"973cde5-dirty\" -fno-stack-protector -c kernel/trackpad.c -o kernel/trackpad.o
In file included from include/trackpad.h:4,
                 from kernel/trackpad.c:1:
include/types.h:34: warning: "offsetof" redefined
   34 | #define offsetof(type, member) ((size_t)&((type *)0)->member)
      | 
In file included from include/types.h:7,
                 from include/trackpad.h:4,
                 from kernel/trackpad.c:1:
/usr/lib/gcc/x86_64-linux-gnu/11/include/stddef.h:406: note: this is the location of the previous definition
  406 | #define offsetof(TYPE, MEMBER) __builtin_offsetof (TYPE, MEMBER)
      | 
x86_64-linux-gnu-gcc -Wall -Wextra -ffreestanding -mcmodel=kernel -mno-red-zone -mno-mmx -mno-sse -mno-sse2 -fno-pic -fno-pie -O2 -Iinclude -MMD -DSHADOWBOX_VERSION=\"973cde5-dirty\" -fno-stack-protector -c kernel/syscall_tracer.c -o kernel/syscall_tracer.o
x86_64-linux-gnu-gcc -Wall -Wextra -ffreestanding -mcmodel=kernel -mno-red-zone -mno-mmx -mno-sse -mno-sse2 -fno-pic -fno-pie -O2 -Iinclude -MMD -DSHADOWBOX_VERSION=\"973cde5-dirty\" -fno-stack-protector -c kernel/memory.c -o kernel/memory.o
In file included from include/kernel.h:4,
                 from kernel/syscall_tracer.c:1:
include/types.h:34: warning: "offsetof" redefined
   34 | #define offsetof(type, member) ((size_t)&((type *)0)->member)
      | 
In file included from include/types.h:7,
                 from include/kernel.h:4,
                 from kernel/syscall_tracer.c:1:
/usr/lib/gcc/x86_64-linux-gnu/11/include/stddef.h:406: note: this is the location of the previous definition
  406 | #define offsetof(TYPE, MEMBER) __builtin_offsetof (TYPE, MEMBER)
      | 
x86_64-linux-gnu-gcc -Wall -Wextra -ffreestanding -mcmodel=kernel -mno-red-zone -mno-mmx -mno-sse -mno-sse2 -fno-pic -fno-pie -O2 -Iinclude -MMD -DSHADOWBOX_VERSION=\"973cde5-dirty\" -fno-stack-protector -c kernel/keyboard_layouts.c -o kernel/keyboard_layouts.o
In file included from include/memory.h:4,
                 from kernel/memory.c:1:
include/types.h:34: warning: "offsetof" redefined
   34 | #define offsetof(type, member) ((size_t)&((type *)0)->member)
      | 
In file included from include/types.h:7,
                 from include/memory.h:4,
                 from kernel/memory.c:1:
/usr/lib/gcc/x86_64-linux-gnu/11/include/stddef.h:406: note: this is the location of the previous definition
  406 | #define offsetof(TYPE, MEMBER) __builtin_offsetof (TYPE, MEMBER)
      | 
In file included from include/hid_kbd.h:4,
                 from kernel/keyboard_layouts.h:4,
                 from kernel/keyboard_layouts.c:1:
include/types.h:34: warning: "offsetof" redefined
   34 | #define offsetof(type, member) ((size_t)&((type *)0)->member)
      | 
In file included from include/types.h:7,
                 from include/hid_kbd.h:4,
                 from kernel/keyboard_layouts.h:4,
                 from kernel/keyboard_layouts.c:1:
/usr/lib/gcc/x86_64-linux-gnu/11/include/stddef.h:406: note: this is the location of the previous definition
  406 | #define offsetof(TYPE, MEMBER) __builtin_offsetof (TYPE, MEMBER)
      | 
x86_64-linux-gnu-gcc -Wall -Wextra -ffreestanding -mcmodel=kernel -mno-red-zone -mno-mmx -mno-sse -mno-sse2 -fno-pic -fno-pie -O2 -Iinclude -MMD -DSHADOWBOX_VERSION=\"973cde5-dirty\" -fno-stack-protector -c kernel/input.c -o kernel/input.o
In file included from include/input.h:4,
                 from kernel/input.c:1:
include/types.h:34: warning: "offsetof" redefined
   34 | #define offsetof(type, member) ((size_t)&((type *)0)->member)
      | 
In file included from include/types.h:7,
                 from include/input.h:4,
                 from kernel/input.c:1:
/usr/lib/gcc/x86_64-linux-gnu/11/include/stddef.h:406: note: this is the location of the previous definition
  406 | #define offsetof(TYPE, MEMBER) __builtin_offsetof (TYPE, MEMBER)
      | 
x86_64-linux-gnu-gcc -Wall -Wextra -ffreestanding -mcmodel=kernel -mno-red-zone -mno-mmx -mno-sse -mno-sse2 -fno-pic -fno-pie -O2 -Iinclude -MMD -DSHADOWBOX_VERSION=\"973cde5-dirty\" -fno-stack-protector -c kernel/test_priority.c -o kernel/test_priority.o
x86_64-linux-gnu-gcc -Wall -Wextra -ffreestanding -mcmodel=kernel -mno-red-zone -mno-mmx -mno-sse -mno-sse2 -fno-pic -fno-pie -O2 -Iinclude -MMD -DSHADOWBOX_VERSION=\"973cde5-dirty\" -fno-stack-protector -c kernel/entropy.c -o kernel/entropy.o
x86_64-linux-gnu-gcc -Wall -Wextra -ffreestanding -mcmodel=kernel -mno-red-zone -mno-mmx -mno-sse -mno-sse2 -fno-pic -fno-pie -O2 -Iinclude -MMD -DSHADOWBOX_VERSION=\"973cde5-dirty\" -fno-stack-protector -c kernel/time.c -o kernel/time.o
In file included from include/sched.h:4,
                 from kernel/test_priority.c:1:
include/types.h:34: warning: "offsetof" redefined
   34 | #define offsetof(type, member) ((size_t)&((type *)0)->member)
      | 
In file included from include/types.h:7,
                 from include/sched.h:4,
                 from kernel/test_priority.c:1:
/usr/lib/gcc/x86_64-linux-gnu/11/include/stddef.h:406: note: this is the location of the previous definition
  406 | #define offsetof(TYPE, MEMBER) __builtin_offsetof (TYPE, MEMBER)
      | 
In file included from include/kernel.h:4,
                 from kernel/entropy.c:1:
include/types.h:34: warning: "offsetof" redefined
   34 | #define offsetof(type, member) ((size_t)&((type *)0)->member)
      | 
In file included from include/types.h:7,
                 from include/kernel.h:4,
                 from kernel/entropy.c:1:
/usr/lib/gcc/x86_64-linux-gnu/11/include/stddef.h:406: note: this is the location of the previous definition
  406 | #define offsetof(TYPE, MEMBER) __builtin_offsetof (TYPE, MEMBER)
      | 
kernel/test_priority.c: In function ‘test_priority_scheduler’:
kernel/test_priority.c:34:47: warning: operand of ‘?:’ changes signedness from ‘int’ to ‘uint32_t’ {aka ‘unsigned int’} due to unsignedness of other operand [-Wsign-compare]
   34 |                p_high.pid, next ? next->pid : -1);
      |                                               ^~
In file included from include/time.h:4,
                 from kernel/time.c:1:
include/types.h:34: warning: "offsetof" redefined
   34 | #define offsetof(type, member) ((size_t)&((type *)0)->member)
      | 
In file included from include/types.h:7,
                 from include/time.h:4,
                 from kernel/time.c:1:
/usr/lib/gcc/x86_64-linux-gnu/11/include/stddef.h:406: note: this is the location of the previous definition
  406 | #define offsetof(TYPE, MEMBER) __builtin_offsetof (TYPE, MEMBER)
      | 
x86_64-linux-gnu-gcc -Wall -Wextra -ffreestanding -mcmodel=kernel -mno-red-zone -mno-mmx -mno-sse -mno-sse2 -fno-pic -fno-pie -O2 -Iinclude -MMD -DSHADOWBOX_VERSION=\"973cde5-dirty\" -fno-stack-protector -c kernel/namespace.c -o kernel/namespace.o
x86_64-linux-gnu-gcc -Wall -Wextra -ffreestanding -mcmodel=kernel -mno-red-zone -mno-mmx -mno-sse -mno-sse2 -fno-pic -fno-pie -O2 -Iinclude -MMD -DSHADOWBOX_VERSION=\"973cde5-dirty\" -fno-stack-protector -c kernel/rng.c -o kernel/rng.o
In file included from include/kernel.h:4,
                 from kernel/namespace.c:1:
include/types.h:34: warning: "offsetof" redefined
   34 | #define offsetof(type, member) ((size_t)&((type *)0)->member)
      | 
In file included from include/types.h:7,
                 from include/kernel.h:4,
                 from kernel/namespace.c:1:
/usr/lib/gcc/x86_64-linux-gnu/11/include/stddef.h:406: note: this is the location of the previous definition
  406 | #define offsetof(TYPE, MEMBER) __builtin_offsetof (TYPE, MEMBER)
      | 
x86_64-linux-gnu-gcc -Wall -Wextra -ffreestanding -mcmodel=kernel -mno-red-zone -mno-mmx -mno-sse -mno-sse2 -fno-pic -fno-pie -O2 -Iinclude -MMD -DSHADOWBOX_VERSION=\"973cde5-dirty\" -fno-stack-protector -c kernel/sched/rt.c -o kernel/sched/rt.o
In file included from include/kernel.h:4,
                 from kernel/rng.c:3:
include/types.h:34: warning: "offsetof" redefined
   34 | #define offsetof(type, member) ((size_t)&((type *)0)->member)
      | 
In file included from include/types.h:7,
                 from include/kernel.h:4,
                 from kernel/rng.c:3:
/usr/lib/gcc/x86_64-linux-gnu/11/include/stddef.h:406: note: this is the location of the previous definition
  406 | #define offsetof(TYPE, MEMBER) __builtin_offsetof (TYPE, MEMBER)
      | 
x86_64-linux-gnu-gcc -Wall -Wextra -ffreestanding -mcmodel=kernel -mno-red-zone -mno-mmx -mno-sse -mno-sse2 -fno-pic -fno-pie -O2 -Iinclude -MMD -DSHADOWBOX_VERSION=\"973cde5-dirty\" -fno-stack-protector -c kernel/sched/loadbal.c -o kernel/sched/loadbal.o
In file included from include/sched.h:4,
                 from kernel/sched/rt.c:5:
include/types.h:34: warning: "offsetof" redefined
   34 | #define offsetof(type, member) ((size_t)&((type *)0)->member)
      | 
In file included from include/types.h:7,
                 from include/sched.h:4,
                 from kernel/sched/rt.c:5:
/usr/lib/gcc/x86_64-linux-gnu/11/include/stddef.h:406: note: this is the location of the previous definition
  406 | #define offsetof(TYPE, MEMBER) __builtin_offsetof (TYPE, MEMBER)
      | 
In file included from include/sched.h:4,
                 from kernel/sched/loadbal.c:1:
include/types.h:34: warning: "offsetof" redefined
   34 | #define offsetof(type, member) ((size_t)&((type *)0)->member)
      | 
In file included from include/types.h:7,
                 from include/sched.h:4,
                 from kernel/sched/loadbal.c:1:
/usr/lib/gcc/x86_64-linux-gnu/11/include/stddef.h:406: note: this is the location of the previous definition
  406 | #define offsetof(TYPE, MEMBER) __builtin_offsetof (TYPE, MEMBER)
      | 
x86_64-linux-gnu-gcc -Wall -Wextra -ffreestanding -mcmodel=kernel -mno-red-zone -mno-mmx -mno-sse -mno-sse2 -fno-pic -fno-pie -O2 -Iinclude -MMD -DSHADOWBOX_VERSION=\"973cde5-dirty\" -fno-stack-protector -c kernel/sched/cfs.c -o kernel/sched/cfs.o
x86_64-linux-gnu-gcc -Wall -Wextra -ffreestanding -mcmodel=kernel -mno-red-zone -mno-mmx -mno-sse -mno-sse2 -fno-pic -fno-pie -O2 -Iinclude -MMD -DSHADOWBOX_VERSION=\"973cde5-dirty\" -fno-stack-protector -c kernel/module.c -o kernel/module.o
x86_64-linux-gnu-gcc -Wall -Wextra -ffreestanding -mcmodel=kernel -mno-red-zone -mno-mmx -mno-sse -mno-sse2 -fno-pic -fno-pie -O2 -Iinclude -MMD -DSHADOWBOX_VERSION=\"973cde5-dirty\" -fno-stack-protector -c kernel/hal/storage.c -o kernel/hal/storage.o
In file included from include/sched.h:4,
                 from kernel/sched/cfs.c:5:
include/types.h:34: warning: "offsetof" redefined
   34 | #define offsetof(type, member) ((size_t)&((type *)0)->member)
      | 
In file included from include/kernel.h:4,
                 from kernel/module.c:1:
include/types.h:34: warning: "offsetof" redefined
   34 | #define offsetof(type, member) ((size_t)&((type *)0)->member)
      | 
In file included from include/types.h:7,
                 from include/kernel.h:4,
                 from kernel/module.c:1:
/usr/lib/gcc/x86_64-linux-gnu/11/include/stddef.h:406: note: this is the location of the previous definition
  406 | #define offsetof(TYPE, MEMBER) __builtin_offsetof (TYPE, MEMBER)
      | 
In file included from include/types.h:7,
                 from include/sched.h:4,
                 from kernel/sched/cfs.c:5:
/usr/lib/gcc/x86_64-linux-gnu/11/include/stddef.h:406: note: this is the location of the previous definition
  406 | #define offsetof(TYPE, MEMBER) __builtin_offsetof (TYPE, MEMBER)
      | 
In file included from include/hal/storage.h:4,
                 from kernel/hal/storage.c:1:
include/types.h:34: warning: "offsetof" redefined
   34 | #define offsetof(type, member) ((size_t)&((type *)0)->member)
      | 
In file included from include/types.h:7,
                 from include/hal/storage.h:4,
                 from kernel/hal/storage.c:1:
/usr/lib/gcc/x86_64-linux-gnu/11/include/stddef.h:406: note: this is the location of the previous definition
  406 | #define offsetof(TYPE, MEMBER) __builtin_offsetof (TYPE, MEMBER)
      | 
In file included from kernel/hal/storage.c:2:
kernel/hal/storage.c: In function ‘storage_init’:
include/kernel.h:22:22: warning: format ‘%llu’ expects argument of type ‘long long unsigned int’, but argument 3 has type ‘uint64_t’ {aka ‘long unsigned int’} [-Wformat=]
   22 | #define KERN_INFO    "<6>"
      |                      ^~~~~
kernel/hal/storage.c:64:20: note: in expansion of macro ‘KERN_INFO’
   64 |             printk(KERN_INFO "STORAGE: %s detected (%llu MB)\n",
      |                    ^~~~~~~~~
kernel/hal/storage.c:64:56: note: format string is defined here
   64 |             printk(KERN_INFO "STORAGE: %s detected (%llu MB)\n",
      |                                                     ~~~^
      |                                                        |
      |                                                        long long unsigned int
      |                                                     %lu
x86_64-linux-gnu-gcc -Wall -Wextra -ffreestanding -mcmodel=kernel -mno-red-zone -mno-mmx -mno-sse -mno-sse2 -fno-pic -fno-pie -O2 -Iinclude -MMD -DSHADOWBOX_VERSION=\"973cde5-dirty\" -fno-stack-protector -c kernel/hal/memory.c -o kernel/hal/memory.o
x86_64-linux-gnu-gcc -Wall -Wextra -ffreestanding -mcmodel=kernel -mno-red-zone -mno-mmx -mno-sse -mno-sse2 -fno-pic -fno-pie -O2 -Iinclude -MMD -DSHADOWBOX_VERSION=\"973cde5-dirty\" -fno-stack-protector -c kernel/hal/cpu.c -o kernel/hal/cpu.o
In file included from include/hal/memory.h:4,
                 from kernel/hal/memory.c:1:
include/types.h:34: warning: "offsetof" redefined
   34 | #define offsetof(type, member) ((size_t)&((type *)0)->member)
      | 
In file included from include/types.h:7,
                 from include/hal/memory.h:4,
                 from kernel/hal/memory.c:1:
/usr/lib/gcc/x86_64-linux-gnu/11/include/stddef.h:406: note: this is the location of the previous definition
  406 | #define offsetof(TYPE, MEMBER) __builtin_offsetof (TYPE, MEMBER)
      | 
x86_64-linux-gnu-gcc -Wall -Wextra -ffreestanding -mcmodel=kernel -mno-red-zone -mno-mmx -mno-sse -mno-sse2 -fno-pic -fno-pie -O2 -Iinclude -MMD -DSHADOWBOX_VERSION=\"973cde5-dirty\" -fno-stack-protector -c kernel/hal/peripheral.c -o kernel/hal/peripheral.o
In file included from kernel/hal/memory.c:2:
kernel/hal/memory.c: In function ‘memory_init’:
include/kernel.h:22:22: warning: format ‘%llu’ expects argument of type ‘long long unsigned int’, but argument 2 has type ‘uint64_t’ {aka ‘long unsigned int’} [-Wformat=]
   22 | #define KERN_INFO    "<6>"
      |                      ^~~~~
kernel/hal/memory.c:23:12: note: in expansion of macro ‘KERN_INFO’
   23 |     printk(KERN_INFO "MEM: %llu MB total, %llu MB usable\n",
      |            ^~~~~~~~~
kernel/hal/memory.c:23:31: note: format string is defined here
   23 |     printk(KERN_INFO "MEM: %llu MB total, %llu MB usable\n",
      |                            ~~~^
      |                               |
      |                               long long unsigned int
      |                            %lu
In file included from kernel/hal/memory.c:2:
include/kernel.h:22:22: warning: format ‘%llu’ expects argument of type ‘long long unsigned int’, but argument 3 has type ‘uint64_t’ {aka ‘long unsigned int’} [-Wformat=]
   22 | #define KERN_INFO    "<6>"
      |                      ^~~~~
kernel/hal/memory.c:23:12: note: in expansion of macro ‘KERN_INFO’
   23 |     printk(KERN_INFO "MEM: %llu MB total, %llu MB usable\n",
      |            ^~~~~~~~~
kernel/hal/memory.c:23:46: note: format string is defined here
   23 |     printk(KERN_INFO "MEM: %llu MB total, %llu MB usable\n",
      |                                           ~~~^
      |                                              |
      |                                              long long unsigned int
      |                                           %lu
In file included from include/hal/peripheral.h:4,
                 from kernel/hal/peripheral.c:1:
include/types.h:34: warning: "offsetof" redefined
   34 | #define offsetof(type, member) ((size_t)&((type *)0)->member)
      | 
In file included from include/types.h:7,
                 from include/hal/peripheral.h:4,
                 from kernel/hal/peripheral.c:1:
/usr/lib/gcc/x86_64-linux-gnu/11/include/stddef.h:406: note: this is the location of the previous definition
  406 | #define offsetof(TYPE, MEMBER) __builtin_offsetof (TYPE, MEMBER)
      | 
kernel/hal/peripheral.c: In function ‘peripheral_enumerate’:
kernel/hal/peripheral.c:21:23: warning: comparison of integer expressions of different signedness: ‘int’ and ‘uint32_t’ {aka ‘unsigned int’} [-Wsign-compare]
   21 |     for (int i = 0; i < peripheral_list.device_count && i < 64; i++)
      |                       ^
In file included from include/hal/cpu.h:4,
                 from kernel/hal/cpu.c:1:
include/types.h:34: warning: "offsetof" redefined
   34 | #define offsetof(type, member) ((size_t)&((type *)0)->member)
      | 
In file included from include/types.h:7,
                 from include/hal/cpu.h:4,
                 from kernel/hal/cpu.c:1:
/usr/lib/gcc/x86_64-linux-gnu/11/include/stddef.h:406: note: this is the location of the previous definition
  406 | #define offsetof(TYPE, MEMBER) __builtin_offsetof (TYPE, MEMBER)
      | 
x86_64-linux-gnu-gcc -Wall -Wextra -ffreestanding -mcmodel=kernel -mno-red-zone -mno-mmx -mno-sse -mno-sse2 -fno-pic -fno-pie -O2 -Iinclude -MMD -DSHADOWBOX_VERSION=\"973cde5-dirty\" -fno-stack-protector -c kernel/hal/hal.c -o kernel/hal/hal.o
x86_64-linux-gnu-gcc -Wall -Wextra -ffreestanding -mcmodel=kernel -mno-red-zone -mno-mmx -mno-sse -mno-sse2 -fno-pic -fno-pie -O2 -Iinclude -MMD -DSHADOWBOX_VERSION=\"973cde5-dirty\" -fno-stack-protector -c kernel/hal/alloc_wrapper.c -o kernel/hal/alloc_wrapper.o
In file included from include/hal/hal.h:4,
                 from kernel/hal/hal.c:1:
include/types.h:34: warning: "offsetof" redefined
   34 | #define offsetof(type, member) ((size_t)&((type *)0)->member)
      | 
In file included from include/types.h:7,
                 from include/hal/hal.h:4,
                 from kernel/hal/hal.c:1:
/usr/lib/gcc/x86_64-linux-gnu/11/include/stddef.h:406: note: this is the location of the previous definition
  406 | #define offsetof(TYPE, MEMBER) __builtin_offsetof (TYPE, MEMBER)
      | 
In file included from include/malloc.h:4,
                 from kernel/hal/alloc_wrapper.c:4:
include/types.h:34: warning: "offsetof" redefined
   34 | #define offsetof(type, member) ((size_t)&((type *)0)->member)
      | 
In file included from include/types.h:7,
                 from include/malloc.h:4,
                 from kernel/hal/alloc_wrapper.c:4:
/usr/lib/gcc/x86_64-linux-gnu/11/include/stddef.h:406: note: this is the location of the previous definition
  406 | #define offsetof(TYPE, MEMBER) __builtin_offsetof (TYPE, MEMBER)
      | 
x86_64-linux-gnu-gcc -Wall -Wextra -ffreestanding -mcmodel=kernel -mno-red-zone -mno-mmx -mno-sse -mno-sse2 -fno-pic -fno-pie -O2 -Iinclude -MMD -DSHADOWBOX_VERSION=\"973cde5-dirty\" -fno-stack-protector -c kernel/elf.c -o kernel/elf.o
x86_64-linux-gnu-gcc -Wall -Wextra -ffreestanding -mcmodel=kernel -mno-red-zone -mno-mmx -mno-sse -mno-sse2 -fno-pic -fno-pie -O2 -Iinclude -MMD -DSHADOWBOX_VERSION=\"973cde5-dirty\" -fno-stack-protector -c kernel/mem/numa.c -o kernel/mem/numa.o
In file included from include/elf.h:4,
                 from kernel/elf.c:1:
include/types.h:34: warning: "offsetof" redefined
   34 | #define offsetof(type, member) ((size_t)&((type *)0)->member)
      | 
In file included from include/types.h:7,
                 from include/elf.h:4,
                 from kernel/elf.c:1:
/usr/lib/gcc/x86_64-linux-gnu/11/include/stddef.h:406: note: this is the location of the previous definition
  406 | #define offsetof(TYPE, MEMBER) __builtin_offsetof (TYPE, MEMBER)
      | 
In file included from include/malloc.h:4,
                 from kernel/mem/numa.c:11:
include/types.h:34: warning: "offsetof" redefined
   34 | #define offsetof(type, member) ((size_t)&((type *)0)->member)
      | 
In file included from kernel/mem/numa.c:9:
/usr/lib/gcc/x86_64-linux-gnu/11/include/stddef.h:406: note: this is the location of the previous definition
  406 | #define offsetof(TYPE, MEMBER) __builtin_offsetof (TYPE, MEMBER)
      | 
x86_64-linux-gnu-gcc -Wall -Wextra -ffreestanding -mcmodel=kernel -mno-red-zone -mno-mmx -mno-sse -mno-sse2 -fno-pic -fno-pie -O2 -Iinclude -MMD -DSHADOWBOX_VERSION=\"973cde5-dirty\" -fno-stack-protector -c kernel/mem/bcache.c -o kernel/mem/bcache.o
x86_64-linux-gnu-gcc -Wall -Wextra -ffreestanding -mcmodel=kernel -mno-red-zone -mno-mmx -mno-sse -mno-sse2 -fno-pic -fno-pie -O2 -Iinclude -MMD -DSHADOWBOX_VERSION=\"973cde5-dirty\" -fno-stack-protector -c kernel/mem/lru.c -o kernel/mem/lru.o
x86_64-linux-gnu-gcc -Wall -Wextra -ffreestanding -mcmodel=kernel -mno-red-zone -mno-mmx -mno-sse -mno-sse2 -fno-pic -fno-pie -O2 -Iinclude -MMD -DSHADOWBOX_VERSION=\"973cde5-dirty\" -fno-stack-protector -c kernel/mem/hugepage.c -o kernel/mem/hugepage.o
In file included from include/block.h:4,
                 from kernel/mem/bcache.c:10:
include/types.h:34: warning: "offsetof" redefined
   34 | #define offsetof(type, member) ((size_t)&((type *)0)->member)
      | 
In file included from include/types.h:7,
                 from include/block.h:4,
                 from kernel/mem/bcache.c:10:
/usr/lib/gcc/x86_64-linux-gnu/11/include/stddef.h:406: note: this is the location of the previous definition
  406 | #define offsetof(TYPE, MEMBER) __builtin_offsetof (TYPE, MEMBER)
      | 
x86_64-linux-gnu-gcc -Wall -Wextra -ffreestanding -mcmodel=kernel -mno-red-zone -mno-mmx -mno-sse -mno-sse2 -fno-pic -fno-pie -O2 -Iinclude -MMD -DSHADOWBOX_VERSION=\"973cde5-dirty\" -fno-stack-protector -c kernel/tarfs.c -o kernel/tarfs.o
x86_64-linux-gnu-gcc -Wall -Wextra -ffreestanding -mcmodel=kernel -mno-red-zone -mno-mmx -mno-sse -mno-sse2 -fno-pic -fno-pie -O2 -Iinclude -MMD -DSHADOWBOX_VERSION=\"973cde5-dirty\" -fno-stack-protector -c kernel/idle.c -o kernel/idle.o
In file included from include/kernel.h:4,
                 from kernel/idle.c:6:
include/types.h:34: warning: "offsetof" redefined
   34 | #define offsetof(type, member) ((size_t)&((type *)0)->member)
      | 
In file included from include/types.h:7,
                 from include/kernel.h:4,
                 from kernel/idle.c:6:
/usr/lib/gcc/x86_64-linux-gnu/11/include/stddef.h:406: note: this is the location of the previous definition
  406 | #define offsetof(TYPE, MEMBER) __builtin_offsetof (TYPE, MEMBER)
      | 
In file included from include/vfs.h:4,
                 from include/tarfs.h:4,
                 from kernel/tarfs.c:1:
include/types.h:34: warning: "offsetof" redefined
   34 | #define offsetof(type, member) ((size_t)&((type *)0)->member)
      | 
In file included from include/types.h:7,
                 from include/vfs.h:4,
                 from include/tarfs.h:4,
                 from kernel/tarfs.c:1:
/usr/lib/gcc/x86_64-linux-gnu/11/include/stddef.h:406: note: this is the location of the previous definition
  406 | #define offsetof(TYPE, MEMBER) __builtin_offsetof (TYPE, MEMBER)
      | 
In file included from kernel/tarfs.c:2:
kernel/tarfs.c: In function ‘tarfs_init’:
include/kernel.h:22:22: warning: format ‘%x’ expects argument of type ‘unsigned int’, but argument 2 has type ‘uint64_t’ {aka ‘long unsigned int’} [-Wformat=]
   22 | #define KERN_INFO    "<6>"
      |                      ^~~~~
kernel/tarfs.c:213:12: note: in expansion of macro ‘KERN_INFO’
  213 |     printk(KERN_INFO "TarFS mounted at root, starting at %x\n", address);
      |            ^~~~~~~~~
kernel/tarfs.c:213:59: note: format string is defined here
  213 |     printk(KERN_INFO "TarFS mounted at root, starting at %x\n", address);
      |                                                          ~^
      |                                                           |
      |                                                           unsigned int
      |                                                          %lx
x86_64-linux-gnu-gcc -Wall -Wextra -ffreestanding -mcmodel=kernel -mno-red-zone -mno-mmx -mno-sse -mno-sse2 -fno-pic -fno-pie -O2 -Iinclude -MMD -DSHADOWBOX_VERSION=\"973cde5-dirty\" -fno-stack-protector -c kernel/input_multiplexer.c -o kernel/input_multiplexer.o
x86_64-linux-gnu-gcc -Wall -Wextra -ffreestanding -mcmodel=kernel -mno-red-zone -mno-mmx -mno-sse -mno-sse2 -fno-pic -fno-pie -O2 -Iinclude -MMD -DSHADOWBOX_VERSION=\"973cde5-dirty\" -fno-stack-protector -c kernel/signal.c -o kernel/signal.o
In file included from include/signal.h:4,
                 from kernel/signal.c:1:
include/types.h:34: warning: "offsetof" redefined
   34 | #define offsetof(type, member) ((size_t)&((type *)0)->member)
      | 
In file included from include/types.h:7,
                 from include/signal.h:4,
                 from kernel/signal.c:1:
/usr/lib/gcc/x86_64-linux-gnu/11/include/stddef.h:406: note: this is the location of the previous definition
  406 | #define offsetof(TYPE, MEMBER) __builtin_offsetof (TYPE, MEMBER)
      | 
In file included from include/kernel.h:4,
                 from kernel/input_multiplexer.c:7:
include/types.h:34: warning: "offsetof" redefined
   34 | #define offsetof(type, member) ((size_t)&((type *)0)->member)
      | 
In file included from include/types.h:7,
                 from include/kernel.h:4,
                 from kernel/input_multiplexer.c:7:
/usr/lib/gcc/x86_64-linux-gnu/11/include/stddef.h:406: note: this is the location of the previous definition
  406 | #define offsetof(TYPE, MEMBER) __builtin_offsetof (TYPE, MEMBER)
      | 
kernel/signal.c:30:13: warning: ‘sig_default_cont’ defined but not used [-Wunused-function]
   30 | static void sig_default_cont(int sig) {
      |             ^~~~~~~~~~~~~~~~
x86_64-linux-gnu-gcc -Wall -Wextra -ffreestanding -mcmodel=kernel -mno-red-zone -mno-mmx -mno-sse -mno-sse2 -fno-pic -fno-pie -O2 -Iinclude -MMD -DSHADOWBOX_VERSION=\"973cde5-dirty\" -fno-stack-protector -c kernel/ipc.c -o kernel/ipc.o
In file included from include/ipc.h:4,
                 from kernel/ipc.c:1:
include/types.h:34: warning: "offsetof" redefined
   34 | #define offsetof(type, member) ((size_t)&((type *)0)->member)
      | 
In file included from include/types.h:7,
                 from include/ipc.h:4,
                 from kernel/ipc.c:1:
/usr/lib/gcc/x86_64-linux-gnu/11/include/stddef.h:406: note: this is the location of the previous definition
  406 | #define offsetof(TYPE, MEMBER) __builtin_offsetof (TYPE, MEMBER)
      | 
kernel/ipc.c: In function ‘pipe_create’:
kernel/ipc.c:44:19: warning: cast between incompatible function types from ‘int (*)(pipe_buffer_t *, void *, uint32_t)’ {aka ‘int (*)(struct pipe_buffer *, void *, unsigned int)’} to ‘uint32_t (*)(struct vfs_node *, uint32_t,  uint32_t,  uint8_t *)’ {aka ‘unsigned int (*)(struct vfs_node *, unsigned int,  unsigned int,  unsigned char *)’} [-Wcast-function-type]
   44 |     rnode->read = (read_type_t)pipe_read;
      |                   ^
kernel/ipc.c:45:20: warning: cast between incompatible function types from ‘int (*)(pipe_buffer_t *, const void *, uint32_t)’ {aka ‘int (*)(struct pipe_buffer *, const void *, unsigned int)’} to ‘uint32_t (*)(struct vfs_node *, uint32_t,  uint32_t,  uint8_t *)’ {aka ‘unsigned int (*)(struct vfs_node *, unsigned int,  unsigned int,  unsigned char *)’} [-Wcast-function-type]
   45 |     wnode->write = (write_type_t)pipe_write;
      |                    ^
kernel/ipc.c: In function ‘shmat’:
kernel/ipc.c:126:23: warning: implicit declaration of function ‘aslr_get_mmap_base’ [-Wimplicit-function-declaration]
  126 |             s->virt = aslr_get_mmap_base();
      |                       ^~~~~~~~~~~~~~~~~~
kernel/ipc.c: In function ‘shmctl’:
kernel/ipc.c:173:38: warning: unused parameter ‘buf’ [-Wunused-parameter]
  173 | int shmctl(int shmid, int cmd, void *buf) {
      |                                ~~~~~~^~~
kernel/ipc.c: In function ‘semop’:
kernel/ipc.c:337:21: warning: implicit declaration of function ‘sched_enqueue’ [-Wimplicit-function-declaration]
  337 |                     sched_enqueue(w->proc);
      |                     ^~~~~~~~~~~~~
x86_64-linux-gnu-gcc -Wall -Wextra -ffreestanding -mcmodel=kernel -mno-red-zone -mno-mmx -mno-sse -mno-sse2 -fno-pic -fno-pie -O2 -Iinclude -MMD -DSHADOWBOX_VERSION=\"973cde5-dirty\" -fno-stack-protector -c kernel/root.c -o kernel/root.o
In file included from include/session.h:4,
                 from include/root.h:4,
                 from kernel/root.c:1:
include/types.h:34: warning: "offsetof" redefined
   34 | #define offsetof(type, member) ((size_t)&((type *)0)->member)
      | 
In file included from include/types.h:7,
                 from include/session.h:4,
                 from include/root.h:4,
                 from kernel/root.c:1:
/usr/lib/gcc/x86_64-linux-gnu/11/include/stddef.h:406: note: this is the location of the previous definition
  406 | #define offsetof(TYPE, MEMBER) __builtin_offsetof (TYPE, MEMBER)
      | 
x86_64-linux-gnu-gcc -Wall -Wextra -ffreestanding -mcmodel=kernel -mno-red-zone -mno-mmx -mno-sse -mno-sse2 -fno-pic -fno-pie -O2 -Iinclude -MMD -DSHADOWBOX_VERSION=\"973cde5-dirty\" -fno-stack-protector -c kernel/hid_kbd.c -o kernel/hid_kbd.o
x86_64-linux-gnu-gcc -Wall -Wextra -ffreestanding -mcmodel=kernel -mno-red-zone -mno-mmx -mno-sse -mno-sse2 -fno-pic -fno-pie -O2 -Iinclude -MMD -DSHADOWBOX_VERSION=\"973cde5-dirty\" -fno-stack-protector -c kernel/printk.c -o kernel/printk.o
In file included from include/hid_kbd.h:4,
                 from kernel/hid_kbd.c:1:
include/types.h:34: warning: "offsetof" redefined
   34 | #define offsetof(type, member) ((size_t)&((type *)0)->member)
      | 
In file included from include/types.h:7,
                 from include/hid_kbd.h:4,
                 from kernel/hid_kbd.c:1:
/usr/lib/gcc/x86_64-linux-gnu/11/include/stddef.h:406: note: this is the location of the previous definition
  406 | #define offsetof(TYPE, MEMBER) __builtin_offsetof (TYPE, MEMBER)
      | 
kernel/hid_kbd.c:29:23: warning: ‘keymap_set1_shift’ defined but not used [-Wunused-const-variable=]
   29 | static const uint32_t keymap_set1_shift[128] = {
      |                       ^~~~~~~~~~~~~~~~~
kernel/hid_kbd.c:20:23: warning: ‘keymap_set1_normal’ defined but not used [-Wunused-const-variable=]
   20 | static const uint32_t keymap_set1_normal[128] = {
      |                       ^~~~~~~~~~~~~~~~~~
In file included from kernel/printk.c:1:
include/types.h:34: warning: "offsetof" redefined
   34 | #define offsetof(type, member) ((size_t)&((type *)0)->member)
      | 
In file included from include/types.h:7,
                 from kernel/printk.c:1:
/usr/lib/gcc/x86_64-linux-gnu/11/include/stddef.h:406: note: this is the location of the previous definition
  406 | #define offsetof(TYPE, MEMBER) __builtin_offsetof (TYPE, MEMBER)
      | 
x86_64-linux-gnu-gcc -Wall -Wextra -ffreestanding -mcmodel=kernel -mno-red-zone -mno-mmx -mno-sse -mno-sse2 -fno-pic -fno-pie -O2 -Iinclude -MMD -DSHADOWBOX_VERSION=\"973cde5-dirty\" -fno-stack-protector -c kernel/kthread.c -o kernel/kthread.o
In file included from include/kthread.h:4,
                 from kernel/kthread.c:1:
include/types.h:34: warning: "offsetof" redefined
   34 | #define offsetof(type, member) ((size_t)&((type *)0)->member)
      | 
In file included from include/types.h:7,
                 from include/kthread.h:4,
                 from kernel/kthread.c:1:
/usr/lib/gcc/x86_64-linux-gnu/11/include/stddef.h:406: note: this is the location of the previous definition
  406 | #define offsetof(TYPE, MEMBER) __builtin_offsetof (TYPE, MEMBER)
      | 
x86_64-linux-gnu-gcc -Wall -Wextra -ffreestanding -mcmodel=kernel -mno-red-zone -mno-mmx -mno-sse -mno-sse2 -fno-pic -fno-pie -O2 -Iinclude -MMD -DSHADOWBOX_VERSION=\"973cde5-dirty\" -fno-stack-protector -c kernel/camera.c -o kernel/camera.o
In file included from include/camera.h:4,
                 from kernel/camera.c:1:
include/types.h:34: warning: "offsetof" redefined
   34 | #define offsetof(type, member) ((size_t)&((type *)0)->member)
      | 
In file included from include/types.h:7,
                 from include/camera.h:4,
                 from kernel/camera.c:1:
/usr/lib/gcc/x86_64-linux-gnu/11/include/stddef.h:406: note: this is the location of the previous definition
  406 | #define offsetof(TYPE, MEMBER) __builtin_offsetof (TYPE, MEMBER)
      | 
x86_64-linux-gnu-gcc -Wall -Wextra -ffreestanding -mcmodel=kernel -mno-red-zone -mno-mmx -mno-sse -mno-sse2 -fno-pic -fno-pie -O2 -Iinclude -MMD -DSHADOWBOX_VERSION=\"973cde5-dirty\" -fno-stack-protector -c kernel/irq_monitor.c -o kernel/irq_monitor.o
In file included from include/irq_monitor.h:4,
                 from kernel/irq_monitor.c:1:
include/types.h:34: warning: "offsetof" redefined
   34 | #define offsetof(type, member) ((size_t)&((type *)0)->member)
      | 
In file included from include/types.h:7,
                 from include/irq_monitor.h:4,
                 from kernel/irq_monitor.c:1:
/usr/lib/gcc/x86_64-linux-gnu/11/include/stddef.h:406: note: this is the location of the previous definition
  406 | #define offsetof(TYPE, MEMBER) __builtin_offsetof (TYPE, MEMBER)
      | 
In file included from kernel/irq_monitor.c:2:
kernel/irq_monitor.c: In function ‘irq_monitor_print_stats’:
include/kernel.h:22:22: warning: format ‘%llu’ expects argument of type ‘long long unsigned int’, but argument 3 has type ‘uint64_t’ {aka ‘long unsigned int’} [-Wformat=]
   22 | #define KERN_INFO    "<6>"
      |                      ^~~~~
kernel/irq_monitor.c:32:20: note: in expansion of macro ‘KERN_INFO’
   32 |             printk(KERN_INFO "IRQ %d count: %llu\n", i, irq_counts[i]);
      |                    ^~~~~~~~~
kernel/irq_monitor.c:32:48: note: format string is defined here
   32 |             printk(KERN_INFO "IRQ %d count: %llu\n", i, irq_counts[i]);
      |                                             ~~~^
      |                                                |
      |                                                long long unsigned int
      |                                             %lu
x86_64-linux-gnu-gcc -Wall -Wextra -ffreestanding -mcmodel=kernel -mno-red-zone -mno-mmx -mno-sse -mno-sse2 -fno-pic -fno-pie -O2 -Iinclude -MMD -DSHADOWBOX_VERSION=\"973cde5-dirty\" -fno-stack-protector -c kernel/security.c -o kernel/security.o
x86_64-linux-gnu-gcc -Wall -Wextra -ffreestanding -mcmodel=kernel -mno-red-zone -mno-mmx -mno-sse -mno-sse2 -fno-pic -fno-pie -O2 -Iinclude -MMD -DSHADOWBOX_VERSION=\"973cde5-dirty\" -fno-stack-protector -c kernel/wait.c -o kernel/wait.o
x86_64-linux-gnu-gcc -Wall -Wextra -ffreestanding -mcmodel=kernel -mno-red-zone -mno-mmx -mno-sse -mno-sse2 -fno-pic -fno-pie -O2 -Iinclude -MMD -DSHADOWBOX_VERSION=\"973cde5-dirty\" -fno-stack-protector -c kernel/notification.c -o kernel/notification.o
In file included from include/security.h:4,
                 from kernel/security.c:1:
include/types.h:34: warning: "offsetof" redefined
   34 | #define offsetof(type, member) ((size_t)&((type *)0)->member)
      | 
In file included from include/types.h:7,
                 from include/security.h:4,
                 from kernel/security.c:1:
/usr/lib/gcc/x86_64-linux-gnu/11/include/stddef.h:406: note: this is the location of the previous definition
  406 | #define offsetof(TYPE, MEMBER) __builtin_offsetof (TYPE, MEMBER)
      | 
In file included from include/task.h:4,
                 from kernel/wait.c:1:
include/types.h:34: warning: "offsetof" redefined
   34 | #define offsetof(type, member) ((size_t)&((type *)0)->member)
      | 
In file included from include/types.h:7,
                 from include/task.h:4,
                 from kernel/wait.c:1:
/usr/lib/gcc/x86_64-linux-gnu/11/include/stddef.h:406: note: this is the location of the previous definition
  406 | #define offsetof(TYPE, MEMBER) __builtin_offsetof (TYPE, MEMBER)
      | 
kernel/wait.c: In function ‘sys_wait4’:
kernel/wait.c:27:25: warning: comparison of integer expressions of different signedness: ‘int’ and ‘uint32_t’ {aka ‘unsigned int’} [-Wsign-compare]
   27 |             if (p->ppid == cur->pid) {
      |                         ^~
In file included from include/desktop.h:4,
                 from kernel/notification.c:1:
include/types.h:34: warning: "offsetof" redefined
   34 | #define offsetof(type, member) ((size_t)&((type *)0)->member)
      | 
In file included from include/types.h:7,
                 from include/desktop.h:4,
                 from kernel/notification.c:1:
/usr/lib/gcc/x86_64-linux-gnu/11/include/stddef.h:406: note: this is the location of the previous definition
  406 | #define offsetof(TYPE, MEMBER) __builtin_offsetof (TYPE, MEMBER)
      | 
x86_64-linux-gnu-gcc -Wall -Wextra -ffreestanding -mcmodel=kernel -mno-red-zone -mno-mmx -mno-sse -mno-sse2 -fno-pic -fno-pie -O2 -Iinclude -MMD -DSHADOWBOX_VERSION=\"973cde5-dirty\" -fno-stack-protector -c kernel/hid.c -o kernel/hid.o
In file included from include/hid.h:4,
                 from kernel/hid.c:1:
include/types.h:34: warning: "offsetof" redefined
   34 | #define offsetof(type, member) ((size_t)&((type *)0)->member)
      | 
In file included from include/types.h:7,
                 from include/hid.h:4,
                 from kernel/hid.c:1:
/usr/lib/gcc/x86_64-linux-gnu/11/include/stddef.h:406: note: this is the location of the previous definition
  406 | #define offsetof(TYPE, MEMBER) __builtin_offsetof (TYPE, MEMBER)
      | 
x86_64-linux-gnu-gcc -Wall -Wextra -ffreestanding -mcmodel=kernel -mno-red-zone -mno-mmx -mno-sse -mno-sse2 -fno-pic -fno-pie -O2 -Iinclude -MMD -DSHADOWBOX_VERSION=\"973cde5-dirty\" -fno-stack-protector -c kernel/softirq.c -o kernel/softirq.o
x86_64-linux-gnu-gcc -Wall -Wextra -ffreestanding -mcmodel=kernel -mno-red-zone -mno-mmx -mno-sse -mno-sse2 -fno-pic -fno-pie -O2 -Iinclude -MMD -DSHADOWBOX_VERSION=\"973cde5-dirty\" -fno-stack-protector -c kernel/session.c -o kernel/session.o
In file included from include/softirq.h:4,
                 from kernel/softirq.c:1:
include/types.h:34: warning: "offsetof" redefined
   34 | #define offsetof(type, member) ((size_t)&((type *)0)->member)
      | 
In file included from include/types.h:7,
                 from include/softirq.h:4,
                 from kernel/softirq.c:1:
/usr/lib/gcc/x86_64-linux-gnu/11/include/stddef.h:406: note: this is the location of the previous definition
  406 | #define offsetof(TYPE, MEMBER) __builtin_offsetof (TYPE, MEMBER)
      | 
In file included from include/session.h:4,
                 from kernel/session.c:1:
include/types.h:34: warning: "offsetof" redefined
   34 | #define offsetof(type, member) ((size_t)&((type *)0)->member)
      | 
In file included from include/types.h:7,
                 from include/session.h:4,
                 from kernel/session.c:1:
/usr/lib/gcc/x86_64-linux-gnu/11/include/stddef.h:406: note: this is the location of the previous definition
  406 | #define offsetof(TYPE, MEMBER) __builtin_offsetof (TYPE, MEMBER)
      | 
kernel/session.c: In function ‘session_authenticate_user’:
kernel/session.c:17:65: warning: unused parameter ‘password_hash’ [-Wunused-parameter]
   17 | int session_authenticate_user(const char *username, const char *password_hash) {
      |                                                     ~~~~~~~~~~~~^~~~~~~~~~~~~
kernel/session.c: In function ‘permission_agent_request_auth’:
kernel/session.c:45:51: warning: unused parameter ‘session’ [-Wunused-parameter]
   45 | int permission_agent_request_auth(user_session_t *session, const char *action_id) {
      |                                   ~~~~~~~~~~~~~~~~^~~~~~~
x86_64-linux-gnu-gcc -Wall -Wextra -ffreestanding -mcmodel=kernel -mno-red-zone -mno-mmx -mno-sse -mno-sse2 -fno-pic -fno-pie -O2 -Iinclude -MMD -DSHADOWBOX_VERSION=\"973cde5-dirty\" -fno-stack-protector -c kernel/font.c -o kernel/font.o
x86_64-linux-gnu-gcc -Wall -Wextra -ffreestanding -mcmodel=kernel -mno-red-zone -mno-mmx -mno-sse -mno-sse2 -fno-pic -fno-pie -O2 -Iinclude -MMD -DSHADOWBOX_VERSION=\"973cde5-dirty\" -fno-stack-protector -c kernel/sched.c -o kernel/sched.o
In file included from include/font.h:4,
                 from kernel/font.c:1:
include/types.h:34: warning: "offsetof" redefined
   34 | #define offsetof(type, member) ((size_t)&((type *)0)->member)
      | 
In file included from include/types.h:7,
                 from include/font.h:4,
                 from kernel/font.c:1:
/usr/lib/gcc/x86_64-linux-gnu/11/include/stddef.h:406: note: this is the location of the previous definition
  406 | #define offsetof(TYPE, MEMBER) __builtin_offsetof (TYPE, MEMBER)
      | 
kernel/font.c:11:20: warning: braces around scalar initializer
   11 |     /* 0x20 ' ' */ {0,0,0,0,0,0,0,0,0,0,0,0,0,0,0,0},
      |                    ^
kernel/font.c:11:20: note: (near initialization for ‘font8x16[512]’)
kernel/font.c:11:23: warning: excess elements in scalar initializer
   11 |     /* 0x20 ' ' */ {0,0,0,0,0,0,0,0,0,0,0,0,0,0,0,0},
      |                       ^
kernel/font.c:11:23: note: (near initialization for ‘font8x16[512]’)
kernel/font.c:11:25: warning: excess elements in scalar initializer
   11 |     /* 0x20 ' ' */ {0,0,0,0,0,0,0,0,0,0,0,0,0,0,0,0},
      |                         ^
kernel/font.c:11:25: note: (near initialization for ‘font8x16[512]’)
kernel/font.c:11:27: warning: excess elements in scalar initializer
   11 |     /* 0x20 ' ' */ {0,0,0,0,0,0,0,0,0,0,0,0,0,0,0,0},
      |                           ^
kernel/font.c:11:27: note: (near initialization for ‘font8x16[512]’)
kernel/font.c:11:29: warning: excess elements in scalar initializer
   11 |     /* 0x20 ' ' */ {0,0,0,0,0,0,0,0,0,0,0,0,0,0,0,0},
      |                             ^
kernel/font.c:11:29: note: (near initialization for ‘font8x16[512]’)
kernel/font.c:11:31: warning: excess elements in scalar initializer
   11 |     /* 0x20 ' ' */ {0,0,0,0,0,0,0,0,0,0,0,0,0,0,0,0},
      |                               ^
kernel/font.c:11:31: note: (near initialization for ‘font8x16[512]’)
kernel/font.c:11:33: warning: excess elements in scalar initializer
   11 |     /* 0x20 ' ' */ {0,0,0,0,0,0,0,0,0,0,0,0,0,0,0,0},
      |                                 ^
kernel/font.c:11:33: note: (near initialization for ‘font8x16[512]’)
kernel/font.c:11:35: warning: excess elements in scalar initializer
   11 |     /* 0x20 ' ' */ {0,0,0,0,0,0,0,0,0,0,0,0,0,0,0,0},
      |                                   ^
kernel/font.c:11:35: note: (near initialization for ‘font8x16[512]’)
kernel/font.c:11:37: warning: excess elements in scalar initializer
   11 |     /* 0x20 ' ' */ {0,0,0,0,0,0,0,0,0,0,0,0,0,0,0,0},
      |                                     ^
kernel/font.c:11:37: note: (near initialization for ‘font8x16[512]’)
kernel/font.c:11:39: warning: excess elements in scalar initializer
   11 |     /* 0x20 ' ' */ {0,0,0,0,0,0,0,0,0,0,0,0,0,0,0,0},
      |                                       ^
kernel/font.c:11:39: note: (near initialization for ‘font8x16[512]’)
kernel/font.c:11:41: warning: excess elements in scalar initializer
   11 |     /* 0x20 ' ' */ {0,0,0,0,0,0,0,0,0,0,0,0,0,0,0,0},
      |                                         ^
kernel/font.c:11:41: note: (near initialization for ‘font8x16[512]’)
kernel/font.c:11:43: warning: excess elements in scalar initializer
   11 |     /* 0x20 ' ' */ {0,0,0,0,0,0,0,0,0,0,0,0,0,0,0,0},
      |                                           ^
kernel/font.c:11:43: note: (near initialization for ‘font8x16[512]’)
kernel/font.c:11:45: warning: excess elements in scalar initializer
   11 |     /* 0x20 ' ' */ {0,0,0,0,0,0,0,0,0,0,0,0,0,0,0,0},
      |                                             ^
kernel/font.c:11:45: note: (near initialization for ‘font8x16[512]’)
kernel/font.c:11:47: warning: excess elements in scalar initializer
   11 |     /* 0x20 ' ' */ {0,0,0,0,0,0,0,0,0,0,0,0,0,0,0,0},
      |                                               ^
kernel/font.c:11:47: note: (near initialization for ‘font8x16[512]’)
kernel/font.c:11:49: warning: excess elements in scalar initializer
   11 |     /* 0x20 ' ' */ {0,0,0,0,0,0,0,0,0,0,0,0,0,0,0,0},
      |                                                 ^
kernel/font.c:11:49: note: (near initialization for ‘font8x16[512]’)
kernel/font.c:11:51: warning: excess elements in scalar initializer
   11 |     /* 0x20 ' ' */ {0,0,0,0,0,0,0,0,0,0,0,0,0,0,0,0},
      |                                                   ^
kernel/font.c:11:51: note: (near initialization for ‘font8x16[512]’)
kernel/font.c:12:20: warning: braces around scalar initializer
   12 |     /* 0x21 '!' */ {0,0,0x18,0x18,0x18,0x18,0x18,0x18,0x18,0,0x18,0x18,0,0,0,0},
      |                    ^
kernel/font.c:12:20: note: (near initialization for ‘font8x16[513]’)
kernel/font.c:12:23: warning: excess elements in scalar initializer
   12 |     /* 0x21 '!' */ {0,0,0x18,0x18,0x18,0x18,0x18,0x18,0x18,0,0x18,0x18,0,0,0,0},
      |                       ^
kernel/font.c:12:23: note: (near initialization for ‘font8x16[513]’)
kernel/font.c:12:25: warning: excess elements in scalar initializer
   12 |     /* 0x21 '!' */ {0,0,0x18,0x18,0x18,0x18,0x18,0x18,0x18,0,0x18,0x18,0,0,0,0},
      |                         ^~~~
kernel/font.c:12:25: note: (near initialization for ‘font8x16[513]’)
kernel/font.c:12:30: warning: excess elements in scalar initializer
   12 |     /* 0x21 '!' */ {0,0,0x18,0x18,0x18,0x18,0x18,0x18,0x18,0,0x18,0x18,0,0,0,0},
      |                              ^~~~
kernel/font.c:12:30: note: (near initialization for ‘font8x16[513]’)
kernel/font.c:12:35: warning: excess elements in scalar initializer
   12 |     /* 0x21 '!' */ {0,0,0x18,0x18,0x18,0x18,0x18,0x18,0x18,0,0x18,0x18,0,0,0,0},
      |                                   ^~~~
kernel/font.c:12:35: note: (near initialization for ‘font8x16[513]’)
kernel/font.c:12:40: warning: excess elements in scalar initializer
   12 |     /* 0x21 '!' */ {0,0,0x18,0x18,0x18,0x18,0x18,0x18,0x18,0,0x18,0x18,0,0,0,0},
      |                                        ^~~~
kernel/font.c:12:40: note: (near initialization for ‘font8x16[513]’)
kernel/font.c:12:45: warning: excess elements in scalar initializer
   12 |     /* 0x21 '!' */ {0,0,0x18,0x18,0x18,0x18,0x18,0x18,0x18,0,0x18,0x18,0,0,0,0},
      |                                             ^~~~
kernel/font.c:12:45: note: (near initialization for ‘font8x16[513]’)
kernel/font.c:12:50: warning: excess elements in scalar initializer
   12 |     /* 0x21 '!' */ {0,0,0x18,0x18,0x18,0x18,0x18,0x18,0x18,0,0x18,0x18,0,0,0,0},
      |                                                  ^~~~
kernel/font.c:12:50: note: (near initialization for ‘font8x16[513]’)
kernel/font.c:12:55: warning: excess elements in scalar initializer
   12 |     /* 0x21 '!' */ {0,0,0x18,0x18,0x18,0x18,0x18,0x18,0x18,0,0x18,0x18,0,0,0,0},
      |                                                       ^~~~
kernel/font.c:12:55: note: (near initialization for ‘font8x16[513]’)
kernel/font.c:12:60: warning: excess elements in scalar initializer
   12 |     /* 0x21 '!' */ {0,0,0x18,0x18,0x18,0x18,0x18,0x18,0x18,0,0x18,0x18,0,0,0,0},
      |                                                            ^
kernel/font.c:12:60: note: (near initialization for ‘font8x16[513]’)
kernel/font.c:12:62: warning: excess elements in scalar initializer
   12 |     /* 0x21 '!' */ {0,0,0x18,0x18,0x18,0x18,0x18,0x18,0x18,0,0x18,0x18,0,0,0,0},
      |                                                              ^~~~
kernel/font.c:12:62: note: (near initialization for ‘font8x16[513]’)
kernel/font.c:12:67: warning: excess elements in scalar initializer
   12 |     /* 0x21 '!' */ {0,0,0x18,0x18,0x18,0x18,0x18,0x18,0x18,0,0x18,0x18,0,0,0,0},
      |                                                                   ^~~~
kernel/font.c:12:67: note: (near initialization for ‘font8x16[513]’)
kernel/font.c:12:72: warning: excess elements in scalar initializer
   12 |     /* 0x21 '!' */ {0,0,0x18,0x18,0x18,0x18,0x18,0x18,0x18,0,0x18,0x18,0,0,0,0},
      |                                                                        ^
kernel/font.c:12:72: note: (near initialization for ‘font8x16[513]’)
kernel/font.c:12:74: warning: excess elements in scalar initializer
   12 |     /* 0x21 '!' */ {0,0,0x18,0x18,0x18,0x18,0x18,0x18,0x18,0,0x18,0x18,0,0,0,0},
      |                                                                          ^
kernel/font.c:12:74: note: (near initialization for ‘font8x16[513]’)
kernel/font.c:12:76: warning: excess elements in scalar initializer
   12 |     /* 0x21 '!' */ {0,0,0x18,0x18,0x18,0x18,0x18,0x18,0x18,0,0x18,0x18,0,0,0,0},
      |                                                                            ^
kernel/font.c:12:76: note: (near initialization for ‘font8x16[513]’)
kernel/font.c:12:78: warning: excess elements in scalar initializer
   12 |     /* 0x21 '!' */ {0,0,0x18,0x18,0x18,0x18,0x18,0x18,0x18,0,0x18,0x18,0,0,0,0},
      |                                                                              ^
kernel/font.c:12:78: note: (near initialization for ‘font8x16[513]’)
kernel/font.c:13:20: warning: braces around scalar initializer
   13 |     /* 0x22 '"' */ {0,0,0x6C,0x6C,0x6C,0,0,0,0,0,0,0,0,0,0,0},
      |                    ^
kernel/font.c:13:20: note: (near initialization for ‘font8x16[514]’)
kernel/font.c:13:23: warning: excess elements in scalar initializer
   13 |     /* 0x22 '"' */ {0,0,0x6C,0x6C,0x6C,0,0,0,0,0,0,0,0,0,0,0},
      |                       ^
kernel/font.c:13:23: note: (near initialization for ‘font8x16[514]’)
kernel/font.c:13:25: warning: excess elements in scalar initializer
   13 |     /* 0x22 '"' */ {0,0,0x6C,0x6C,0x6C,0,0,0,0,0,0,0,0,0,0,0},
      |                         ^~~~
kernel/font.c:13:25: note: (near initialization for ‘font8x16[514]’)
kernel/font.c:13:30: warning: excess elements in scalar initializer
   13 |     /* 0x22 '"' */ {0,0,0x6C,0x6C,0x6C,0,0,0,0,0,0,0,0,0,0,0},
      |                              ^~~~
kernel/font.c:13:30: note: (near initialization for ‘font8x16[514]’)
kernel/font.c:13:35: warning: excess elements in scalar initializer
   13 |     /* 0x22 '"' */ {0,0,0x6C,0x6C,0x6C,0,0,0,0,0,0,0,0,0,0,0},
      |                                   ^~~~
kernel/font.c:13:35: note: (near initialization for ‘font8x16[514]’)
kernel/font.c:13:40: warning: excess elements in scalar initializer
   13 |     /* 0x22 '"' */ {0,0,0x6C,0x6C,0x6C,0,0,0,0,0,0,0,0,0,0,0},
      |                                        ^
kernel/font.c:13:40: note: (near initialization for ‘font8x16[514]’)
kernel/font.c:13:42: warning: excess elements in scalar initializer
   13 |     /* 0x22 '"' */ {0,0,0x6C,0x6C,0x6C,0,0,0,0,0,0,0,0,0,0,0},
      |                                          ^
kernel/font.c:13:42: note: (near initialization for ‘font8x16[514]’)
kernel/font.c:13:44: warning: excess elements in scalar initializer
   13 |     /* 0x22 '"' */ {0,0,0x6C,0x6C,0x6C,0,0,0,0,0,0,0,0,0,0,0},
      |                                            ^
kernel/font.c:13:44: note: (near initialization for ‘font8x16[514]’)
kernel/font.c:13:46: warning: excess elements in scalar initializer
   13 |     /* 0x22 '"' */ {0,0,0x6C,0x6C,0x6C,0,0,0,0,0,0,0,0,0,0,0},
      |                                              ^
kernel/font.c:13:46: note: (near initialization for ‘font8x16[514]’)
kernel/font.c:13:48: warning: excess elements in scalar initializer
   13 |     /* 0x22 '"' */ {0,0,0x6C,0x6C,0x6C,0,0,0,0,0,0,0,0,0,0,0},
      |                                                ^
kernel/font.c:13:48: note: (near initialization for ‘font8x16[514]’)
kernel/font.c:13:50: warning: excess elements in scalar initializer
   13 |     /* 0x22 '"' */ {0,0,0x6C,0x6C,0x6C,0,0,0,0,0,0,0,0,0,0,0},
      |                                                  ^
kernel/font.c:13:50: note: (near initialization for ‘font8x16[514]’)
kernel/font.c:13:52: warning: excess elements in scalar initializer
   13 |     /* 0x22 '"' */ {0,0,0x6C,0x6C,0x6C,0,0,0,0,0,0,0,0,0,0,0},
      |                                                    ^
kernel/font.c:13:52: note: (near initialization for ‘font8x16[514]’)
kernel/font.c:13:54: warning: excess elements in scalar initializer
   13 |     /* 0x22 '"' */ {0,0,0x6C,0x6C,0x6C,0,0,0,0,0,0,0,0,0,0,0},
      |                                                      ^
kernel/font.c:13:54: note: (near initialization for ‘font8x16[514]’)
kernel/font.c:13:56: warning: excess elements in scalar initializer
   13 |     /* 0x22 '"' */ {0,0,0x6C,0x6C,0x6C,0,0,0,0,0,0,0,0,0,0,0},
      |                                                        ^
kernel/font.c:13:56: note: (near initialization for ‘font8x16[514]’)
kernel/font.c:13:58: warning: excess elements in scalar initializer
   13 |     /* 0x22 '"' */ {0,0,0x6C,0x6C,0x6C,0,0,0,0,0,0,0,0,0,0,0},
      |                                                          ^
kernel/font.c:13:58: note: (near initialization for ‘font8x16[514]’)
kernel/font.c:13:60: warning: excess elements in scalar initializer
   13 |     /* 0x22 '"' */ {0,0,0x6C,0x6C,0x6C,0,0,0,0,0,0,0,0,0,0,0},
      |                                                            ^
kernel/font.c:13:60: note: (near initialization for ‘font8x16[514]’)
kernel/font.c:14:20: warning: braces around scalar initializer
   14 |     /* 0x23 '#' */ {0,0,0x36,0x36,0x7F,0x36,0x36,0x7F,0x36,0x36,0,0,0,0,0,0},
      |                    ^
kernel/font.c:14:20: note: (near initialization for ‘font8x16[515]’)
kernel/font.c:14:23: warning: excess elements in scalar initializer
   14 |     /* 0x23 '#' */ {0,0,0x36,0x36,0x7F,0x36,0x36,0x7F,0x36,0x36,0,0,0,0,0,0},
      |                       ^
kernel/font.c:14:23: note: (near initialization for ‘font8x16[515]’)
kernel/font.c:14:25: warning: excess elements in scalar initializer
   14 |     /* 0x23 '#' */ {0,0,0x36,0x36,0x7F,0x36,0x36,0x7F,0x36,0x36,0,0,0,0,0,0},
      |                         ^~~~
kernel/font.c:14:25: note: (near initialization for ‘font8x16[515]’)
kernel/font.c:14:30: warning: excess elements in scalar initializer
   14 |     /* 0x23 '#' */ {0,0,0x36,0x36,0x7F,0x36,0x36,0x7F,0x36,0x36,0,0,0,0,0,0},
      |                              ^~~~
kernel/font.c:14:30: note: (near initialization for ‘font8x16[515]’)
kernel/font.c:14:35: warning: excess elements in scalar initializer
   14 |     /* 0x23 '#' */ {0,0,0x36,0x36,0x7F,0x36,0x36,0x7F,0x36,0x36,0,0,0,0,0,0},
      |                                   ^~~~
kernel/font.c:14:35: note: (near initialization for ‘font8x16[515]’)
kernel/font.c:14:40: warning: excess elements in scalar initializer
   14 |     /* 0x23 '#' */ {0,0,0x36,0x36,0x7F,0x36,0x36,0x7F,0x36,0x36,0,0,0,0,0,0},
      |                                        ^~~~
kernel/font.c:14:40: note: (near initialization for ‘font8x16[515]’)
kernel/font.c:14:45: warning: excess elements in scalar initializer
   14 |     /* 0x23 '#' */ {0,0,0x36,0x36,0x7F,0x36,0x36,0x7F,0x36,0x36,0,0,0,0,0,0},
      |                                             ^~~~
kernel/font.c:14:45: note: (near initialization for ‘font8x16[515]’)
kernel/font.c:14:50: warning: excess elements in scalar initializer
   14 |     /* 0x23 '#' */ {0,0,0x36,0x36,0x7F,0x36,0x36,0x7F,0x36,0x36,0,0,0,0,0,0},
      |                                                  ^~~~
kernel/font.c:14:50: note: (near initialization for ‘font8x16[515]’)
kernel/font.c:14:55: warning: excess elements in scalar initializer
   14 |     /* 0x23 '#' */ {0,0,0x36,0x36,0x7F,0x36,0x36,0x7F,0x36,0x36,0,0,0,0,0,0},
      |                                                       ^~~~
kernel/font.c:14:55: note: (near initialization for ‘font8x16[515]’)
kernel/font.c:14:60: warning: excess elements in scalar initializer
   14 |     /* 0x23 '#' */ {0,0,0x36,0x36,0x7F,0x36,0x36,0x7F,0x36,0x36,0,0,0,0,0,0},
      |                                                            ^~~~
kernel/font.c:14:60: note: (near initialization for ‘font8x16[515]’)
kernel/font.c:14:65: warning: excess elements in scalar initializer
   14 |     /* 0x23 '#' */ {0,0,0x36,0x36,0x7F,0x36,0x36,0x7F,0x36,0x36,0,0,0,0,0,0},
      |                                                                 ^
kernel/font.c:14:65: note: (near initialization for ‘font8x16[515]’)
kernel/font.c:14:67: warning: excess elements in scalar initializer
   14 |     /* 0x23 '#' */ {0,0,0x36,0x36,0x7F,0x36,0x36,0x7F,0x36,0x36,0,0,0,0,0,0},
      |                                                                   ^
kernel/font.c:14:67: note: (near initialization for ‘font8x16[515]’)
kernel/font.c:14:69: warning: excess elements in scalar initializer
   14 |     /* 0x23 '#' */ {0,0,0x36,0x36,0x7F,0x36,0x36,0x7F,0x36,0x36,0,0,0,0,0,0},
      |                                                                     ^
kernel/font.c:14:69: note: (near initialization for ‘font8x16[515]’)
kernel/font.c:14:71: warning: excess elements in scalar initializer
   14 |     /* 0x23 '#' */ {0,0,0x36,0x36,0x7F,0x36,0x36,0x7F,0x36,0x36,0,0,0,0,0,0},
      |                                                                       ^
kernel/font.c:14:71: note: (near initialization for ‘font8x16[515]’)
kernel/font.c:14:73: warning: excess elements in scalar initializer
   14 |     /* 0x23 '#' */ {0,0,0x36,0x36,0x7F,0x36,0x36,0x7F,0x36,0x36,0,0,0,0,0,0},
      |                                                                         ^
kernel/font.c:14:73: note: (near initialization for ‘font8x16[515]’)
kernel/font.c:14:75: warning: excess elements in scalar initializer
   14 |     /* 0x23 '#' */ {0,0,0x36,0x36,0x7F,0x36,0x36,0x7F,0x36,0x36,0,0,0,0,0,0},
      |                                                                           ^
kernel/font.c:14:75: note: (near initialization for ‘font8x16[515]’)
kernel/font.c:15:20: warning: braces around scalar initializer
   15 |     /* 0x24 '$' */ {0,0x08,0x3E,0x6B,0x6B,0x68,0x3E,0x0B,0x6B,0x6B,0x3E,0x08,0,0,0,0},
      |                    ^
kernel/font.c:15:20: note: (near initialization for ‘font8x16[516]’)
kernel/font.c:15:23: warning: excess elements in scalar initializer
   15 |     /* 0x24 '$' */ {0,0x08,0x3E,0x6B,0x6B,0x68,0x3E,0x0B,0x6B,0x6B,0x3E,0x08,0,0,0,0},
      |                       ^~~~
kernel/font.c:15:23: note: (near initialization for ‘font8x16[516]’)
kernel/font.c:15:28: warning: excess elements in scalar initializer
   15 |     /* 0x24 '$' */ {0,0x08,0x3E,0x6B,0x6B,0x68,0x3E,0x0B,0x6B,0x6B,0x3E,0x08,0,0,0,0},
      |                            ^~~~
kernel/font.c:15:28: note: (near initialization for ‘font8x16[516]’)
kernel/font.c:15:33: warning: excess elements in scalar initializer
   15 |     /* 0x24 '$' */ {0,0x08,0x3E,0x6B,0x6B,0x68,0x3E,0x0B,0x6B,0x6B,0x3E,0x08,0,0,0,0},
      |                                 ^~~~
kernel/font.c:15:33: note: (near initialization for ‘font8x16[516]’)
kernel/font.c:15:38: warning: excess elements in scalar initializer
   15 |     /* 0x24 '$' */ {0,0x08,0x3E,0x6B,0x6B,0x68,0x3E,0x0B,0x6B,0x6B,0x3E,0x08,0,0,0,0},
      |                                      ^~~~
kernel/font.c:15:38: note: (near initialization for ‘font8x16[516]’)
kernel/font.c:15:43: warning: excess elements in scalar initializer
   15 |     /* 0x24 '$' */ {0,0x08,0x3E,0x6B,0x6B,0x68,0x3E,0x0B,0x6B,0x6B,0x3E,0x08,0,0,0,0},
      |                                           ^~~~
kernel/font.c:15:43: note: (near initialization for ‘font8x16[516]’)
kernel/font.c:15:48: warning: excess elements in scalar initializer
   15 |     /* 0x24 '$' */ {0,0x08,0x3E,0x6B,0x6B,0x68,0x3E,0x0B,0x6B,0x6B,0x3E,0x08,0,0,0,0},
      |                                                ^~~~
kernel/font.c:15:48: note: (near initialization for ‘font8x16[516]’)
kernel/font.c:15:53: warning: excess elements in scalar initializer
   15 |     /* 0x24 '$' */ {0,0x08,0x3E,0x6B,0x6B,0x68,0x3E,0x0B,0x6B,0x6B,0x3E,0x08,0,0,0,0},
      |                                                     ^~~~
kernel/font.c:15:53: note: (near initialization for ‘font8x16[516]’)
kernel/font.c:15:58: warning: excess elements in scalar initializer
   15 |     /* 0x24 '$' */ {0,0x08,0x3E,0x6B,0x6B,0x68,0x3E,0x0B,0x6B,0x6B,0x3E,0x08,0,0,0,0},
      |                                                          ^~~~
kernel/font.c:15:58: note: (near initialization for ‘font8x16[516]’)
kernel/font.c:15:63: warning: excess elements in scalar initializer
   15 |     /* 0x24 '$' */ {0,0x08,0x3E,0x6B,0x6B,0x68,0x3E,0x0B,0x6B,0x6B,0x3E,0x08,0,0,0,0},
      |                                                               ^~~~
kernel/font.c:15:63: note: (near initialization for ‘font8x16[516]’)
kernel/font.c:15:68: warning: excess elements in scalar initializer
   15 |     /* 0x24 '$' */ {0,0x08,0x3E,0x6B,0x6B,0x68,0x3E,0x0B,0x6B,0x6B,0x3E,0x08,0,0,0,0},
      |                                                                    ^~~~
kernel/font.c:15:68: note: (near initialization for ‘font8x16[516]’)
kernel/font.c:15:73: warning: excess elements in scalar initializer
   15 |     /* 0x24 '$' */ {0,0x08,0x3E,0x6B,0x6B,0x68,0x3E,0x0B,0x6B,0x6B,0x3E,0x08,0,0,0,0},
      |                                                                         ^~~~
kernel/font.c:15:73: note: (near initialization for ‘font8x16[516]’)
kernel/font.c:15:78: warning: excess elements in scalar initializer
   15 |     /* 0x24 '$' */ {0,0x08,0x3E,0x6B,0x6B,0x68,0x3E,0x0B,0x6B,0x6B,0x3E,0x08,0,0,0,0},
      |                                                                              ^
kernel/font.c:15:78: note: (near initialization for ‘font8x16[516]’)
kernel/font.c:15:80: warning: excess elements in scalar initializer
   15 |     /* 0x24 '$' */ {0,0x08,0x3E,0x6B,0x6B,0x68,0x3E,0x0B,0x6B,0x6B,0x3E,0x08,0,0,0,0},
      |                                                                                ^
kernel/font.c:15:80: note: (near initialization for ‘font8x16[516]’)
kernel/font.c:15:82: warning: excess elements in scalar initializer
   15 |     /* 0x24 '$' */ {0,0x08,0x3E,0x6B,0x6B,0x68,0x3E,0x0B,0x6B,0x6B,0x3E,0x08,0,0,0,0},
      |                                                                                  ^
kernel/font.c:15:82: note: (near initialization for ‘font8x16[516]’)
kernel/font.c:15:84: warning: excess elements in scalar initializer
   15 |     /* 0x24 '$' */ {0,0x08,0x3E,0x6B,0x6B,0x68,0x3E,0x0B,0x6B,0x6B,0x3E,0x08,0,0,0,0},
      |                                                                                    ^
kernel/font.c:15:84: note: (near initialization for ‘font8x16[516]’)
kernel/font.c:16:20: warning: braces around scalar initializer
   16 |     /* 0x25 '%' */ {0,0,0x63,0x63,0x06,0x0C,0x18,0x30,0x63,0x63,0,0,0,0,0,0},
      |                    ^
kernel/font.c:16:20: note: (near initialization for ‘font8x16[517]’)
kernel/font.c:16:23: warning: excess elements in scalar initializer
   16 |     /* 0x25 '%' */ {0,0,0x63,0x63,0x06,0x0C,0x18,0x30,0x63,0x63,0,0,0,0,0,0},
      |                       ^
kernel/font.c:16:23: note: (near initialization for ‘font8x16[517]’)
kernel/font.c:16:25: warning: excess elements in scalar initializer
   16 |     /* 0x25 '%' */ {0,0,0x63,0x63,0x06,0x0C,0x18,0x30,0x63,0x63,0,0,0,0,0,0},
      |                         ^~~~
kernel/font.c:16:25: note: (near initialization for ‘font8x16[517]’)
kernel/font.c:16:30: warning: excess elements in scalar initializer
   16 |     /* 0x25 '%' */ {0,0,0x63,0x63,0x06,0x0C,0x18,0x30,0x63,0x63,0,0,0,0,0,0},
      |                              ^~~~
kernel/font.c:16:30: note: (near initialization for ‘font8x16[517]’)
kernel/font.c:16:35: warning: excess elements in scalar initializer
   16 |     /* 0x25 '%' */ {0,0,0x63,0x63,0x06,0x0C,0x18,0x30,0x63,0x63,0,0,0,0,0,0},
      |                                   ^~~~
kernel/font.c:16:35: note: (near initialization for ‘font8x16[517]’)
kernel/font.c:16:40: warning: excess elements in scalar initializer
   16 |     /* 0x25 '%' */ {0,0,0x63,0x63,0x06,0x0C,0x18,0x30,0x63,0x63,0,0,0,0,0,0},
      |                                        ^~~~
kernel/font.c:16:40: note: (near initialization for ‘font8x16[517]’)
kernel/font.c:16:45: warning: excess elements in scalar initializer
   16 |     /* 0x25 '%' */ {0,0,0x63,0x63,0x06,0x0C,0x18,0x30,0x63,0x63,0,0,0,0,0,0},
      |                                             ^~~~
kernel/font.c:16:45: note: (near initialization for ‘font8x16[517]’)
kernel/font.c:16:50: warning: excess elements in scalar initializer
   16 |     /* 0x25 '%' */ {0,0,0x63,0x63,0x06,0x0C,0x18,0x30,0x63,0x63,0,0,0,0,0,0},
      |                                                  ^~~~
kernel/font.c:16:50: note: (near initialization for ‘font8x16[517]’)
kernel/font.c:16:55: warning: excess elements in scalar initializer
   16 |     /* 0x25 '%' */ {0,0,0x63,0x63,0x06,0x0C,0x18,0x30,0x63,0x63,0,0,0,0,0,0},
      |                                                       ^~~~
kernel/font.c:16:55: note: (near initialization for ‘font8x16[517]’)
kernel/font.c:16:60: warning: excess elements in scalar initializer
   16 |     /* 0x25 '%' */ {0,0,0x63,0x63,0x06,0x0C,0x18,0x30,0x63,0x63,0,0,0,0,0,0},
      |                                                            ^~~~
kernel/font.c:16:60: note: (near initialization for ‘font8x16[517]’)
kernel/font.c:16:65: warning: excess elements in scalar initializer
   16 |     /* 0x25 '%' */ {0,0,0x63,0x63,0x06,0x0C,0x18,0x30,0x63,0x63,0,0,0,0,0,0},
      |                                                                 ^
kernel/font.c:16:65: note: (near initialization for ‘font8x16[517]’)
kernel/font.c:16:67: warning: excess elements in scalar initializer
   16 |     /* 0x25 '%' */ {0,0,0x63,0x63,0x06,0x0C,0x18,0x30,0x63,0x63,0,0,0,0,0,0},
      |                                                                   ^
kernel/font.c:16:67: note: (near initialization for ‘font8x16[517]’)
kernel/font.c:16:69: warning: excess elements in scalar initializer
   16 |     /* 0x25 '%' */ {0,0,0x63,0x63,0x06,0x0C,0x18,0x30,0x63,0x63,0,0,0,0,0,0},
      |                                                                     ^
kernel/font.c:16:69: note: (near initialization for ‘font8x16[517]’)
kernel/font.c:16:71: warning: excess elements in scalar initializer
   16 |     /* 0x25 '%' */ {0,0,0x63,0x63,0x06,0x0C,0x18,0x30,0x63,0x63,0,0,0,0,0,0},
      |                                                                       ^
kernel/font.c:16:71: note: (near initialization for ‘font8x16[517]’)
kernel/font.c:16:73: warning: excess elements in scalar initializer
   16 |     /* 0x25 '%' */ {0,0,0x63,0x63,0x06,0x0C,0x18,0x30,0x63,0x63,0,0,0,0,0,0},
      |                                                                         ^
kernel/font.c:16:73: note: (near initialization for ‘font8x16[517]’)
kernel/font.c:16:75: warning: excess elements in scalar initializer
   16 |     /* 0x25 '%' */ {0,0,0x63,0x63,0x06,0x0C,0x18,0x30,0x63,0x63,0,0,0,0,0,0},
      |                                                                           ^
kernel/font.c:16:75: note: (near initialization for ‘font8x16[517]’)
kernel/font.c:17:20: warning: braces around scalar initializer
   17 |     /* 0x26 '&' */ {0,0,0x1C,0x36,0x36,0x1C,0x3B,0x6E,0x66,0x66,0x3B,0,0,0,0,0},
      |                    ^
kernel/font.c:17:20: note: (near initialization for ‘font8x16[518]’)
kernel/font.c:17:23: warning: excess elements in scalar initializer
   17 |     /* 0x26 '&' */ {0,0,0x1C,0x36,0x36,0x1C,0x3B,0x6E,0x66,0x66,0x3B,0,0,0,0,0},
      |                       ^
kernel/font.c:17:23: note: (near initialization for ‘font8x16[518]’)
kernel/font.c:17:25: warning: excess elements in scalar initializer
   17 |     /* 0x26 '&' */ {0,0,0x1C,0x36,0x36,0x1C,0x3B,0x6E,0x66,0x66,0x3B,0,0,0,0,0},
      |                         ^~~~
kernel/font.c:17:25: note: (near initialization for ‘font8x16[518]’)
kernel/font.c:17:30: warning: excess elements in scalar initializer
   17 |     /* 0x26 '&' */ {0,0,0x1C,0x36,0x36,0x1C,0x3B,0x6E,0x66,0x66,0x3B,0,0,0,0,0},
      |                              ^~~~
kernel/font.c:17:30: note: (near initialization for ‘font8x16[518]’)
kernel/font.c:17:35: warning: excess elements in scalar initializer
   17 |     /* 0x26 '&' */ {0,0,0x1C,0x36,0x36,0x1C,0x3B,0x6E,0x66,0x66,0x3B,0,0,0,0,0},
      |                                   ^~~~
kernel/font.c:17:35: note: (near initialization for ‘font8x16[518]’)
kernel/font.c:17:40: warning: excess elements in scalar initializer
   17 |     /* 0x26 '&' */ {0,0,0x1C,0x36,0x36,0x1C,0x3B,0x6E,0x66,0x66,0x3B,0,0,0,0,0},
      |                                        ^~~~
kernel/font.c:17:40: note: (near initialization for ‘font8x16[518]’)
kernel/font.c:17:45: warning: excess elements in scalar initializer
   17 |     /* 0x26 '&' */ {0,0,0x1C,0x36,0x36,0x1C,0x3B,0x6E,0x66,0x66,0x3B,0,0,0,0,0},
      |                                             ^~~~
kernel/font.c:17:45: note: (near initialization for ‘font8x16[518]’)
kernel/font.c:17:50: warning: excess elements in scalar initializer
   17 |     /* 0x26 '&' */ {0,0,0x1C,0x36,0x36,0x1C,0x3B,0x6E,0x66,0x66,0x3B,0,0,0,0,0},
      |                                                  ^~~~
kernel/font.c:17:50: note: (near initialization for ‘font8x16[518]’)
kernel/font.c:17:55: warning: excess elements in scalar initializer
   17 |     /* 0x26 '&' */ {0,0,0x1C,0x36,0x36,0x1C,0x3B,0x6E,0x66,0x66,0x3B,0,0,0,0,0},
      |                                                       ^~~~
kernel/font.c:17:55: note: (near initialization for ‘font8x16[518]’)
kernel/font.c:17:60: warning: excess elements in scalar initializer
   17 |     /* 0x26 '&' */ {0,0,0x1C,0x36,0x36,0x1C,0x3B,0x6E,0x66,0x66,0x3B,0,0,0,0,0},
      |                                                            ^~~~
kernel/font.c:17:60: note: (near initialization for ‘font8x16[518]’)
kernel/font.c:17:65: warning: excess elements in scalar initializer
   17 |     /* 0x26 '&' */ {0,0,0x1C,0x36,0x36,0x1C,0x3B,0x6E,0x66,0x66,0x3B,0,0,0,0,0},
      |                                                                 ^~~~
kernel/font.c:17:65: note: (near initialization for ‘font8x16[518]’)
kernel/font.c:17:70: warning: excess elements in scalar initializer
   17 |     /* 0x26 '&' */ {0,0,0x1C,0x36,0x36,0x1C,0x3B,0x6E,0x66,0x66,0x3B,0,0,0,0,0},
      |                                                                      ^
kernel/font.c:17:70: note: (near initialization for ‘font8x16[518]’)
kernel/font.c:17:72: warning: excess elements in scalar initializer
   17 |     /* 0x26 '&' */ {0,0,0x1C,0x36,0x36,0x1C,0x3B,0x6E,0x66,0x66,0x3B,0,0,0,0,0},
      |                                                                        ^
kernel/font.c:17:72: note: (near initialization for ‘font8x16[518]’)
kernel/font.c:17:74: warning: excess elements in scalar initializer
   17 |     /* 0x26 '&' */ {0,0,0x1C,0x36,0x36,0x1C,0x3B,0x6E,0x66,0x66,0x3B,0,0,0,0,0},
      |                                                                          ^
kernel/font.c:17:74: note: (near initialization for ‘font8x16[518]’)
kernel/font.c:17:76: warning: excess elements in scalar initializer
   17 |     /* 0x26 '&' */ {0,0,0x1C,0x36,0x36,0x1C,0x3B,0x6E,0x66,0x66,0x3B,0,0,0,0,0},
      |                                                                            ^
kernel/font.c:17:76: note: (near initialization for ‘font8x16[518]’)
kernel/font.c:17:78: warning: excess elements in scalar initializer
   17 |     /* 0x26 '&' */ {0,0,0x1C,0x36,0x36,0x1C,0x3B,0x6E,0x66,0x66,0x3B,0,0,0,0,0},
      |                                                                              ^
kernel/font.c:17:78: note: (near initialization for ‘font8x16[518]’)
kernel/font.c:18:21: warning: braces around scalar initializer
   18 |     /* 0x27 '\'' */ {0,0,0x18,0x18,0x18,0,0,0,0,0,0,0,0,0,0,0},
      |                     ^
kernel/font.c:18:21: note: (near initialization for ‘font8x16[519]’)
kernel/font.c:18:24: warning: excess elements in scalar initializer
   18 |     /* 0x27 '\'' */ {0,0,0x18,0x18,0x18,0,0,0,0,0,0,0,0,0,0,0},
      |                        ^
kernel/font.c:18:24: note: (near initialization for ‘font8x16[519]’)
kernel/font.c:18:26: warning: excess elements in scalar initializer
   18 |     /* 0x27 '\'' */ {0,0,0x18,0x18,0x18,0,0,0,0,0,0,0,0,0,0,0},
      |                          ^~~~
kernel/font.c:18:26: note: (near initialization for ‘font8x16[519]’)
kernel/font.c:18:31: warning: excess elements in scalar initializer
   18 |     /* 0x27 '\'' */ {0,0,0x18,0x18,0x18,0,0,0,0,0,0,0,0,0,0,0},
      |                               ^~~~
kernel/font.c:18:31: note: (near initialization for ‘font8x16[519]’)
kernel/font.c:18:36: warning: excess elements in scalar initializer
   18 |     /* 0x27 '\'' */ {0,0,0x18,0x18,0x18,0,0,0,0,0,0,0,0,0,0,0},
      |                                    ^~~~
kernel/font.c:18:36: note: (near initialization for ‘font8x16[519]’)
kernel/font.c:18:41: warning: excess elements in scalar initializer
   18 |     /* 0x27 '\'' */ {0,0,0x18,0x18,0x18,0,0,0,0,0,0,0,0,0,0,0},
      |                                         ^
kernel/font.c:18:41: note: (near initialization for ‘font8x16[519]’)
kernel/font.c:18:43: warning: excess elements in scalar initializer
   18 |     /* 0x27 '\'' */ {0,0,0x18,0x18,0x18,0,0,0,0,0,0,0,0,0,0,0},
      |                                           ^
kernel/font.c:18:43: note: (near initialization for ‘font8x16[519]’)
kernel/font.c:18:45: warning: excess elements in scalar initializer
   18 |     /* 0x27 '\'' */ {0,0,0x18,0x18,0x18,0,0,0,0,0,0,0,0,0,0,0},
      |                                             ^
kernel/font.c:18:45: note: (near initialization for ‘font8x16[519]’)
kernel/font.c:18:47: warning: excess elements in scalar initializer
   18 |     /* 0x27 '\'' */ {0,0,0x18,0x18,0x18,0,0,0,0,0,0,0,0,0,0,0},
      |                                               ^
kernel/font.c:18:47: note: (near initialization for ‘font8x16[519]’)
kernel/font.c:18:49: warning: excess elements in scalar initializer
   18 |     /* 0x27 '\'' */ {0,0,0x18,0x18,0x18,0,0,0,0,0,0,0,0,0,0,0},
      |                                                 ^
kernel/font.c:18:49: note: (near initialization for ‘font8x16[519]’)
kernel/font.c:18:51: warning: excess elements in scalar initializer
   18 |     /* 0x27 '\'' */ {0,0,0x18,0x18,0x18,0,0,0,0,0,0,0,0,0,0,0},
      |                                                   ^
kernel/font.c:18:51: note: (near initialization for ‘font8x16[519]’)
kernel/font.c:18:53: warning: excess elements in scalar initializer
   18 |     /* 0x27 '\'' */ {0,0,0x18,0x18,0x18,0,0,0,0,0,0,0,0,0,0,0},
      |                                                     ^
kernel/font.c:18:53: note: (near initialization for ‘font8x16[519]’)
kernel/font.c:18:55: warning: excess elements in scalar initializer
   18 |     /* 0x27 '\'' */ {0,0,0x18,0x18,0x18,0,0,0,0,0,0,0,0,0,0,0},
      |                                                       ^
kernel/font.c:18:55: note: (near initialization for ‘font8x16[519]’)
kernel/font.c:18:57: warning: excess elements in scalar initializer
   18 |     /* 0x27 '\'' */ {0,0,0x18,0x18,0x18,0,0,0,0,0,0,0,0,0,0,0},
      |                                                         ^
kernel/font.c:18:57: note: (near initialization for ‘font8x16[519]’)
kernel/font.c:18:59: warning: excess elements in scalar initializer
   18 |     /* 0x27 '\'' */ {0,0,0x18,0x18,0x18,0,0,0,0,0,0,0,0,0,0,0},
      |                                                           ^
kernel/font.c:18:59: note: (near initialization for ‘font8x16[519]’)
kernel/font.c:18:61: warning: excess elements in scalar initializer
   18 |     /* 0x27 '\'' */ {0,0,0x18,0x18,0x18,0,0,0,0,0,0,0,0,0,0,0},
      |                                                             ^
kernel/font.c:18:61: note: (near initialization for ‘font8x16[519]’)
kernel/font.c:19:20: warning: braces around scalar initializer
   19 |     /* 0x28 '(' */ {0,0,0x0C,0x18,0x18,0x30,0x30,0x30,0x18,0x18,0x0C,0,0,0,0,0},
      |                    ^
kernel/font.c:19:20: note: (near initialization for ‘font8x16[520]’)
kernel/font.c:19:23: warning: excess elements in scalar initializer
   19 |     /* 0x28 '(' */ {0,0,0x0C,0x18,0x18,0x30,0x30,0x30,0x18,0x18,0x0C,0,0,0,0,0},
      |                       ^
kernel/font.c:19:23: note: (near initialization for ‘font8x16[520]’)
kernel/font.c:19:25: warning: excess elements in scalar initializer
   19 |     /* 0x28 '(' */ {0,0,0x0C,0x18,0x18,0x30,0x30,0x30,0x18,0x18,0x0C,0,0,0,0,0},
      |                         ^~~~
kernel/font.c:19:25: note: (near initialization for ‘font8x16[520]’)
kernel/font.c:19:30: warning: excess elements in scalar initializer
   19 |     /* 0x28 '(' */ {0,0,0x0C,0x18,0x18,0x30,0x30,0x30,0x18,0x18,0x0C,0,0,0,0,0},
      |                              ^~~~
kernel/font.c:19:30: note: (near initialization for ‘font8x16[520]’)
kernel/font.c:19:35: warning: excess elements in scalar initializer
   19 |     /* 0x28 '(' */ {0,0,0x0C,0x18,0x18,0x30,0x30,0x30,0x18,0x18,0x0C,0,0,0,0,0},
      |                                   ^~~~
kernel/font.c:19:35: note: (near initialization for ‘font8x16[520]’)
kernel/font.c:19:40: warning: excess elements in scalar initializer
   19 |     /* 0x28 '(' */ {0,0,0x0C,0x18,0x18,0x30,0x30,0x30,0x18,0x18,0x0C,0,0,0,0,0},
      |                                        ^~~~
kernel/font.c:19:40: note: (near initialization for ‘font8x16[520]’)
kernel/font.c:19:45: warning: excess elements in scalar initializer
   19 |     /* 0x28 '(' */ {0,0,0x0C,0x18,0x18,0x30,0x30,0x30,0x18,0x18,0x0C,0,0,0,0,0},
      |                                             ^~~~
kernel/font.c:19:45: note: (near initialization for ‘font8x16[520]’)
kernel/font.c:19:50: warning: excess elements in scalar initializer
   19 |     /* 0x28 '(' */ {0,0,0x0C,0x18,0x18,0x30,0x30,0x30,0x18,0x18,0x0C,0,0,0,0,0},
      |                                                  ^~~~
kernel/font.c:19:50: note: (near initialization for ‘font8x16[520]’)
kernel/font.c:19:55: warning: excess elements in scalar initializer
   19 |     /* 0x28 '(' */ {0,0,0x0C,0x18,0x18,0x30,0x30,0x30,0x18,0x18,0x0C,0,0,0,0,0},
      |                                                       ^~~~
kernel/font.c:19:55: note: (near initialization for ‘font8x16[520]’)
kernel/font.c:19:60: warning: excess elements in scalar initializer
   19 |     /* 0x28 '(' */ {0,0,0x0C,0x18,0x18,0x30,0x30,0x30,0x18,0x18,0x0C,0,0,0,0,0},
      |                                                            ^~~~
kernel/font.c:19:60: note: (near initialization for ‘font8x16[520]’)
kernel/font.c:19:65: warning: excess elements in scalar initializer
   19 |     /* 0x28 '(' */ {0,0,0x0C,0x18,0x18,0x30,0x30,0x30,0x18,0x18,0x0C,0,0,0,0,0},
      |                                                                 ^~~~
kernel/font.c:19:65: note: (near initialization for ‘font8x16[520]’)
kernel/font.c:19:70: warning: excess elements in scalar initializer
   19 |     /* 0x28 '(' */ {0,0,0x0C,0x18,0x18,0x30,0x30,0x30,0x18,0x18,0x0C,0,0,0,0,0},
      |                                                                      ^
kernel/font.c:19:70: note: (near initialization for ‘font8x16[520]’)
kernel/font.c:19:72: warning: excess elements in scalar initializer
   19 |     /* 0x28 '(' */ {0,0,0x0C,0x18,0x18,0x30,0x30,0x30,0x18,0x18,0x0C,0,0,0,0,0},
      |                                                                        ^
kernel/font.c:19:72: note: (near initialization for ‘font8x16[520]’)
kernel/font.c:19:74: warning: excess elements in scalar initializer
   19 |     /* 0x28 '(' */ {0,0,0x0C,0x18,0x18,0x30,0x30,0x30,0x18,0x18,0x0C,0,0,0,0,0},
      |                                                                          ^
kernel/font.c:19:74: note: (near initialization for ‘font8x16[520]’)
kernel/font.c:19:76: warning: excess elements in scalar initializer
   19 |     /* 0x28 '(' */ {0,0,0x0C,0x18,0x18,0x30,0x30,0x30,0x18,0x18,0x0C,0,0,0,0,0},
      |                                                                            ^
kernel/font.c:19:76: note: (near initialization for ‘font8x16[520]’)
kernel/font.c:19:78: warning: excess elements in scalar initializer
   19 |     /* 0x28 '(' */ {0,0,0x0C,0x18,0x18,0x30,0x30,0x30,0x18,0x18,0x0C,0,0,0,0,0},
      |                                                                              ^
kernel/font.c:19:78: note: (near initialization for ‘font8x16[520]’)
kernel/font.c:20:20: warning: braces around scalar initializer
   20 |     /* 0x29 ')' */ {0,0,0x30,0x18,0x18,0x0C,0x0C,0x0C,0x18,0x18,0x30,0,0,0,0,0},
      |                    ^
kernel/font.c:20:20: note: (near initialization for ‘font8x16[521]’)
kernel/font.c:20:23: warning: excess elements in scalar initializer
   20 |     /* 0x29 ')' */ {0,0,0x30,0x18,0x18,0x0C,0x0C,0x0C,0x18,0x18,0x30,0,0,0,0,0},
      |                       ^
kernel/font.c:20:23: note: (near initialization for ‘font8x16[521]’)
kernel/font.c:20:25: warning: excess elements in scalar initializer
   20 |     /* 0x29 ')' */ {0,0,0x30,0x18,0x18,0x0C,0x0C,0x0C,0x18,0x18,0x30,0,0,0,0,0},
      |                         ^~~~
kernel/font.c:20:25: note: (near initialization for ‘font8x16[521]’)
kernel/font.c:20:30: warning: excess elements in scalar initializer
   20 |     /* 0x29 ')' */ {0,0,0x30,0x18,0x18,0x0C,0x0C,0x0C,0x18,0x18,0x30,0,0,0,0,0},
      |                              ^~~~
kernel/font.c:20:30: note: (near initialization for ‘font8x16[521]’)
kernel/font.c:20:35: warning: excess elements in scalar initializer
   20 |     /* 0x29 ')' */ {0,0,0x30,0x18,0x18,0x0C,0x0C,0x0C,0x18,0x18,0x30,0,0,0,0,0},
      |                                   ^~~~
kernel/font.c:20:35: note: (near initialization for ‘font8x16[521]’)
kernel/font.c:20:40: warning: excess elements in scalar initializer
   20 |     /* 0x29 ')' */ {0,0,0x30,0x18,0x18,0x0C,0x0C,0x0C,0x18,0x18,0x30,0,0,0,0,0},
      |                                        ^~~~
kernel/font.c:20:40: note: (near initialization for ‘font8x16[521]’)
kernel/font.c:20:45: warning: excess elements in scalar initializer
   20 |     /* 0x29 ')' */ {0,0,0x30,0x18,0x18,0x0C,0x0C,0x0C,0x18,0x18,0x30,0,0,0,0,0},
      |                                             ^~~~
kernel/font.c:20:45: note: (near initialization for ‘font8x16[521]’)
kernel/font.c:20:50: warning: excess elements in scalar initializer
   20 |     /* 0x29 ')' */ {0,0,0x30,0x18,0x18,0x0C,0x0C,0x0C,0x18,0x18,0x30,0,0,0,0,0},
      |                                                  ^~~~
kernel/font.c:20:50: note: (near initialization for ‘font8x16[521]’)
kernel/font.c:20:55: warning: excess elements in scalar initializer
   20 |     /* 0x29 ')' */ {0,0,0x30,0x18,0x18,0x0C,0x0C,0x0C,0x18,0x18,0x30,0,0,0,0,0},
      |                                                       ^~~~
kernel/font.c:20:55: note: (near initialization for ‘font8x16[521]’)
kernel/font.c:20:60: warning: excess elements in scalar initializer
   20 |     /* 0x29 ')' */ {0,0,0x30,0x18,0x18,0x0C,0x0C,0x0C,0x18,0x18,0x30,0,0,0,0,0},
      |                                                            ^~~~
kernel/font.c:20:60: note: (near initialization for ‘font8x16[521]’)
kernel/font.c:20:65: warning: excess elements in scalar initializer
   20 |     /* 0x29 ')' */ {0,0,0x30,0x18,0x18,0x0C,0x0C,0x0C,0x18,0x18,0x30,0,0,0,0,0},
      |                                                                 ^~~~
kernel/font.c:20:65: note: (near initialization for ‘font8x16[521]’)
kernel/font.c:20:70: warning: excess elements in scalar initializer
   20 |     /* 0x29 ')' */ {0,0,0x30,0x18,0x18,0x0C,0x0C,0x0C,0x18,0x18,0x30,0,0,0,0,0},
      |                                                                      ^
kernel/font.c:20:70: note: (near initialization for ‘font8x16[521]’)
kernel/font.c:20:72: warning: excess elements in scalar initializer
   20 |     /* 0x29 ')' */ {0,0,0x30,0x18,0x18,0x0C,0x0C,0x0C,0x18,0x18,0x30,0,0,0,0,0},
      |                                                                        ^
kernel/font.c:20:72: note: (near initialization for ‘font8x16[521]’)
kernel/font.c:20:74: warning: excess elements in scalar initializer
   20 |     /* 0x29 ')' */ {0,0,0x30,0x18,0x18,0x0C,0x0C,0x0C,0x18,0x18,0x30,0,0,0,0,0},
      |                                                                          ^
kernel/font.c:20:74: note: (near initialization for ‘font8x16[521]’)
kernel/font.c:20:76: warning: excess elements in scalar initializer
   20 |     /* 0x29 ')' */ {0,0,0x30,0x18,0x18,0x0C,0x0C,0x0C,0x18,0x18,0x30,0,0,0,0,0},
      |                                                                            ^
kernel/font.c:20:76: note: (near initialization for ‘font8x16[521]’)
kernel/font.c:20:78: warning: excess elements in scalar initializer
   20 |     /* 0x29 ')' */ {0,0,0x30,0x18,0x18,0x0C,0x0C,0x0C,0x18,0x18,0x30,0,0,0,0,0},
      |                                                                              ^
kernel/font.c:20:78: note: (near initialization for ‘font8x16[521]’)
kernel/font.c:21:20: warning: braces around scalar initializer
   21 |     /* 0x2A '*' */ {0,0,0,0x66,0x3C,0xFF,0x3C,0x66,0,0,0,0,0,0,0,0},
      |                    ^
kernel/font.c:21:20: note: (near initialization for ‘font8x16[522]’)
kernel/font.c:21:23: warning: excess elements in scalar initializer
   21 |     /* 0x2A '*' */ {0,0,0,0x66,0x3C,0xFF,0x3C,0x66,0,0,0,0,0,0,0,0},
      |                       ^
kernel/font.c:21:23: note: (near initialization for ‘font8x16[522]’)
kernel/font.c:21:25: warning: excess elements in scalar initializer
   21 |     /* 0x2A '*' */ {0,0,0,0x66,0x3C,0xFF,0x3C,0x66,0,0,0,0,0,0,0,0},
      |                         ^
kernel/font.c:21:25: note: (near initialization for ‘font8x16[522]’)
kernel/font.c:21:27: warning: excess elements in scalar initializer
   21 |     /* 0x2A '*' */ {0,0,0,0x66,0x3C,0xFF,0x3C,0x66,0,0,0,0,0,0,0,0},
      |                           ^~~~
kernel/font.c:21:27: note: (near initialization for ‘font8x16[522]’)
kernel/font.c:21:32: warning: excess elements in scalar initializer
   21 |     /* 0x2A '*' */ {0,0,0,0x66,0x3C,0xFF,0x3C,0x66,0,0,0,0,0,0,0,0},
      |                                ^~~~
kernel/font.c:21:32: note: (near initialization for ‘font8x16[522]’)
kernel/font.c:21:37: warning: excess elements in scalar initializer
   21 |     /* 0x2A '*' */ {0,0,0,0x66,0x3C,0xFF,0x3C,0x66,0,0,0,0,0,0,0,0},
      |                                     ^~~~
kernel/font.c:21:37: note: (near initialization for ‘font8x16[522]’)
kernel/font.c:21:42: warning: excess elements in scalar initializer
   21 |     /* 0x2A '*' */ {0,0,0,0x66,0x3C,0xFF,0x3C,0x66,0,0,0,0,0,0,0,0},
      |                                          ^~~~
kernel/font.c:21:42: note: (near initialization for ‘font8x16[522]’)
kernel/font.c:21:47: warning: excess elements in scalar initializer
   21 |     /* 0x2A '*' */ {0,0,0,0x66,0x3C,0xFF,0x3C,0x66,0,0,0,0,0,0,0,0},
      |                                               ^~~~
kernel/font.c:21:47: note: (near initialization for ‘font8x16[522]’)
kernel/font.c:21:52: warning: excess elements in scalar initializer
   21 |     /* 0x2A '*' */ {0,0,0,0x66,0x3C,0xFF,0x3C,0x66,0,0,0,0,0,0,0,0},
      |                                                    ^
kernel/font.c:21:52: note: (near initialization for ‘font8x16[522]’)
kernel/font.c:21:54: warning: excess elements in scalar initializer
   21 |     /* 0x2A '*' */ {0,0,0,0x66,0x3C,0xFF,0x3C,0x66,0,0,0,0,0,0,0,0},
      |                                                      ^
kernel/font.c:21:54: note: (near initialization for ‘font8x16[522]’)
kernel/font.c:21:56: warning: excess elements in scalar initializer
   21 |     /* 0x2A '*' */ {0,0,0,0x66,0x3C,0xFF,0x3C,0x66,0,0,0,0,0,0,0,0},
      |                                                        ^
kernel/font.c:21:56: note: (near initialization for ‘font8x16[522]’)
kernel/font.c:21:58: warning: excess elements in scalar initializer
   21 |     /* 0x2A '*' */ {0,0,0,0x66,0x3C,0xFF,0x3C,0x66,0,0,0,0,0,0,0,0},
      |                                                          ^
kernel/font.c:21:58: note: (near initialization for ‘font8x16[522]’)
kernel/font.c:21:60: warning: excess elements in scalar initializer
   21 |     /* 0x2A '*' */ {0,0,0,0x66,0x3C,0xFF,0x3C,0x66,0,0,0,0,0,0,0,0},
      |                                                            ^
kernel/font.c:21:60: note: (near initialization for ‘font8x16[522]’)
kernel/font.c:21:62: warning: excess elements in scalar initializer
   21 |     /* 0x2A '*' */ {0,0,0,0x66,0x3C,0xFF,0x3C,0x66,0,0,0,0,0,0,0,0},
      |                                                              ^
kernel/font.c:21:62: note: (near initialization for ‘font8x16[522]’)
kernel/font.c:21:64: warning: excess elements in scalar initializer
   21 |     /* 0x2A '*' */ {0,0,0,0x66,0x3C,0xFF,0x3C,0x66,0,0,0,0,0,0,0,0},
      |                                                                ^
kernel/font.c:21:64: note: (near initialization for ‘font8x16[522]’)
kernel/font.c:21:66: warning: excess elements in scalar initializer
   21 |     /* 0x2A '*' */ {0,0,0,0x66,0x3C,0xFF,0x3C,0x66,0,0,0,0,0,0,0,0},
      |                                                                  ^
kernel/font.c:21:66: note: (near initialization for ‘font8x16[522]’)
kernel/font.c:22:20: warning: braces around scalar initializer
   22 |     /* 0x2B '+' */ {0,0,0,0x18,0x18,0x7E,0x18,0x18,0,0,0,0,0,0,0,0},
      |                    ^
kernel/font.c:22:20: note: (near initialization for ‘font8x16[523]’)
kernel/font.c:22:23: warning: excess elements in scalar initializer
   22 |     /* 0x2B '+' */ {0,0,0,0x18,0x18,0x7E,0x18,0x18,0,0,0,0,0,0,0,0},
      |                       ^
kernel/font.c:22:23: note: (near initialization for ‘font8x16[523]’)
kernel/font.c:22:25: warning: excess elements in scalar initializer
   22 |     /* 0x2B '+' */ {0,0,0,0x18,0x18,0x7E,0x18,0x18,0,0,0,0,0,0,0,0},
      |                         ^
kernel/font.c:22:25: note: (near initialization for ‘font8x16[523]’)
kernel/font.c:22:27: warning: excess elements in scalar initializer
   22 |     /* 0x2B '+' */ {0,0,0,0x18,0x18,0x7E,0x18,0x18,0,0,0,0,0,0,0,0},
      |                           ^~~~
kernel/font.c:22:27: note: (near initialization for ‘font8x16[523]’)
kernel/font.c:22:32: warning: excess elements in scalar initializer
   22 |     /* 0x2B '+' */ {0,0,0,0x18,0x18,0x7E,0x18,0x18,0,0,0,0,0,0,0,0},
      |                                ^~~~
kernel/font.c:22:32: note: (near initialization for ‘font8x16[523]’)
kernel/font.c:22:37: warning: excess elements in scalar initializer
   22 |     /* 0x2B '+' */ {0,0,0,0x18,0x18,0x7E,0x18,0x18,0,0,0,0,0,0,0,0},
      |                                     ^~~~
kernel/font.c:22:37: note: (near initialization for ‘font8x16[523]’)
kernel/font.c:22:42: warning: excess elements in scalar initializer
   22 |     /* 0x2B '+' */ {0,0,0,0x18,0x18,0x7E,0x18,0x18,0,0,0,0,0,0,0,0},
      |                                          ^~~~
kernel/font.c:22:42: note: (near initialization for ‘font8x16[523]’)
kernel/font.c:22:47: warning: excess elements in scalar initializer
   22 |     /* 0x2B '+' */ {0,0,0,0x18,0x18,0x7E,0x18,0x18,0,0,0,0,0,0,0,0},
      |                                               ^~~~
kernel/font.c:22:47: note: (near initialization for ‘font8x16[523]’)
kernel/font.c:22:52: warning: excess elements in scalar initializer
   22 |     /* 0x2B '+' */ {0,0,0,0x18,0x18,0x7E,0x18,0x18,0,0,0,0,0,0,0,0},
      |                                                    ^
kernel/font.c:22:52: note: (near initialization for ‘font8x16[523]’)
kernel/font.c:22:54: warning: excess elements in scalar initializer
   22 |     /* 0x2B '+' */ {0,0,0,0x18,0x18,0x7E,0x18,0x18,0,0,0,0,0,0,0,0},
      |                                                      ^
kernel/font.c:22:54: note: (near initialization for ‘font8x16[523]’)
kernel/font.c:22:56: warning: excess elements in scalar initializer
   22 |     /* 0x2B '+' */ {0,0,0,0x18,0x18,0x7E,0x18,0x18,0,0,0,0,0,0,0,0},
      |                                                        ^
kernel/font.c:22:56: note: (near initialization for ‘font8x16[523]’)
kernel/font.c:22:58: warning: excess elements in scalar initializer
   22 |     /* 0x2B '+' */ {0,0,0,0x18,0x18,0x7E,0x18,0x18,0,0,0,0,0,0,0,0},
      |                                                          ^
kernel/font.c:22:58: note: (near initialization for ‘font8x16[523]’)
kernel/font.c:22:60: warning: excess elements in scalar initializer
   22 |     /* 0x2B '+' */ {0,0,0,0x18,0x18,0x7E,0x18,0x18,0,0,0,0,0,0,0,0},
      |                                                            ^
kernel/font.c:22:60: note: (near initialization for ‘font8x16[523]’)
kernel/font.c:22:62: warning: excess elements in scalar initializer
   22 |     /* 0x2B '+' */ {0,0,0,0x18,0x18,0x7E,0x18,0x18,0,0,0,0,0,0,0,0},
      |                                                              ^
kernel/font.c:22:62: note: (near initialization for ‘font8x16[523]’)
kernel/font.c:22:64: warning: excess elements in scalar initializer
   22 |     /* 0x2B '+' */ {0,0,0,0x18,0x18,0x7E,0x18,0x18,0,0,0,0,0,0,0,0},
      |                                                                ^
kernel/font.c:22:64: note: (near initialization for ‘font8x16[523]’)
kernel/font.c:22:66: warning: excess elements in scalar initializer
   22 |     /* 0x2B '+' */ {0,0,0,0x18,0x18,0x7E,0x18,0x18,0,0,0,0,0,0,0,0},
      |                                                                  ^
kernel/font.c:22:66: note: (near initialization for ‘font8x16[523]’)
kernel/font.c:23:20: warning: braces around scalar initializer
   23 |     /* 0x2C ',' */ {0,0,0,0,0,0,0,0,0,0x18,0x18,0x30,0,0,0,0},
      |                    ^
kernel/font.c:23:20: note: (near initialization for ‘font8x16[524]’)
kernel/font.c:23:23: warning: excess elements in scalar initializer
   23 |     /* 0x2C ',' */ {0,0,0,0,0,0,0,0,0,0x18,0x18,0x30,0,0,0,0},
      |                       ^
kernel/font.c:23:23: note: (near initialization for ‘font8x16[524]’)
kernel/font.c:23:25: warning: excess elements in scalar initializer
   23 |     /* 0x2C ',' */ {0,0,0,0,0,0,0,0,0,0x18,0x18,0x30,0,0,0,0},
      |                         ^
kernel/font.c:23:25: note: (near initialization for ‘font8x16[524]’)
kernel/font.c:23:27: warning: excess elements in scalar initializer
   23 |     /* 0x2C ',' */ {0,0,0,0,0,0,0,0,0,0x18,0x18,0x30,0,0,0,0},
      |                           ^
kernel/font.c:23:27: note: (near initialization for ‘font8x16[524]’)
kernel/font.c:23:29: warning: excess elements in scalar initializer
   23 |     /* 0x2C ',' */ {0,0,0,0,0,0,0,0,0,0x18,0x18,0x30,0,0,0,0},
      |                             ^
kernel/font.c:23:29: note: (near initialization for ‘font8x16[524]’)
kernel/font.c:23:31: warning: excess elements in scalar initializer
   23 |     /* 0x2C ',' */ {0,0,0,0,0,0,0,0,0,0x18,0x18,0x30,0,0,0,0},
      |                               ^
kernel/font.c:23:31: note: (near initialization for ‘font8x16[524]’)
kernel/font.c:23:33: warning: excess elements in scalar initializer
   23 |     /* 0x2C ',' */ {0,0,0,0,0,0,0,0,0,0x18,0x18,0x30,0,0,0,0},
      |                                 ^
kernel/font.c:23:33: note: (near initialization for ‘font8x16[524]’)
kernel/font.c:23:35: warning: excess elements in scalar initializer
   23 |     /* 0x2C ',' */ {0,0,0,0,0,0,0,0,0,0x18,0x18,0x30,0,0,0,0},
      |                                   ^
kernel/font.c:23:35: note: (near initialization for ‘font8x16[524]’)
kernel/font.c:23:37: warning: excess elements in scalar initializer
   23 |     /* 0x2C ',' */ {0,0,0,0,0,0,0,0,0,0x18,0x18,0x30,0,0,0,0},
      |                                     ^
kernel/font.c:23:37: note: (near initialization for ‘font8x16[524]’)
kernel/font.c:23:39: warning: excess elements in scalar initializer
   23 |     /* 0x2C ',' */ {0,0,0,0,0,0,0,0,0,0x18,0x18,0x30,0,0,0,0},
      |                                       ^~~~
kernel/font.c:23:39: note: (near initialization for ‘font8x16[524]’)
kernel/font.c:23:44: warning: excess elements in scalar initializer
   23 |     /* 0x2C ',' */ {0,0,0,0,0,0,0,0,0,0x18,0x18,0x30,0,0,0,0},
      |                                            ^~~~
kernel/font.c:23:44: note: (near initialization for ‘font8x16[524]’)
kernel/font.c:23:49: warning: excess elements in scalar initializer
   23 |     /* 0x2C ',' */ {0,0,0,0,0,0,0,0,0,0x18,0x18,0x30,0,0,0,0},
      |                                                 ^~~~
kernel/font.c:23:49: note: (near initialization for ‘font8x16[524]’)
kernel/font.c:23:54: warning: excess elements in scalar initializer
   23 |     /* 0x2C ',' */ {0,0,0,0,0,0,0,0,0,0x18,0x18,0x30,0,0,0,0},
      |                                                      ^
kernel/font.c:23:54: note: (near initialization for ‘font8x16[524]’)
kernel/font.c:23:56: warning: excess elements in scalar initializer
   23 |     /* 0x2C ',' */ {0,0,0,0,0,0,0,0,0,0x18,0x18,0x30,0,0,0,0},
      |                                                        ^
kernel/font.c:23:56: note: (near initialization for ‘font8x16[524]’)
kernel/font.c:23:58: warning: excess elements in scalar initializer
   23 |     /* 0x2C ',' */ {0,0,0,0,0,0,0,0,0,0x18,0x18,0x30,0,0,0,0},
      |                                                          ^
kernel/font.c:23:58: note: (near initialization for ‘font8x16[524]’)
kernel/font.c:23:60: warning: excess elements in scalar initializer
   23 |     /* 0x2C ',' */ {0,0,0,0,0,0,0,0,0,0x18,0x18,0x30,0,0,0,0},
      |                                                            ^
kernel/font.c:23:60: note: (near initialization for ‘font8x16[524]’)
kernel/font.c:24:20: warning: braces around scalar initializer
   24 |     /* 0x2D '-' */ {0,0,0,0,0,0x7E,0,0,0,0,0,0,0,0,0,0},
      |                    ^
kernel/font.c:24:20: note: (near initialization for ‘font8x16[525]’)
kernel/font.c:24:23: warning: excess elements in scalar initializer
   24 |     /* 0x2D '-' */ {0,0,0,0,0,0x7E,0,0,0,0,0,0,0,0,0,0},
      |                       ^
kernel/font.c:24:23: note: (near initialization for ‘font8x16[525]’)
kernel/font.c:24:25: warning: excess elements in scalar initializer
   24 |     /* 0x2D '-' */ {0,0,0,0,0,0x7E,0,0,0,0,0,0,0,0,0,0},
      |                         ^
kernel/font.c:24:25: note: (near initialization for ‘font8x16[525]’)
kernel/font.c:24:27: warning: excess elements in scalar initializer
   24 |     /* 0x2D '-' */ {0,0,0,0,0,0x7E,0,0,0,0,0,0,0,0,0,0},
      |                           ^
kernel/font.c:24:27: note: (near initialization for ‘font8x16[525]’)
kernel/font.c:24:29: warning: excess elements in scalar initializer
   24 |     /* 0x2D '-' */ {0,0,0,0,0,0x7E,0,0,0,0,0,0,0,0,0,0},
      |                             ^
kernel/font.c:24:29: note: (near initialization for ‘font8x16[525]’)
kernel/font.c:24:31: warning: excess elements in scalar initializer
   24 |     /* 0x2D '-' */ {0,0,0,0,0,0x7E,0,0,0,0,0,0,0,0,0,0},
      |                               ^~~~
kernel/font.c:24:31: note: (near initialization for ‘font8x16[525]’)
kernel/font.c:24:36: warning: excess elements in scalar initializer
   24 |     /* 0x2D '-' */ {0,0,0,0,0,0x7E,0,0,0,0,0,0,0,0,0,0},
      |                                    ^
kernel/font.c:24:36: note: (near initialization for ‘font8x16[525]’)
kernel/font.c:24:38: warning: excess elements in scalar initializer
   24 |     /* 0x2D '-' */ {0,0,0,0,0,0x7E,0,0,0,0,0,0,0,0,0,0},
      |                                      ^
kernel/font.c:24:38: note: (near initialization for ‘font8x16[525]’)
kernel/font.c:24:40: warning: excess elements in scalar initializer
   24 |     /* 0x2D '-' */ {0,0,0,0,0,0x7E,0,0,0,0,0,0,0,0,0,0},
      |                                        ^
kernel/font.c:24:40: note: (near initialization for ‘font8x16[525]’)
kernel/font.c:24:42: warning: excess elements in scalar initializer
   24 |     /* 0x2D '-' */ {0,0,0,0,0,0x7E,0,0,0,0,0,0,0,0,0,0},
      |                                          ^
kernel/font.c:24:42: note: (near initialization for ‘font8x16[525]’)
kernel/font.c:24:44: warning: excess elements in scalar initializer
   24 |     /* 0x2D '-' */ {0,0,0,0,0,0x7E,0,0,0,0,0,0,0,0,0,0},
      |                                            ^
kernel/font.c:24:44: note: (near initialization for ‘font8x16[525]’)
kernel/font.c:24:46: warning: excess elements in scalar initializer
   24 |     /* 0x2D '-' */ {0,0,0,0,0,0x7E,0,0,0,0,0,0,0,0,0,0},
      |                                              ^
kernel/font.c:24:46: note: (near initialization for ‘font8x16[525]’)
kernel/font.c:24:48: warning: excess elements in scalar initializer
   24 |     /* 0x2D '-' */ {0,0,0,0,0,0x7E,0,0,0,0,0,0,0,0,0,0},
      |                                                ^
kernel/font.c:24:48: note: (near initialization for ‘font8x16[525]’)
kernel/font.c:24:50: warning: excess elements in scalar initializer
   24 |     /* 0x2D '-' */ {0,0,0,0,0,0x7E,0,0,0,0,0,0,0,0,0,0},
      |                                                  ^
kernel/font.c:24:50: note: (near initialization for ‘font8x16[525]’)
kernel/font.c:24:52: warning: excess elements in scalar initializer
   24 |     /* 0x2D '-' */ {0,0,0,0,0,0x7E,0,0,0,0,0,0,0,0,0,0},
      |                                                    ^
kernel/font.c:24:52: note: (near initialization for ‘font8x16[525]’)
kernel/font.c:24:54: warning: excess elements in scalar initializer
   24 |     /* 0x2D '-' */ {0,0,0,0,0,0x7E,0,0,0,0,0,0,0,0,0,0},
      |                                                      ^
kernel/font.c:24:54: note: (near initialization for ‘font8x16[525]’)
kernel/font.c:25:20: warning: braces around scalar initializer
   25 |     /* 0x2E '.' */ {0,0,0,0,0,0,0,0,0,0,0x18,0x18,0,0,0,0},
      |                    ^
kernel/font.c:25:20: note: (near initialization for ‘font8x16[526]’)
kernel/font.c:25:23: warning: excess elements in scalar initializer
   25 |     /* 0x2E '.' */ {0,0,0,0,0,0,0,0,0,0,0x18,0x18,0,0,0,0},
      |                       ^
kernel/font.c:25:23: note: (near initialization for ‘font8x16[526]’)
kernel/font.c:25:25: warning: excess elements in scalar initializer
   25 |     /* 0x2E '.' */ {0,0,0,0,0,0,0,0,0,0,0x18,0x18,0,0,0,0},
      |                         ^
kernel/font.c:25:25: note: (near initialization for ‘font8x16[526]’)
kernel/font.c:25:27: warning: excess elements in scalar initializer
   25 |     /* 0x2E '.' */ {0,0,0,0,0,0,0,0,0,0,0x18,0x18,0,0,0,0},
      |                           ^
kernel/font.c:25:27: note: (near initialization for ‘font8x16[526]’)
kernel/font.c:25:29: warning: excess elements in scalar initializer
   25 |     /* 0x2E '.' */ {0,0,0,0,0,0,0,0,0,0,0x18,0x18,0,0,0,0},
      |                             ^
kernel/font.c:25:29: note: (near initialization for ‘font8x16[526]’)
kernel/font.c:25:31: warning: excess elements in scalar initializer
   25 |     /* 0x2E '.' */ {0,0,0,0,0,0,0,0,0,0,0x18,0x18,0,0,0,0},
      |                               ^
kernel/font.c:25:31: note: (near initialization for ‘font8x16[526]’)
kernel/font.c:25:33: warning: excess elements in scalar initializer
   25 |     /* 0x2E '.' */ {0,0,0,0,0,0,0,0,0,0,0x18,0x18,0,0,0,0},
      |                                 ^
kernel/font.c:25:33: note: (near initialization for ‘font8x16[526]’)
kernel/font.c:25:35: warning: excess elements in scalar initializer
   25 |     /* 0x2E '.' */ {0,0,0,0,0,0,0,0,0,0,0x18,0x18,0,0,0,0},
      |                                   ^
kernel/font.c:25:35: note: (near initialization for ‘font8x16[526]’)
kernel/font.c:25:37: warning: excess elements in scalar initializer
   25 |     /* 0x2E '.' */ {0,0,0,0,0,0,0,0,0,0,0x18,0x18,0,0,0,0},
      |                                     ^
kernel/font.c:25:37: note: (near initialization for ‘font8x16[526]’)
kernel/font.c:25:39: warning: excess elements in scalar initializer
   25 |     /* 0x2E '.' */ {0,0,0,0,0,0,0,0,0,0,0x18,0x18,0,0,0,0},
      |                                       ^
kernel/font.c:25:39: note: (near initialization for ‘font8x16[526]’)
kernel/font.c:25:41: warning: excess elements in scalar initializer
   25 |     /* 0x2E '.' */ {0,0,0,0,0,0,0,0,0,0,0x18,0x18,0,0,0,0},
      |                                         ^~~~
kernel/font.c:25:41: note: (near initialization for ‘font8x16[526]’)
kernel/font.c:25:46: warning: excess elements in scalar initializer
   25 |     /* 0x2E '.' */ {0,0,0,0,0,0,0,0,0,0,0x18,0x18,0,0,0,0},
      |                                              ^~~~
kernel/font.c:25:46: note: (near initialization for ‘font8x16[526]’)
kernel/font.c:25:51: warning: excess elements in scalar initializer
   25 |     /* 0x2E '.' */ {0,0,0,0,0,0,0,0,0,0,0x18,0x18,0,0,0,0},
      |                                                   ^
kernel/font.c:25:51: note: (near initialization for ‘font8x16[526]’)
kernel/font.c:25:53: warning: excess elements in scalar initializer
   25 |     /* 0x2E '.' */ {0,0,0,0,0,0,0,0,0,0,0x18,0x18,0,0,0,0},
      |                                                     ^
kernel/font.c:25:53: note: (near initialization for ‘font8x16[526]’)
kernel/font.c:25:55: warning: excess elements in scalar initializer
   25 |     /* 0x2E '.' */ {0,0,0,0,0,0,0,0,0,0,0x18,0x18,0,0,0,0},
      |                                                       ^
kernel/font.c:25:55: note: (near initialization for ‘font8x16[526]’)
kernel/font.c:25:57: warning: excess elements in scalar initializer
   25 |     /* 0x2E '.' */ {0,0,0,0,0,0,0,0,0,0,0x18,0x18,0,0,0,0},
      |                                                         ^
kernel/font.c:25:57: note: (near initialization for ‘font8x16[526]’)
kernel/font.c:26:20: warning: braces around scalar initializer
   26 |     /* 0x2F '/' */ {0,0,0x03,0x06,0x0C,0x18,0x30,0x60,0,0,0,0,0,0,0,0},
      |                    ^
kernel/font.c:26:20: note: (near initialization for ‘font8x16[527]’)
kernel/font.c:26:23: warning: excess elements in scalar initializer
   26 |     /* 0x2F '/' */ {0,0,0x03,0x06,0x0C,0x18,0x30,0x60,0,0,0,0,0,0,0,0},
      |                       ^
kernel/font.c:26:23: note: (near initialization for ‘font8x16[527]’)
kernel/font.c:26:25: warning: excess elements in scalar initializer
   26 |     /* 0x2F '/' */ {0,0,0x03,0x06,0x0C,0x18,0x30,0x60,0,0,0,0,0,0,0,0},
      |                         ^~~~
kernel/font.c:26:25: note: (near initialization for ‘font8x16[527]’)
kernel/font.c:26:30: warning: excess elements in scalar initializer
   26 |     /* 0x2F '/' */ {0,0,0x03,0x06,0x0C,0x18,0x30,0x60,0,0,0,0,0,0,0,0},
      |                              ^~~~
kernel/font.c:26:30: note: (near initialization for ‘font8x16[527]’)
kernel/font.c:26:35: warning: excess elements in scalar initializer
   26 |     /* 0x2F '/' */ {0,0,0x03,0x06,0x0C,0x18,0x30,0x60,0,0,0,0,0,0,0,0},
      |                                   ^~~~
kernel/font.c:26:35: note: (near initialization for ‘font8x16[527]’)
kernel/font.c:26:40: warning: excess elements in scalar initializer
   26 |     /* 0x2F '/' */ {0,0,0x03,0x06,0x0C,0x18,0x30,0x60,0,0,0,0,0,0,0,0},
      |                                        ^~~~
kernel/font.c:26:40: note: (near initialization for ‘font8x16[527]’)
kernel/font.c:26:45: warning: excess elements in scalar initializer
   26 |     /* 0x2F '/' */ {0,0,0x03,0x06,0x0C,0x18,0x30,0x60,0,0,0,0,0,0,0,0},
      |                                             ^~~~
kernel/font.c:26:45: note: (near initialization for ‘font8x16[527]’)
kernel/font.c:26:50: warning: excess elements in scalar initializer
   26 |     /* 0x2F '/' */ {0,0,0x03,0x06,0x0C,0x18,0x30,0x60,0,0,0,0,0,0,0,0},
      |                                                  ^~~~
kernel/font.c:26:50: note: (near initialization for ‘font8x16[527]’)
kernel/font.c:26:55: warning: excess elements in scalar initializer
   26 |     /* 0x2F '/' */ {0,0,0x03,0x06,0x0C,0x18,0x30,0x60,0,0,0,0,0,0,0,0},
      |                                                       ^
kernel/font.c:26:55: note: (near initialization for ‘font8x16[527]’)
kernel/font.c:26:57: warning: excess elements in scalar initializer
   26 |     /* 0x2F '/' */ {0,0,0x03,0x06,0x0C,0x18,0x30,0x60,0,0,0,0,0,0,0,0},
      |                                                         ^
kernel/font.c:26:57: note: (near initialization for ‘font8x16[527]’)
kernel/font.c:26:59: warning: excess elements in scalar initializer
   26 |     /* 0x2F '/' */ {0,0,0x03,0x06,0x0C,0x18,0x30,0x60,0,0,0,0,0,0,0,0},
      |                                                           ^
kernel/font.c:26:59: note: (near initialization for ‘font8x16[527]’)
kernel/font.c:26:61: warning: excess elements in scalar initializer
   26 |     /* 0x2F '/' */ {0,0,0x03,0x06,0x0C,0x18,0x30,0x60,0,0,0,0,0,0,0,0},
      |                                                             ^
kernel/font.c:26:61: note: (near initialization for ‘font8x16[527]’)
kernel/font.c:26:63: warning: excess elements in scalar initializer
   26 |     /* 0x2F '/' */ {0,0,0x03,0x06,0x0C,0x18,0x30,0x60,0,0,0,0,0,0,0,0},
      |                                                               ^
kernel/font.c:26:63: note: (near initialization for ‘font8x16[527]’)
kernel/font.c:26:65: warning: excess elements in scalar initializer
   26 |     /* 0x2F '/' */ {0,0,0x03,0x06,0x0C,0x18,0x30,0x60,0,0,0,0,0,0,0,0},
      |                                                                 ^
kernel/font.c:26:65: note: (near initialization for ‘font8x16[527]’)
kernel/font.c:26:67: warning: excess elements in scalar initializer
   26 |     /* 0x2F '/' */ {0,0,0x03,0x06,0x0C,0x18,0x30,0x60,0,0,0,0,0,0,0,0},
      |                                                                   ^
kernel/font.c:26:67: note: (near initialization for ‘font8x16[527]’)
kernel/font.c:26:69: warning: excess elements in scalar initializer
   26 |     /* 0x2F '/' */ {0,0,0x03,0x06,0x0C,0x18,0x30,0x60,0,0,0,0,0,0,0,0},
      |                                                                     ^
kernel/font.c:26:69: note: (near initialization for ‘font8x16[527]’)
kernel/font.c:27:20: warning: braces around scalar initializer
   27 |     /* 0x30 '0' */ {0,0,0x3C,0x66,0x6E,0x76,0x66,0x66,0x3C,0,0,0,0,0,0,0},
      |                    ^
kernel/font.c:27:20: note: (near initialization for ‘font8x16[528]’)
kernel/font.c:27:23: warning: excess elements in scalar initializer
   27 |     /* 0x30 '0' */ {0,0,0x3C,0x66,0x6E,0x76,0x66,0x66,0x3C,0,0,0,0,0,0,0},
      |                       ^
kernel/font.c:27:23: note: (near initialization for ‘font8x16[528]’)
kernel/font.c:27:25: warning: excess elements in scalar initializer
   27 |     /* 0x30 '0' */ {0,0,0x3C,0x66,0x6E,0x76,0x66,0x66,0x3C,0,0,0,0,0,0,0},
      |                         ^~~~
kernel/font.c:27:25: note: (near initialization for ‘font8x16[528]’)
kernel/font.c:27:30: warning: excess elements in scalar initializer
   27 |     /* 0x30 '0' */ {0,0,0x3C,0x66,0x6E,0x76,0x66,0x66,0x3C,0,0,0,0,0,0,0},
      |                              ^~~~
kernel/font.c:27:30: note: (near initialization for ‘font8x16[528]’)
kernel/font.c:27:35: warning: excess elements in scalar initializer
   27 |     /* 0x30 '0' */ {0,0,0x3C,0x66,0x6E,0x76,0x66,0x66,0x3C,0,0,0,0,0,0,0},
      |                                   ^~~~
kernel/font.c:27:35: note: (near initialization for ‘font8x16[528]’)
kernel/font.c:27:40: warning: excess elements in scalar initializer
   27 |     /* 0x30 '0' */ {0,0,0x3C,0x66,0x6E,0x76,0x66,0x66,0x3C,0,0,0,0,0,0,0},
      |                                        ^~~~
kernel/font.c:27:40: note: (near initialization for ‘font8x16[528]’)
kernel/font.c:27:45: warning: excess elements in scalar initializer
   27 |     /* 0x30 '0' */ {0,0,0x3C,0x66,0x6E,0x76,0x66,0x66,0x3C,0,0,0,0,0,0,0},
      |                                             ^~~~
kernel/font.c:27:45: note: (near initialization for ‘font8x16[528]’)
kernel/font.c:27:50: warning: excess elements in scalar initializer
   27 |     /* 0x30 '0' */ {0,0,0x3C,0x66,0x6E,0x76,0x66,0x66,0x3C,0,0,0,0,0,0,0},
      |                                                  ^~~~
kernel/font.c:27:50: note: (near initialization for ‘font8x16[528]’)
kernel/font.c:27:55: warning: excess elements in scalar initializer
   27 |     /* 0x30 '0' */ {0,0,0x3C,0x66,0x6E,0x76,0x66,0x66,0x3C,0,0,0,0,0,0,0},
      |                                                       ^~~~
kernel/font.c:27:55: note: (near initialization for ‘font8x16[528]’)
kernel/font.c:27:60: warning: excess elements in scalar initializer
   27 |     /* 0x30 '0' */ {0,0,0x3C,0x66,0x6E,0x76,0x66,0x66,0x3C,0,0,0,0,0,0,0},
      |                                                            ^
kernel/font.c:27:60: note: (near initialization for ‘font8x16[528]’)
kernel/font.c:27:62: warning: excess elements in scalar initializer
   27 |     /* 0x30 '0' */ {0,0,0x3C,0x66,0x6E,0x76,0x66,0x66,0x3C,0,0,0,0,0,0,0},
      |                                                              ^
kernel/font.c:27:62: note: (near initialization for ‘font8x16[528]’)
kernel/font.c:27:64: warning: excess elements in scalar initializer
   27 |     /* 0x30 '0' */ {0,0,0x3C,0x66,0x6E,0x76,0x66,0x66,0x3C,0,0,0,0,0,0,0},
      |                                                                ^
kernel/font.c:27:64: note: (near initialization for ‘font8x16[528]’)
kernel/font.c:27:66: warning: excess elements in scalar initializer
   27 |     /* 0x30 '0' */ {0,0,0x3C,0x66,0x6E,0x76,0x66,0x66,0x3C,0,0,0,0,0,0,0},
      |                                                                  ^
kernel/font.c:27:66: note: (near initialization for ‘font8x16[528]’)
kernel/font.c:27:68: warning: excess elements in scalar initializer
   27 |     /* 0x30 '0' */ {0,0,0x3C,0x66,0x6E,0x76,0x66,0x66,0x3C,0,0,0,0,0,0,0},
      |                                                                    ^
kernel/font.c:27:68: note: (near initialization for ‘font8x16[528]’)
kernel/font.c:27:70: warning: excess elements in scalar initializer
   27 |     /* 0x30 '0' */ {0,0,0x3C,0x66,0x6E,0x76,0x66,0x66,0x3C,0,0,0,0,0,0,0},
      |                                                                      ^
kernel/font.c:27:70: note: (near initialization for ‘font8x16[528]’)
kernel/font.c:27:72: warning: excess elements in scalar initializer
   27 |     /* 0x30 '0' */ {0,0,0x3C,0x66,0x6E,0x76,0x66,0x66,0x3C,0,0,0,0,0,0,0},
      |                                                                        ^
kernel/font.c:27:72: note: (near initialization for ‘font8x16[528]’)
kernel/font.c:28:20: warning: braces around scalar initializer
   28 |     /* 0x31 '1' */ {0,0,0x18,0x38,0x18,0x18,0x18,0x18,0x7E,0,0,0,0,0,0,0},
      |                    ^
kernel/font.c:28:20: note: (near initialization for ‘font8x16[529]’)
kernel/font.c:28:23: warning: excess elements in scalar initializer
   28 |     /* 0x31 '1' */ {0,0,0x18,0x38,0x18,0x18,0x18,0x18,0x7E,0,0,0,0,0,0,0},
      |                       ^
kernel/font.c:28:23: note: (near initialization for ‘font8x16[529]’)
kernel/font.c:28:25: warning: excess elements in scalar initializer
   28 |     /* 0x31 '1' */ {0,0,0x18,0x38,0x18,0x18,0x18,0x18,0x7E,0,0,0,0,0,0,0},
      |                         ^~~~
kernel/font.c:28:25: note: (near initialization for ‘font8x16[529]’)
kernel/font.c:28:30: warning: excess elements in scalar initializer
   28 |     /* 0x31 '1' */ {0,0,0x18,0x38,0x18,0x18,0x18,0x18,0x7E,0,0,0,0,0,0,0},
      |                              ^~~~
kernel/font.c:28:30: note: (near initialization for ‘font8x16[529]’)
kernel/font.c:28:35: warning: excess elements in scalar initializer
   28 |     /* 0x31 '1' */ {0,0,0x18,0x38,0x18,0x18,0x18,0x18,0x7E,0,0,0,0,0,0,0},
      |                                   ^~~~
kernel/font.c:28:35: note: (near initialization for ‘font8x16[529]’)
kernel/font.c:28:40: warning: excess elements in scalar initializer
   28 |     /* 0x31 '1' */ {0,0,0x18,0x38,0x18,0x18,0x18,0x18,0x7E,0,0,0,0,0,0,0},
      |                                        ^~~~
kernel/font.c:28:40: note: (near initialization for ‘font8x16[529]’)
kernel/font.c:28:45: warning: excess elements in scalar initializer
   28 |     /* 0x31 '1' */ {0,0,0x18,0x38,0x18,0x18,0x18,0x18,0x7E,0,0,0,0,0,0,0},
      |                                             ^~~~
kernel/font.c:28:45: note: (near initialization for ‘font8x16[529]’)
kernel/font.c:28:50: warning: excess elements in scalar initializer
   28 |     /* 0x31 '1' */ {0,0,0x18,0x38,0x18,0x18,0x18,0x18,0x7E,0,0,0,0,0,0,0},
      |                                                  ^~~~
kernel/font.c:28:50: note: (near initialization for ‘font8x16[529]’)
kernel/font.c:28:55: warning: excess elements in scalar initializer
   28 |     /* 0x31 '1' */ {0,0,0x18,0x38,0x18,0x18,0x18,0x18,0x7E,0,0,0,0,0,0,0},
      |                                                       ^~~~
kernel/font.c:28:55: note: (near initialization for ‘font8x16[529]’)
kernel/font.c:28:60: warning: excess elements in scalar initializer
   28 |     /* 0x31 '1' */ {0,0,0x18,0x38,0x18,0x18,0x18,0x18,0x7E,0,0,0,0,0,0,0},
      |                                                            ^
kernel/font.c:28:60: note: (near initialization for ‘font8x16[529]’)
kernel/font.c:28:62: warning: excess elements in scalar initializer
   28 |     /* 0x31 '1' */ {0,0,0x18,0x38,0x18,0x18,0x18,0x18,0x7E,0,0,0,0,0,0,0},
      |                                                              ^
kernel/font.c:28:62: note: (near initialization for ‘font8x16[529]’)
kernel/font.c:28:64: warning: excess elements in scalar initializer
   28 |     /* 0x31 '1' */ {0,0,0x18,0x38,0x18,0x18,0x18,0x18,0x7E,0,0,0,0,0,0,0},
      |                                                                ^
kernel/font.c:28:64: note: (near initialization for ‘font8x16[529]’)
kernel/font.c:28:66: warning: excess elements in scalar initializer
   28 |     /* 0x31 '1' */ {0,0,0x18,0x38,0x18,0x18,0x18,0x18,0x7E,0,0,0,0,0,0,0},
      |                                                                  ^
kernel/font.c:28:66: note: (near initialization for ‘font8x16[529]’)
kernel/font.c:28:68: warning: excess elements in scalar initializer
   28 |     /* 0x31 '1' */ {0,0,0x18,0x38,0x18,0x18,0x18,0x18,0x7E,0,0,0,0,0,0,0},
      |                                                                    ^
kernel/font.c:28:68: note: (near initialization for ‘font8x16[529]’)
kernel/font.c:28:70: warning: excess elements in scalar initializer
   28 |     /* 0x31 '1' */ {0,0,0x18,0x38,0x18,0x18,0x18,0x18,0x7E,0,0,0,0,0,0,0},
      |                                                                      ^
kernel/font.c:28:70: note: (near initialization for ‘font8x16[529]’)
kernel/font.c:28:72: warning: excess elements in scalar initializer
   28 |     /* 0x31 '1' */ {0,0,0x18,0x38,0x18,0x18,0x18,0x18,0x7E,0,0,0,0,0,0,0},
      |                                                                        ^
kernel/font.c:28:72: note: (near initialization for ‘font8x16[529]’)
kernel/font.c:29:20: warning: braces around scalar initializer
   29 |     /* 0x32 '2' */ {0,0,0x3C,0x66,0x06,0x0C,0x18,0x30,0x7E,0,0,0,0,0,0,0},
      |                    ^
kernel/font.c:29:20: note: (near initialization for ‘font8x16[530]’)
kernel/font.c:29:23: warning: excess elements in scalar initializer
   29 |     /* 0x32 '2' */ {0,0,0x3C,0x66,0x06,0x0C,0x18,0x30,0x7E,0,0,0,0,0,0,0},
      |                       ^
kernel/font.c:29:23: note: (near initialization for ‘font8x16[530]’)
kernel/font.c:29:25: warning: excess elements in scalar initializer
   29 |     /* 0x32 '2' */ {0,0,0x3C,0x66,0x06,0x0C,0x18,0x30,0x7E,0,0,0,0,0,0,0},
      |                         ^~~~
kernel/font.c:29:25: note: (near initialization for ‘font8x16[530]’)
kernel/font.c:29:30: warning: excess elements in scalar initializer
   29 |     /* 0x32 '2' */ {0,0,0x3C,0x66,0x06,0x0C,0x18,0x30,0x7E,0,0,0,0,0,0,0},
      |                              ^~~~
kernel/font.c:29:30: note: (near initialization for ‘font8x16[530]’)
kernel/font.c:29:35: warning: excess elements in scalar initializer
   29 |     /* 0x32 '2' */ {0,0,0x3C,0x66,0x06,0x0C,0x18,0x30,0x7E,0,0,0,0,0,0,0},
      |                                   ^~~~
kernel/font.c:29:35: note: (near initialization for ‘font8x16[530]’)
kernel/font.c:29:40: warning: excess elements in scalar initializer
   29 |     /* 0x32 '2' */ {0,0,0x3C,0x66,0x06,0x0C,0x18,0x30,0x7E,0,0,0,0,0,0,0},
      |                                        ^~~~
kernel/font.c:29:40: note: (near initialization for ‘font8x16[530]’)
kernel/font.c:29:45: warning: excess elements in scalar initializer
   29 |     /* 0x32 '2' */ {0,0,0x3C,0x66,0x06,0x0C,0x18,0x30,0x7E,0,0,0,0,0,0,0},
      |                                             ^~~~
kernel/font.c:29:45: note: (near initialization for ‘font8x16[530]’)
kernel/font.c:29:50: warning: excess elements in scalar initializer
   29 |     /* 0x32 '2' */ {0,0,0x3C,0x66,0x06,0x0C,0x18,0x30,0x7E,0,0,0,0,0,0,0},
      |                                                  ^~~~
kernel/font.c:29:50: note: (near initialization for ‘font8x16[530]’)
kernel/font.c:29:55: warning: excess elements in scalar initializer
   29 |     /* 0x32 '2' */ {0,0,0x3C,0x66,0x06,0x0C,0x18,0x30,0x7E,0,0,0,0,0,0,0},
      |                                                       ^~~~
kernel/font.c:29:55: note: (near initialization for ‘font8x16[530]’)
kernel/font.c:29:60: warning: excess elements in scalar initializer
   29 |     /* 0x32 '2' */ {0,0,0x3C,0x66,0x06,0x0C,0x18,0x30,0x7E,0,0,0,0,0,0,0},
      |                                                            ^
kernel/font.c:29:60: note: (near initialization for ‘font8x16[530]’)
kernel/font.c:29:62: warning: excess elements in scalar initializer
   29 |     /* 0x32 '2' */ {0,0,0x3C,0x66,0x06,0x0C,0x18,0x30,0x7E,0,0,0,0,0,0,0},
      |                                                              ^
kernel/font.c:29:62: note: (near initialization for ‘font8x16[530]’)
kernel/font.c:29:64: warning: excess elements in scalar initializer
   29 |     /* 0x32 '2' */ {0,0,0x3C,0x66,0x06,0x0C,0x18,0x30,0x7E,0,0,0,0,0,0,0},
      |                                                                ^
kernel/font.c:29:64: note: (near initialization for ‘font8x16[530]’)
kernel/font.c:29:66: warning: excess elements in scalar initializer
   29 |     /* 0x32 '2' */ {0,0,0x3C,0x66,0x06,0x0C,0x18,0x30,0x7E,0,0,0,0,0,0,0},
      |                                                                  ^
kernel/font.c:29:66: note: (near initialization for ‘font8x16[530]’)
kernel/font.c:29:68: warning: excess elements in scalar initializer
   29 |     /* 0x32 '2' */ {0,0,0x3C,0x66,0x06,0x0C,0x18,0x30,0x7E,0,0,0,0,0,0,0},
      |                                                                    ^
kernel/font.c:29:68: note: (near initialization for ‘font8x16[530]’)
kernel/font.c:29:70: warning: excess elements in scalar initializer
   29 |     /* 0x32 '2' */ {0,0,0x3C,0x66,0x06,0x0C,0x18,0x30,0x7E,0,0,0,0,0,0,0},
      |                                                                      ^
kernel/font.c:29:70: note: (near initialization for ‘font8x16[530]’)
kernel/font.c:29:72: warning: excess elements in scalar initializer
   29 |     /* 0x32 '2' */ {0,0,0x3C,0x66,0x06,0x0C,0x18,0x30,0x7E,0,0,0,0,0,0,0},
      |                                                                        ^
kernel/font.c:29:72: note: (near initialization for ‘font8x16[530]’)
kernel/font.c:30:20: warning: braces around scalar initializer
   30 |     /* 0x33 '3' */ {0,0,0x3C,0x66,0x06,0x1C,0x06,0x66,0x3C,0,0,0,0,0,0,0},
      |                    ^
kernel/font.c:30:20: note: (near initialization for ‘font8x16[531]’)
kernel/font.c:30:23: warning: excess elements in scalar initializer
   30 |     /* 0x33 '3' */ {0,0,0x3C,0x66,0x06,0x1C,0x06,0x66,0x3C,0,0,0,0,0,0,0},
      |                       ^
kernel/font.c:30:23: note: (near initialization for ‘font8x16[531]’)
kernel/font.c:30:25: warning: excess elements in scalar initializer
   30 |     /* 0x33 '3' */ {0,0,0x3C,0x66,0x06,0x1C,0x06,0x66,0x3C,0,0,0,0,0,0,0},
      |                         ^~~~
kernel/font.c:30:25: note: (near initialization for ‘font8x16[531]’)
kernel/font.c:30:30: warning: excess elements in scalar initializer
   30 |     /* 0x33 '3' */ {0,0,0x3C,0x66,0x06,0x1C,0x06,0x66,0x3C,0,0,0,0,0,0,0},
      |                              ^~~~
kernel/font.c:30:30: note: (near initialization for ‘font8x16[531]’)
kernel/font.c:30:35: warning: excess elements in scalar initializer
   30 |     /* 0x33 '3' */ {0,0,0x3C,0x66,0x06,0x1C,0x06,0x66,0x3C,0,0,0,0,0,0,0},
      |                                   ^~~~
kernel/font.c:30:35: note: (near initialization for ‘font8x16[531]’)
kernel/font.c:30:40: warning: excess elements in scalar initializer
   30 |     /* 0x33 '3' */ {0,0,0x3C,0x66,0x06,0x1C,0x06,0x66,0x3C,0,0,0,0,0,0,0},
      |                                        ^~~~
kernel/font.c:30:40: note: (near initialization for ‘font8x16[531]’)
kernel/font.c:30:45: warning: excess elements in scalar initializer
   30 |     /* 0x33 '3' */ {0,0,0x3C,0x66,0x06,0x1C,0x06,0x66,0x3C,0,0,0,0,0,0,0},
      |                                             ^~~~
kernel/font.c:30:45: note: (near initialization for ‘font8x16[531]’)
kernel/font.c:30:50: warning: excess elements in scalar initializer
   30 |     /* 0x33 '3' */ {0,0,0x3C,0x66,0x06,0x1C,0x06,0x66,0x3C,0,0,0,0,0,0,0},
      |                                                  ^~~~
kernel/font.c:30:50: note: (near initialization for ‘font8x16[531]’)
kernel/font.c:30:55: warning: excess elements in scalar initializer
   30 |     /* 0x33 '3' */ {0,0,0x3C,0x66,0x06,0x1C,0x06,0x66,0x3C,0,0,0,0,0,0,0},
      |                                                       ^~~~
kernel/font.c:30:55: note: (near initialization for ‘font8x16[531]’)
kernel/font.c:30:60: warning: excess elements in scalar initializer
   30 |     /* 0x33 '3' */ {0,0,0x3C,0x66,0x06,0x1C,0x06,0x66,0x3C,0,0,0,0,0,0,0},
      |                                                            ^
kernel/font.c:30:60: note: (near initialization for ‘font8x16[531]’)
kernel/font.c:30:62: warning: excess elements in scalar initializer
   30 |     /* 0x33 '3' */ {0,0,0x3C,0x66,0x06,0x1C,0x06,0x66,0x3C,0,0,0,0,0,0,0},
      |                                                              ^
kernel/font.c:30:62: note: (near initialization for ‘font8x16[531]’)
kernel/font.c:30:64: warning: excess elements in scalar initializer
   30 |     /* 0x33 '3' */ {0,0,0x3C,0x66,0x06,0x1C,0x06,0x66,0x3C,0,0,0,0,0,0,0},
      |                                                                ^
kernel/font.c:30:64: note: (near initialization for ‘font8x16[531]’)
kernel/font.c:30:66: warning: excess elements in scalar initializer
   30 |     /* 0x33 '3' */ {0,0,0x3C,0x66,0x06,0x1C,0x06,0x66,0x3C,0,0,0,0,0,0,0},
      |                                                                  ^
kernel/font.c:30:66: note: (near initialization for ‘font8x16[531]’)
kernel/font.c:30:68: warning: excess elements in scalar initializer
   30 |     /* 0x33 '3' */ {0,0,0x3C,0x66,0x06,0x1C,0x06,0x66,0x3C,0,0,0,0,0,0,0},
      |                                                                    ^
kernel/font.c:30:68: note: (near initialization for ‘font8x16[531]’)
kernel/font.c:30:70: warning: excess elements in scalar initializer
   30 |     /* 0x33 '3' */ {0,0,0x3C,0x66,0x06,0x1C,0x06,0x66,0x3C,0,0,0,0,0,0,0},
      |                                                                      ^
kernel/font.c:30:70: note: (near initialization for ‘font8x16[531]’)
kernel/font.c:30:72: warning: excess elements in scalar initializer
   30 |     /* 0x33 '3' */ {0,0,0x3C,0x66,0x06,0x1C,0x06,0x66,0x3C,0,0,0,0,0,0,0},
      |                                                                        ^
kernel/font.c:30:72: note: (near initialization for ‘font8x16[531]’)
kernel/font.c:31:20: warning: braces around scalar initializer
   31 |     /* 0x34 '4' */ {0,0,0x0C,0x1C,0x3C,0x6C,0x7E,0x0C,0x0C,0,0,0,0,0,0,0},
      |                    ^
kernel/font.c:31:20: note: (near initialization for ‘font8x16[532]’)
kernel/font.c:31:23: warning: excess elements in scalar initializer
   31 |     /* 0x34 '4' */ {0,0,0x0C,0x1C,0x3C,0x6C,0x7E,0x0C,0x0C,0,0,0,0,0,0,0},
      |                       ^
kernel/font.c:31:23: note: (near initialization for ‘font8x16[532]’)
kernel/font.c:31:25: warning: excess elements in scalar initializer
   31 |     /* 0x34 '4' */ {0,0,0x0C,0x1C,0x3C,0x6C,0x7E,0x0C,0x0C,0,0,0,0,0,0,0},
      |                         ^~~~
kernel/font.c:31:25: note: (near initialization for ‘font8x16[532]’)
kernel/font.c:31:30: warning: excess elements in scalar initializer
   31 |     /* 0x34 '4' */ {0,0,0x0C,0x1C,0x3C,0x6C,0x7E,0x0C,0x0C,0,0,0,0,0,0,0},
      |                              ^~~~
kernel/font.c:31:30: note: (near initialization for ‘font8x16[532]’)
kernel/font.c:31:35: warning: excess elements in scalar initializer
   31 |     /* 0x34 '4' */ {0,0,0x0C,0x1C,0x3C,0x6C,0x7E,0x0C,0x0C,0,0,0,0,0,0,0},
      |                                   ^~~~
kernel/font.c:31:35: note: (near initialization for ‘font8x16[532]’)
kernel/font.c:31:40: warning: excess elements in scalar initializer
   31 |     /* 0x34 '4' */ {0,0,0x0C,0x1C,0x3C,0x6C,0x7E,0x0C,0x0C,0,0,0,0,0,0,0},
      |                                        ^~~~
kernel/font.c:31:40: note: (near initialization for ‘font8x16[532]’)
kernel/font.c:31:45: warning: excess elements in scalar initializer
   31 |     /* 0x34 '4' */ {0,0,0x0C,0x1C,0x3C,0x6C,0x7E,0x0C,0x0C,0,0,0,0,0,0,0},
      |                                             ^~~~
kernel/font.c:31:45: note: (near initialization for ‘font8x16[532]’)
kernel/font.c:31:50: warning: excess elements in scalar initializer
   31 |     /* 0x34 '4' */ {0,0,0x0C,0x1C,0x3C,0x6C,0x7E,0x0C,0x0C,0,0,0,0,0,0,0},
      |                                                  ^~~~
kernel/font.c:31:50: note: (near initialization for ‘font8x16[532]’)
kernel/font.c:31:55: warning: excess elements in scalar initializer
   31 |     /* 0x34 '4' */ {0,0,0x0C,0x1C,0x3C,0x6C,0x7E,0x0C,0x0C,0,0,0,0,0,0,0},
      |                                                       ^~~~
kernel/font.c:31:55: note: (near initialization for ‘font8x16[532]’)
kernel/font.c:31:60: warning: excess elements in scalar initializer
   31 |     /* 0x34 '4' */ {0,0,0x0C,0x1C,0x3C,0x6C,0x7E,0x0C,0x0C,0,0,0,0,0,0,0},
      |                                                            ^
kernel/font.c:31:60: note: (near initialization for ‘font8x16[532]’)
kernel/font.c:31:62: warning: excess elements in scalar initializer
   31 |     /* 0x34 '4' */ {0,0,0x0C,0x1C,0x3C,0x6C,0x7E,0x0C,0x0C,0,0,0,0,0,0,0},
      |                                                              ^
kernel/font.c:31:62: note: (near initialization for ‘font8x16[532]’)
kernel/font.c:31:64: warning: excess elements in scalar initializer
   31 |     /* 0x34 '4' */ {0,0,0x0C,0x1C,0x3C,0x6C,0x7E,0x0C,0x0C,0,0,0,0,0,0,0},
      |                                                                ^
kernel/font.c:31:64: note: (near initialization for ‘font8x16[532]’)
kernel/font.c:31:66: warning: excess elements in scalar initializer
   31 |     /* 0x34 '4' */ {0,0,0x0C,0x1C,0x3C,0x6C,0x7E,0x0C,0x0C,0,0,0,0,0,0,0},
      |                                                                  ^
kernel/font.c:31:66: note: (near initialization for ‘font8x16[532]’)
kernel/font.c:31:68: warning: excess elements in scalar initializer
   31 |     /* 0x34 '4' */ {0,0,0x0C,0x1C,0x3C,0x6C,0x7E,0x0C,0x0C,0,0,0,0,0,0,0},
      |                                                                    ^
kernel/font.c:31:68: note: (near initialization for ‘font8x16[532]’)
kernel/font.c:31:70: warning: excess elements in scalar initializer
   31 |     /* 0x34 '4' */ {0,0,0x0C,0x1C,0x3C,0x6C,0x7E,0x0C,0x0C,0,0,0,0,0,0,0},
      |                                                                      ^
kernel/font.c:31:70: note: (near initialization for ‘font8x16[532]’)
kernel/font.c:31:72: warning: excess elements in scalar initializer
   31 |     /* 0x34 '4' */ {0,0,0x0C,0x1C,0x3C,0x6C,0x7E,0x0C,0x0C,0,0,0,0,0,0,0},
      |                                                                        ^
kernel/font.c:31:72: note: (near initialization for ‘font8x16[532]’)
kernel/font.c:32:20: warning: braces around scalar initializer
   32 |     /* 0x35 '5' */ {0,0,0x7E,0x60,0x7C,0x06,0x06,0x66,0x3C,0,0,0,0,0,0,0},
      |                    ^
kernel/font.c:32:20: note: (near initialization for ‘font8x16[533]’)
kernel/font.c:32:23: warning: excess elements in scalar initializer
   32 |     /* 0x35 '5' */ {0,0,0x7E,0x60,0x7C,0x06,0x06,0x66,0x3C,0,0,0,0,0,0,0},
      |                       ^
kernel/font.c:32:23: note: (near initialization for ‘font8x16[533]’)
kernel/font.c:32:25: warning: excess elements in scalar initializer
   32 |     /* 0x35 '5' */ {0,0,0x7E,0x60,0x7C,0x06,0x06,0x66,0x3C,0,0,0,0,0,0,0},
      |                         ^~~~
kernel/font.c:32:25: note: (near initialization for ‘font8x16[533]’)
kernel/font.c:32:30: warning: excess elements in scalar initializer
   32 |     /* 0x35 '5' */ {0,0,0x7E,0x60,0x7C,0x06,0x06,0x66,0x3C,0,0,0,0,0,0,0},
      |                              ^~~~
kernel/font.c:32:30: note: (near initialization for ‘font8x16[533]’)
kernel/font.c:32:35: warning: excess elements in scalar initializer
   32 |     /* 0x35 '5' */ {0,0,0x7E,0x60,0x7C,0x06,0x06,0x66,0x3C,0,0,0,0,0,0,0},
      |                                   ^~~~
kernel/font.c:32:35: note: (near initialization for ‘font8x16[533]’)
kernel/font.c:32:40: warning: excess elements in scalar initializer
   32 |     /* 0x35 '5' */ {0,0,0x7E,0x60,0x7C,0x06,0x06,0x66,0x3C,0,0,0,0,0,0,0},
      |                                        ^~~~
kernel/font.c:32:40: note: (near initialization for ‘font8x16[533]’)
kernel/font.c:32:45: warning: excess elements in scalar initializer
   32 |     /* 0x35 '5' */ {0,0,0x7E,0x60,0x7C,0x06,0x06,0x66,0x3C,0,0,0,0,0,0,0},
      |                                             ^~~~
kernel/font.c:32:45: note: (near initialization for ‘font8x16[533]’)
kernel/font.c:32:50: warning: excess elements in scalar initializer
   32 |     /* 0x35 '5' */ {0,0,0x7E,0x60,0x7C,0x06,0x06,0x66,0x3C,0,0,0,0,0,0,0},
      |                                                  ^~~~
kernel/font.c:32:50: note: (near initialization for ‘font8x16[533]’)
kernel/font.c:32:55: warning: excess elements in scalar initializer
   32 |     /* 0x35 '5' */ {0,0,0x7E,0x60,0x7C,0x06,0x06,0x66,0x3C,0,0,0,0,0,0,0},
      |                                                       ^~~~
kernel/font.c:32:55: note: (near initialization for ‘font8x16[533]’)
kernel/font.c:32:60: warning: excess elements in scalar initializer
   32 |     /* 0x35 '5' */ {0,0,0x7E,0x60,0x7C,0x06,0x06,0x66,0x3C,0,0,0,0,0,0,0},
      |                                                            ^
kernel/font.c:32:60: note: (near initialization for ‘font8x16[533]’)
kernel/font.c:32:62: warning: excess elements in scalar initializer
   32 |     /* 0x35 '5' */ {0,0,0x7E,0x60,0x7C,0x06,0x06,0x66,0x3C,0,0,0,0,0,0,0},
      |                                                              ^
kernel/font.c:32:62: note: (near initialization for ‘font8x16[533]’)
kernel/font.c:32:64: warning: excess elements in scalar initializer
   32 |     /* 0x35 '5' */ {0,0,0x7E,0x60,0x7C,0x06,0x06,0x66,0x3C,0,0,0,0,0,0,0},
      |                                                                ^
kernel/font.c:32:64: note: (near initialization for ‘font8x16[533]’)
kernel/font.c:32:66: warning: excess elements in scalar initializer
   32 |     /* 0x35 '5' */ {0,0,0x7E,0x60,0x7C,0x06,0x06,0x66,0x3C,0,0,0,0,0,0,0},
      |                                                                  ^
kernel/font.c:32:66: note: (near initialization for ‘font8x16[533]’)
kernel/font.c:32:68: warning: excess elements in scalar initializer
   32 |     /* 0x35 '5' */ {0,0,0x7E,0x60,0x7C,0x06,0x06,0x66,0x3C,0,0,0,0,0,0,0},
      |                                                                    ^
kernel/font.c:32:68: note: (near initialization for ‘font8x16[533]’)
kernel/font.c:32:70: warning: excess elements in scalar initializer
   32 |     /* 0x35 '5' */ {0,0,0x7E,0x60,0x7C,0x06,0x06,0x66,0x3C,0,0,0,0,0,0,0},
      |                                                                      ^
kernel/font.c:32:70: note: (near initialization for ‘font8x16[533]’)
kernel/font.c:32:72: warning: excess elements in scalar initializer
   32 |     /* 0x35 '5' */ {0,0,0x7E,0x60,0x7C,0x06,0x06,0x66,0x3C,0,0,0,0,0,0,0},
      |                                                                        ^
kernel/font.c:32:72: note: (near initialization for ‘font8x16[533]’)
kernel/font.c:33:20: warning: braces around scalar initializer
   33 |     /* 0x36 '6' */ {0,0,0x1C,0x30,0x60,0x7C,0x66,0x66,0x3C,0,0,0,0,0,0,0},
      |                    ^
kernel/font.c:33:20: note: (near initialization for ‘font8x16[534]’)
kernel/font.c:33:23: warning: excess elements in scalar initializer
   33 |     /* 0x36 '6' */ {0,0,0x1C,0x30,0x60,0x7C,0x66,0x66,0x3C,0,0,0,0,0,0,0},
      |                       ^
kernel/font.c:33:23: note: (near initialization for ‘font8x16[534]’)
kernel/font.c:33:25: warning: excess elements in scalar initializer
   33 |     /* 0x36 '6' */ {0,0,0x1C,0x30,0x60,0x7C,0x66,0x66,0x3C,0,0,0,0,0,0,0},
      |                         ^~~~
kernel/font.c:33:25: note: (near initialization for ‘font8x16[534]’)
kernel/font.c:33:30: warning: excess elements in scalar initializer
   33 |     /* 0x36 '6' */ {0,0,0x1C,0x30,0x60,0x7C,0x66,0x66,0x3C,0,0,0,0,0,0,0},
      |                              ^~~~
kernel/font.c:33:30: note: (near initialization for ‘font8x16[534]’)
kernel/font.c:33:35: warning: excess elements in scalar initializer
   33 |     /* 0x36 '6' */ {0,0,0x1C,0x30,0x60,0x7C,0x66,0x66,0x3C,0,0,0,0,0,0,0},
      |                                   ^~~~
kernel/font.c:33:35: note: (near initialization for ‘font8x16[534]’)
kernel/font.c:33:40: warning: excess elements in scalar initializer
   33 |     /* 0x36 '6' */ {0,0,0x1C,0x30,0x60,0x7C,0x66,0x66,0x3C,0,0,0,0,0,0,0},
      |                                        ^~~~
kernel/font.c:33:40: note: (near initialization for ‘font8x16[534]’)
kernel/font.c:33:45: warning: excess elements in scalar initializer
   33 |     /* 0x36 '6' */ {0,0,0x1C,0x30,0x60,0x7C,0x66,0x66,0x3C,0,0,0,0,0,0,0},
      |                                             ^~~~
kernel/font.c:33:45: note: (near initialization for ‘font8x16[534]’)
kernel/font.c:33:50: warning: excess elements in scalar initializer
   33 |     /* 0x36 '6' */ {0,0,0x1C,0x30,0x60,0x7C,0x66,0x66,0x3C,0,0,0,0,0,0,0},
      |                                                  ^~~~
kernel/font.c:33:50: note: (near initialization for ‘font8x16[534]’)
kernel/font.c:33:55: warning: excess elements in scalar initializer
   33 |     /* 0x36 '6' */ {0,0,0x1C,0x30,0x60,0x7C,0x66,0x66,0x3C,0,0,0,0,0,0,0},
      |                                                       ^~~~
kernel/font.c:33:55: note: (near initialization for ‘font8x16[534]’)
kernel/font.c:33:60: warning: excess elements in scalar initializer
   33 |     /* 0x36 '6' */ {0,0,0x1C,0x30,0x60,0x7C,0x66,0x66,0x3C,0,0,0,0,0,0,0},
      |                                                            ^
kernel/font.c:33:60: note: (near initialization for ‘font8x16[534]’)
kernel/font.c:33:62: warning: excess elements in scalar initializer
   33 |     /* 0x36 '6' */ {0,0,0x1C,0x30,0x60,0x7C,0x66,0x66,0x3C,0,0,0,0,0,0,0},
      |                                                              ^
kernel/font.c:33:62: note: (near initialization for ‘font8x16[534]’)
kernel/font.c:33:64: warning: excess elements in scalar initializer
   33 |     /* 0x36 '6' */ {0,0,0x1C,0x30,0x60,0x7C,0x66,0x66,0x3C,0,0,0,0,0,0,0},
      |                                                                ^
kernel/font.c:33:64: note: (near initialization for ‘font8x16[534]’)
kernel/font.c:33:66: warning: excess elements in scalar initializer
   33 |     /* 0x36 '6' */ {0,0,0x1C,0x30,0x60,0x7C,0x66,0x66,0x3C,0,0,0,0,0,0,0},
      |                                                                  ^
kernel/font.c:33:66: note: (near initialization for ‘font8x16[534]’)
kernel/font.c:33:68: warning: excess elements in scalar initializer
   33 |     /* 0x36 '6' */ {0,0,0x1C,0x30,0x60,0x7C,0x66,0x66,0x3C,0,0,0,0,0,0,0},
      |                                                                    ^
kernel/font.c:33:68: note: (near initialization for ‘font8x16[534]’)
kernel/font.c:33:70: warning: excess elements in scalar initializer
   33 |     /* 0x36 '6' */ {0,0,0x1C,0x30,0x60,0x7C,0x66,0x66,0x3C,0,0,0,0,0,0,0},
      |                                                                      ^
kernel/font.c:33:70: note: (near initialization for ‘font8x16[534]’)
kernel/font.c:33:72: warning: excess elements in scalar initializer
   33 |     /* 0x36 '6' */ {0,0,0x1C,0x30,0x60,0x7C,0x66,0x66,0x3C,0,0,0,0,0,0,0},
      |                                                                        ^
kernel/font.c:33:72: note: (near initialization for ‘font8x16[534]’)
kernel/font.c:34:20: warning: braces around scalar initializer
   34 |     /* 0x37 '7' */ {0,0,0x7E,0x06,0x0C,0x18,0x30,0x30,0x30,0,0,0,0,0,0,0},
      |                    ^
kernel/font.c:34:20: note: (near initialization for ‘font8x16[535]’)
kernel/font.c:34:23: warning: excess elements in scalar initializer
   34 |     /* 0x37 '7' */ {0,0,0x7E,0x06,0x0C,0x18,0x30,0x30,0x30,0,0,0,0,0,0,0},
      |                       ^
kernel/font.c:34:23: note: (near initialization for ‘font8x16[535]’)
kernel/font.c:34:25: warning: excess elements in scalar initializer
   34 |     /* 0x37 '7' */ {0,0,0x7E,0x06,0x0C,0x18,0x30,0x30,0x30,0,0,0,0,0,0,0},
      |                         ^~~~
kernel/font.c:34:25: note: (near initialization for ‘font8x16[535]’)
kernel/font.c:34:30: warning: excess elements in scalar initializer
   34 |     /* 0x37 '7' */ {0,0,0x7E,0x06,0x0C,0x18,0x30,0x30,0x30,0,0,0,0,0,0,0},
      |                              ^~~~
kernel/font.c:34:30: note: (near initialization for ‘font8x16[535]’)
kernel/font.c:34:35: warning: excess elements in scalar initializer
   34 |     /* 0x37 '7' */ {0,0,0x7E,0x06,0x0C,0x18,0x30,0x30,0x30,0,0,0,0,0,0,0},
      |                                   ^~~~
kernel/font.c:34:35: note: (near initialization for ‘font8x16[535]’)
kernel/font.c:34:40: warning: excess elements in scalar initializer
   34 |     /* 0x37 '7' */ {0,0,0x7E,0x06,0x0C,0x18,0x30,0x30,0x30,0,0,0,0,0,0,0},
      |                                        ^~~~
kernel/font.c:34:40: note: (near initialization for ‘font8x16[535]’)
kernel/font.c:34:45: warning: excess elements in scalar initializer
   34 |     /* 0x37 '7' */ {0,0,0x7E,0x06,0x0C,0x18,0x30,0x30,0x30,0,0,0,0,0,0,0},
      |                                             ^~~~
kernel/font.c:34:45: note: (near initialization for ‘font8x16[535]’)
kernel/font.c:34:50: warning: excess elements in scalar initializer
   34 |     /* 0x37 '7' */ {0,0,0x7E,0x06,0x0C,0x18,0x30,0x30,0x30,0,0,0,0,0,0,0},
      |                                                  ^~~~
kernel/font.c:34:50: note: (near initialization for ‘font8x16[535]’)
kernel/font.c:34:55: warning: excess elements in scalar initializer
   34 |     /* 0x37 '7' */ {0,0,0x7E,0x06,0x0C,0x18,0x30,0x30,0x30,0,0,0,0,0,0,0},
      |                                                       ^~~~
kernel/font.c:34:55: note: (near initialization for ‘font8x16[535]’)
kernel/font.c:34:60: warning: excess elements in scalar initializer
   34 |     /* 0x37 '7' */ {0,0,0x7E,0x06,0x0C,0x18,0x30,0x30,0x30,0,0,0,0,0,0,0},
      |                                                            ^
kernel/font.c:34:60: note: (near initialization for ‘font8x16[535]’)
kernel/font.c:34:62: warning: excess elements in scalar initializer
   34 |     /* 0x37 '7' */ {0,0,0x7E,0x06,0x0C,0x18,0x30,0x30,0x30,0,0,0,0,0,0,0},
      |                                                              ^
kernel/font.c:34:62: note: (near initialization for ‘font8x16[535]’)
kernel/font.c:34:64: warning: excess elements in scalar initializer
   34 |     /* 0x37 '7' */ {0,0,0x7E,0x06,0x0C,0x18,0x30,0x30,0x30,0,0,0,0,0,0,0},
      |                                                                ^
kernel/font.c:34:64: note: (near initialization for ‘font8x16[535]’)
kernel/font.c:34:66: warning: excess elements in scalar initializer
   34 |     /* 0x37 '7' */ {0,0,0x7E,0x06,0x0C,0x18,0x30,0x30,0x30,0,0,0,0,0,0,0},
      |                                                                  ^
kernel/font.c:34:66: note: (near initialization for ‘font8x16[535]’)
kernel/font.c:34:68: warning: excess elements in scalar initializer
   34 |     /* 0x37 '7' */ {0,0,0x7E,0x06,0x0C,0x18,0x30,0x30,0x30,0,0,0,0,0,0,0},
      |                                                                    ^
kernel/font.c:34:68: note: (near initialization for ‘font8x16[535]’)
kernel/font.c:34:70: warning: excess elements in scalar initializer
   34 |     /* 0x37 '7' */ {0,0,0x7E,0x06,0x0C,0x18,0x30,0x30,0x30,0,0,0,0,0,0,0},
      |                                                                      ^
kernel/font.c:34:70: note: (near initialization for ‘font8x16[535]’)
kernel/font.c:34:72: warning: excess elements in scalar initializer
   34 |     /* 0x37 '7' */ {0,0,0x7E,0x06,0x0C,0x18,0x30,0x30,0x30,0,0,0,0,0,0,0},
      |                                                                        ^
kernel/font.c:34:72: note: (near initialization for ‘font8x16[535]’)
kernel/font.c:35:20: warning: braces around scalar initializer
   35 |     /* 0x38 '8' */ {0,0,0x3C,0x66,0x66,0x3C,0x66,0x66,0x3C,0,0,0,0,0,0,0},
      |                    ^
kernel/font.c:35:20: note: (near initialization for ‘font8x16[536]’)
kernel/font.c:35:23: warning: excess elements in scalar initializer
   35 |     /* 0x38 '8' */ {0,0,0x3C,0x66,0x66,0x3C,0x66,0x66,0x3C,0,0,0,0,0,0,0},
      |                       ^
kernel/font.c:35:23: note: (near initialization for ‘font8x16[536]’)
kernel/font.c:35:25: warning: excess elements in scalar initializer
   35 |     /* 0x38 '8' */ {0,0,0x3C,0x66,0x66,0x3C,0x66,0x66,0x3C,0,0,0,0,0,0,0},
      |                         ^~~~
kernel/font.c:35:25: note: (near initialization for ‘font8x16[536]’)
kernel/font.c:35:30: warning: excess elements in scalar initializer
   35 |     /* 0x38 '8' */ {0,0,0x3C,0x66,0x66,0x3C,0x66,0x66,0x3C,0,0,0,0,0,0,0},
      |                              ^~~~
kernel/font.c:35:30: note: (near initialization for ‘font8x16[536]’)
kernel/font.c:35:35: warning: excess elements in scalar initializer
   35 |     /* 0x38 '8' */ {0,0,0x3C,0x66,0x66,0x3C,0x66,0x66,0x3C,0,0,0,0,0,0,0},
      |                                   ^~~~
kernel/font.c:35:35: note: (near initialization for ‘font8x16[536]’)
kernel/font.c:35:40: warning: excess elements in scalar initializer
   35 |     /* 0x38 '8' */ {0,0,0x3C,0x66,0x66,0x3C,0x66,0x66,0x3C,0,0,0,0,0,0,0},
      |                                        ^~~~
In file included from include/sched.h:4,
                 from kernel/sched.c:1:
include/types.h:34: warning: "offsetof" redefined
   34 | #define offsetof(type, member) ((size_t)&((type *)0)->member)
      | 
kernel/font.c:35:40: note: (near initialization for ‘font8x16[536]’)
kernel/font.c:35:45: warning: excess elements in scalar initializer
   35 |     /* 0x38 '8' */ {0,0,0x3C,0x66,0x66,0x3C,0x66,0x66,0x3C,0,0,0,0,0,0,0},
      |                                             ^~~~
kernel/font.c:35:45: note: (near initialization for ‘font8x16[536]’)
kernel/font.c:35:50: warning: excess elements in scalar initializer
   35 |     /* 0x38 '8' */ {0,0,0x3C,0x66,0x66,0x3C,0x66,0x66,0x3C,0,0,0,0,0,0,0},
      |                                                  ^~~~
kernel/font.c:35:50: note: (near initialization for ‘font8x16[536]’)
kernel/font.c:35:55: warning: excess elements in scalar initializer
   35 |     /* 0x38 '8' */ {0,0,0x3C,0x66,0x66,0x3C,0x66,0x66,0x3C,0,0,0,0,0,0,0},
      |                                                       ^~~~
kernel/font.c:35:55: note: (near initialization for ‘font8x16[536]’)
In file included from include/types.h:7,
                 from include/sched.h:4,
                 from kernel/sched.c:1:
/usr/lib/gcc/x86_64-linux-gnu/11/include/stddef.h:406: note: this is the location of the previous definition
  406 | #define offsetof(TYPE, MEMBER) __builtin_offsetof (TYPE, MEMBER)
      | 
kernel/font.c:35:60: warning: excess elements in scalar initializer
   35 |     /* 0x38 '8' */ {0,0,0x3C,0x66,0x66,0x3C,0x66,0x66,0x3C,0,0,0,0,0,0,0},
      |                                                            ^
kernel/font.c:35:60: note: (near initialization for ‘font8x16[536]’)
kernel/font.c:35:62: warning: excess elements in scalar initializer
   35 |     /* 0x38 '8' */ {0,0,0x3C,0x66,0x66,0x3C,0x66,0x66,0x3C,0,0,0,0,0,0,0},
      |                                                              ^
kernel/font.c:35:62: note: (near initialization for ‘font8x16[536]’)
kernel/font.c:35:64: warning: excess elements in scalar initializer
   35 |     /* 0x38 '8' */ {0,0,0x3C,0x66,0x66,0x3C,0x66,0x66,0x3C,0,0,0,0,0,0,0},
      |                                                                ^
kernel/font.c:35:64: note: (near initialization for ‘font8x16[536]’)
kernel/font.c:35:66: warning: excess elements in scalar initializer
   35 |     /* 0x38 '8' */ {0,0,0x3C,0x66,0x66,0x3C,0x66,0x66,0x3C,0,0,0,0,0,0,0},
      |                                                                  ^
kernel/font.c:35:66: note: (near initialization for ‘font8x16[536]’)
kernel/font.c:35:68: warning: excess elements in scalar initializer
   35 |     /* 0x38 '8' */ {0,0,0x3C,0x66,0x66,0x3C,0x66,0x66,0x3C,0,0,0,0,0,0,0},
      |                                                                    ^
kernel/font.c:35:68: note: (near initialization for ‘font8x16[536]’)
kernel/font.c:35:70: warning: excess elements in scalar initializer
   35 |     /* 0x38 '8' */ {0,0,0x3C,0x66,0x66,0x3C,0x66,0x66,0x3C,0,0,0,0,0,0,0},
      |                                                                      ^
kernel/font.c:35:70: note: (near initialization for ‘font8x16[536]’)
kernel/font.c:35:72: warning: excess elements in scalar initializer
   35 |     /* 0x38 '8' */ {0,0,0x3C,0x66,0x66,0x3C,0x66,0x66,0x3C,0,0,0,0,0,0,0},
      |                                                                        ^
kernel/font.c:35:72: note: (near initialization for ‘font8x16[536]’)
kernel/font.c:36:20: warning: braces around scalar initializer
   36 |     /* 0x39 '9' */ {0,0,0x3C,0x66,0x66,0x3E,0x06,0x0C,0x38,0,0,0,0,0,0,0},
      |                    ^
kernel/font.c:36:20: note: (near initialization for ‘font8x16[537]’)
kernel/font.c:36:23: warning: excess elements in scalar initializer
   36 |     /* 0x39 '9' */ {0,0,0x3C,0x66,0x66,0x3E,0x06,0x0C,0x38,0,0,0,0,0,0,0},
      |                       ^
kernel/font.c:36:23: note: (near initialization for ‘font8x16[537]’)
kernel/font.c:36:25: warning: excess elements in scalar initializer
   36 |     /* 0x39 '9' */ {0,0,0x3C,0x66,0x66,0x3E,0x06,0x0C,0x38,0,0,0,0,0,0,0},
      |                         ^~~~
kernel/font.c:36:25: note: (near initialization for ‘font8x16[537]’)
kernel/font.c:36:30: warning: excess elements in scalar initializer
   36 |     /* 0x39 '9' */ {0,0,0x3C,0x66,0x66,0x3E,0x06,0x0C,0x38,0,0,0,0,0,0,0},
      |                              ^~~~
kernel/font.c:36:30: note: (near initialization for ‘font8x16[537]’)
kernel/font.c:36:35: warning: excess elements in scalar initializer
   36 |     /* 0x39 '9' */ {0,0,0x3C,0x66,0x66,0x3E,0x06,0x0C,0x38,0,0,0,0,0,0,0},
      |                                   ^~~~
kernel/font.c:36:35: note: (near initialization for ‘font8x16[537]’)
kernel/font.c:36:40: warning: excess elements in scalar initializer
   36 |     /* 0x39 '9' */ {0,0,0x3C,0x66,0x66,0x3E,0x06,0x0C,0x38,0,0,0,0,0,0,0},
      |                                        ^~~~
kernel/font.c:36:40: note: (near initialization for ‘font8x16[537]’)
kernel/font.c:36:45: warning: excess elements in scalar initializer
   36 |     /* 0x39 '9' */ {0,0,0x3C,0x66,0x66,0x3E,0x06,0x0C,0x38,0,0,0,0,0,0,0},
      |                                             ^~~~
kernel/font.c:36:45: note: (near initialization for ‘font8x16[537]’)
kernel/font.c:36:50: warning: excess elements in scalar initializer
   36 |     /* 0x39 '9' */ {0,0,0x3C,0x66,0x66,0x3E,0x06,0x0C,0x38,0,0,0,0,0,0,0},
      |                                                  ^~~~
kernel/font.c:36:50: note: (near initialization for ‘font8x16[537]’)
kernel/font.c:36:55: warning: excess elements in scalar initializer
   36 |     /* 0x39 '9' */ {0,0,0x3C,0x66,0x66,0x3E,0x06,0x0C,0x38,0,0,0,0,0,0,0},
      |                                                       ^~~~
kernel/font.c:36:55: note: (near initialization for ‘font8x16[537]’)
kernel/font.c:36:60: warning: excess elements in scalar initializer
   36 |     /* 0x39 '9' */ {0,0,0x3C,0x66,0x66,0x3E,0x06,0x0C,0x38,0,0,0,0,0,0,0},
      |                                                            ^
kernel/font.c:36:60: note: (near initialization for ‘font8x16[537]’)
kernel/font.c:36:62: warning: excess elements in scalar initializer
   36 |     /* 0x39 '9' */ {0,0,0x3C,0x66,0x66,0x3E,0x06,0x0C,0x38,0,0,0,0,0,0,0},
      |                                                              ^
kernel/font.c:36:62: note: (near initialization for ‘font8x16[537]’)
kernel/font.c:36:64: warning: excess elements in scalar initializer
   36 |     /* 0x39 '9' */ {0,0,0x3C,0x66,0x66,0x3E,0x06,0x0C,0x38,0,0,0,0,0,0,0},
      |                                                                ^
kernel/font.c:36:64: note: (near initialization for ‘font8x16[537]’)
kernel/font.c:36:66: warning: excess elements in scalar initializer
   36 |     /* 0x39 '9' */ {0,0,0x3C,0x66,0x66,0x3E,0x06,0x0C,0x38,0,0,0,0,0,0,0},
      |                                                                  ^
kernel/font.c:36:66: note: (near initialization for ‘font8x16[537]’)
kernel/font.c:36:68: warning: excess elements in scalar initializer
   36 |     /* 0x39 '9' */ {0,0,0x3C,0x66,0x66,0x3E,0x06,0x0C,0x38,0,0,0,0,0,0,0},
      |                                                                    ^
kernel/font.c:36:68: note: (near initialization for ‘font8x16[537]’)
kernel/font.c:36:70: warning: excess elements in scalar initializer
   36 |     /* 0x39 '9' */ {0,0,0x3C,0x66,0x66,0x3E,0x06,0x0C,0x38,0,0,0,0,0,0,0},
      |                                                                      ^
kernel/font.c:36:70: note: (near initialization for ‘font8x16[537]’)
kernel/font.c:36:72: warning: excess elements in scalar initializer
   36 |     /* 0x39 '9' */ {0,0,0x3C,0x66,0x66,0x3E,0x06,0x0C,0x38,0,0,0,0,0,0,0},
      |                                                                        ^
kernel/font.c:36:72: note: (near initialization for ‘font8x16[537]’)
kernel/font.c:37:20: warning: braces around scalar initializer
   37 |     /* 0x3A ':' */ {0,0,0,0x18,0x18,0,0,0x18,0x18,0,0,0,0,0,0,0},
      |                    ^
kernel/font.c:37:20: note: (near initialization for ‘font8x16[538]’)
kernel/font.c:37:23: warning: excess elements in scalar initializer
   37 |     /* 0x3A ':' */ {0,0,0,0x18,0x18,0,0,0x18,0x18,0,0,0,0,0,0,0},
      |                       ^
kernel/font.c:37:23: note: (near initialization for ‘font8x16[538]’)
kernel/font.c:37:25: warning: excess elements in scalar initializer
   37 |     /* 0x3A ':' */ {0,0,0,0x18,0x18,0,0,0x18,0x18,0,0,0,0,0,0,0},
      |                         ^
kernel/font.c:37:25: note: (near initialization for ‘font8x16[538]’)
kernel/font.c:37:27: warning: excess elements in scalar initializer
   37 |     /* 0x3A ':' */ {0,0,0,0x18,0x18,0,0,0x18,0x18,0,0,0,0,0,0,0},
      |                           ^~~~
kernel/font.c:37:27: note: (near initialization for ‘font8x16[538]’)
kernel/font.c:37:32: warning: excess elements in scalar initializer
   37 |     /* 0x3A ':' */ {0,0,0,0x18,0x18,0,0,0x18,0x18,0,0,0,0,0,0,0},
      |                                ^~~~
kernel/font.c:37:32: note: (near initialization for ‘font8x16[538]’)
kernel/font.c:37:37: warning: excess elements in scalar initializer
   37 |     /* 0x3A ':' */ {0,0,0,0x18,0x18,0,0,0x18,0x18,0,0,0,0,0,0,0},
      |                                     ^
kernel/font.c:37:37: note: (near initialization for ‘font8x16[538]’)
kernel/font.c:37:39: warning: excess elements in scalar initializer
   37 |     /* 0x3A ':' */ {0,0,0,0x18,0x18,0,0,0x18,0x18,0,0,0,0,0,0,0},
      |                                       ^
kernel/font.c:37:39: note: (near initialization for ‘font8x16[538]’)
kernel/font.c:37:41: warning: excess elements in scalar initializer
   37 |     /* 0x3A ':' */ {0,0,0,0x18,0x18,0,0,0x18,0x18,0,0,0,0,0,0,0},
      |                                         ^~~~
kernel/font.c:37:41: note: (near initialization for ‘font8x16[538]’)
kernel/font.c:37:46: warning: excess elements in scalar initializer
   37 |     /* 0x3A ':' */ {0,0,0,0x18,0x18,0,0,0x18,0x18,0,0,0,0,0,0,0},
      |                                              ^~~~
kernel/font.c:37:46: note: (near initialization for ‘font8x16[538]’)
kernel/font.c:37:51: warning: excess elements in scalar initializer
   37 |     /* 0x3A ':' */ {0,0,0,0x18,0x18,0,0,0x18,0x18,0,0,0,0,0,0,0},
      |                                                   ^
kernel/font.c:37:51: note: (near initialization for ‘font8x16[538]’)
kernel/font.c:37:53: warning: excess elements in scalar initializer
   37 |     /* 0x3A ':' */ {0,0,0,0x18,0x18,0,0,0x18,0x18,0,0,0,0,0,0,0},
      |                                                     ^
kernel/font.c:37:53: note: (near initialization for ‘font8x16[538]’)
kernel/font.c:37:55: warning: excess elements in scalar initializer
   37 |     /* 0x3A ':' */ {0,0,0,0x18,0x18,0,0,0x18,0x18,0,0,0,0,0,0,0},
      |                                                       ^
kernel/font.c:37:55: note: (near initialization for ‘font8x16[538]’)
kernel/font.c:37:57: warning: excess elements in scalar initializer
   37 |     /* 0x3A ':' */ {0,0,0,0x18,0x18,0,0,0x18,0x18,0,0,0,0,0,0,0},
      |                                                         ^
kernel/font.c:37:57: note: (near initialization for ‘font8x16[538]’)
kernel/font.c:37:59: warning: excess elements in scalar initializer
   37 |     /* 0x3A ':' */ {0,0,0,0x18,0x18,0,0,0x18,0x18,0,0,0,0,0,0,0},
      |                                                           ^
kernel/font.c:37:59: note: (near initialization for ‘font8x16[538]’)
kernel/font.c:37:61: warning: excess elements in scalar initializer
   37 |     /* 0x3A ':' */ {0,0,0,0x18,0x18,0,0,0x18,0x18,0,0,0,0,0,0,0},
      |                                                             ^
kernel/font.c:37:61: note: (near initialization for ‘font8x16[538]’)
kernel/font.c:37:63: warning: excess elements in scalar initializer
   37 |     /* 0x3A ':' */ {0,0,0,0x18,0x18,0,0,0x18,0x18,0,0,0,0,0,0,0},
      |                                                               ^
kernel/font.c:37:63: note: (near initialization for ‘font8x16[538]’)
kernel/font.c:38:20: warning: braces around scalar initializer
   38 |     /* 0x3B ';' */ {0,0,0,0x18,0x18,0,0,0x18,0x18,0x30,0,0,0,0,0,0},
      |                    ^
kernel/font.c:38:20: note: (near initialization for ‘font8x16[539]’)
kernel/font.c:38:23: warning: excess elements in scalar initializer
   38 |     /* 0x3B ';' */ {0,0,0,0x18,0x18,0,0,0x18,0x18,0x30,0,0,0,0,0,0},
      |                       ^
kernel/font.c:38:23: note: (near initialization for ‘font8x16[539]’)
kernel/font.c:38:25: warning: excess elements in scalar initializer
   38 |     /* 0x3B ';' */ {0,0,0,0x18,0x18,0,0,0x18,0x18,0x30,0,0,0,0,0,0},
      |                         ^
kernel/font.c:38:25: note: (near initialization for ‘font8x16[539]’)
kernel/font.c:38:27: warning: excess elements in scalar initializer
   38 |     /* 0x3B ';' */ {0,0,0,0x18,0x18,0,0,0x18,0x18,0x30,0,0,0,0,0,0},
      |                           ^~~~
kernel/font.c:38:27: note: (near initialization for ‘font8x16[539]’)
kernel/font.c:38:32: warning: excess elements in scalar initializer
   38 |     /* 0x3B ';' */ {0,0,0,0x18,0x18,0,0,0x18,0x18,0x30,0,0,0,0,0,0},
      |                                ^~~~
kernel/font.c:38:32: note: (near initialization for ‘font8x16[539]’)
kernel/font.c:38:37: warning: excess elements in scalar initializer
   38 |     /* 0x3B ';' */ {0,0,0,0x18,0x18,0,0,0x18,0x18,0x30,0,0,0,0,0,0},
      |                                     ^
kernel/font.c:38:37: note: (near initialization for ‘font8x16[539]’)
kernel/font.c:38:39: warning: excess elements in scalar initializer
   38 |     /* 0x3B ';' */ {0,0,0,0x18,0x18,0,0,0x18,0x18,0x30,0,0,0,0,0,0},
      |                                       ^
kernel/font.c:38:39: note: (near initialization for ‘font8x16[539]’)
kernel/font.c:38:41: warning: excess elements in scalar initializer
   38 |     /* 0x3B ';' */ {0,0,0,0x18,0x18,0,0,0x18,0x18,0x30,0,0,0,0,0,0},
      |                                         ^~~~
kernel/font.c:38:41: note: (near initialization for ‘font8x16[539]’)
kernel/font.c:38:46: warning: excess elements in scalar initializer
   38 |     /* 0x3B ';' */ {0,0,0,0x18,0x18,0,0,0x18,0x18,0x30,0,0,0,0,0,0},
      |                                              ^~~~
kernel/font.c:38:46: note: (near initialization for ‘font8x16[539]’)
kernel/font.c:38:51: warning: excess elements in scalar initializer
   38 |     /* 0x3B ';' */ {0,0,0,0x18,0x18,0,0,0x18,0x18,0x30,0,0,0,0,0,0},
      |                                                   ^~~~
kernel/font.c:38:51: note: (near initialization for ‘font8x16[539]’)
kernel/font.c:38:56: warning: excess elements in scalar initializer
   38 |     /* 0x3B ';' */ {0,0,0,0x18,0x18,0,0,0x18,0x18,0x30,0,0,0,0,0,0},
      |                                                        ^
kernel/font.c:38:56: note: (near initialization for ‘font8x16[539]’)
kernel/font.c:38:58: warning: excess elements in scalar initializer
   38 |     /* 0x3B ';' */ {0,0,0,0x18,0x18,0,0,0x18,0x18,0x30,0,0,0,0,0,0},
      |                                                          ^
kernel/font.c:38:58: note: (near initialization for ‘font8x16[539]’)
kernel/font.c:38:60: warning: excess elements in scalar initializer
   38 |     /* 0x3B ';' */ {0,0,0,0x18,0x18,0,0,0x18,0x18,0x30,0,0,0,0,0,0},
      |                                                            ^
kernel/font.c:38:60: note: (near initialization for ‘font8x16[539]’)
kernel/font.c:38:62: warning: excess elements in scalar initializer
   38 |     /* 0x3B ';' */ {0,0,0,0x18,0x18,0,0,0x18,0x18,0x30,0,0,0,0,0,0},
      |                                                              ^
kernel/font.c:38:62: note: (near initialization for ‘font8x16[539]’)
kernel/font.c:38:64: warning: excess elements in scalar initializer
   38 |     /* 0x3B ';' */ {0,0,0,0x18,0x18,0,0,0x18,0x18,0x30,0,0,0,0,0,0},
      |                                                                ^
kernel/font.c:38:64: note: (near initialization for ‘font8x16[539]’)
kernel/font.c:38:66: warning: excess elements in scalar initializer
   38 |     /* 0x3B ';' */ {0,0,0,0x18,0x18,0,0,0x18,0x18,0x30,0,0,0,0,0,0},
      |                                                                  ^
kernel/font.c:38:66: note: (near initialization for ‘font8x16[539]’)
kernel/font.c:39:20: warning: braces around scalar initializer
   39 |     /* 0x3C '<' */ {0,0,0x06,0x0C,0x18,0x30,0x18,0x0C,0x06,0,0,0,0,0,0,0},
      |                    ^
kernel/font.c:39:20: note: (near initialization for ‘font8x16[540]’)
kernel/font.c:39:23: warning: excess elements in scalar initializer
   39 |     /* 0x3C '<' */ {0,0,0x06,0x0C,0x18,0x30,0x18,0x0C,0x06,0,0,0,0,0,0,0},
      |                       ^
kernel/font.c:39:23: note: (near initialization for ‘font8x16[540]’)
kernel/font.c:39:25: warning: excess elements in scalar initializer
   39 |     /* 0x3C '<' */ {0,0,0x06,0x0C,0x18,0x30,0x18,0x0C,0x06,0,0,0,0,0,0,0},
      |                         ^~~~
kernel/font.c:39:25: note: (near initialization for ‘font8x16[540]’)
kernel/font.c:39:30: warning: excess elements in scalar initializer
   39 |     /* 0x3C '<' */ {0,0,0x06,0x0C,0x18,0x30,0x18,0x0C,0x06,0,0,0,0,0,0,0},
      |                              ^~~~
kernel/font.c:39:30: note: (near initialization for ‘font8x16[540]’)
kernel/font.c:39:35: warning: excess elements in scalar initializer
   39 |     /* 0x3C '<' */ {0,0,0x06,0x0C,0x18,0x30,0x18,0x0C,0x06,0,0,0,0,0,0,0},
      |                                   ^~~~
kernel/font.c:39:35: note: (near initialization for ‘font8x16[540]’)
kernel/font.c:39:40: warning: excess elements in scalar initializer
   39 |     /* 0x3C '<' */ {0,0,0x06,0x0C,0x18,0x30,0x18,0x0C,0x06,0,0,0,0,0,0,0},
      |                                        ^~~~
kernel/font.c:39:40: note: (near initialization for ‘font8x16[540]’)
kernel/font.c:39:45: warning: excess elements in scalar initializer
   39 |     /* 0x3C '<' */ {0,0,0x06,0x0C,0x18,0x30,0x18,0x0C,0x06,0,0,0,0,0,0,0},
      |                                             ^~~~
kernel/font.c:39:45: note: (near initialization for ‘font8x16[540]’)
kernel/font.c:39:50: warning: excess elements in scalar initializer
   39 |     /* 0x3C '<' */ {0,0,0x06,0x0C,0x18,0x30,0x18,0x0C,0x06,0,0,0,0,0,0,0},
      |                                                  ^~~~
kernel/font.c:39:50: note: (near initialization for ‘font8x16[540]’)
kernel/font.c:39:55: warning: excess elements in scalar initializer
   39 |     /* 0x3C '<' */ {0,0,0x06,0x0C,0x18,0x30,0x18,0x0C,0x06,0,0,0,0,0,0,0},
      |                                                       ^~~~
kernel/font.c:39:55: note: (near initialization for ‘font8x16[540]’)
kernel/font.c:39:60: warning: excess elements in scalar initializer
   39 |     /* 0x3C '<' */ {0,0,0x06,0x0C,0x18,0x30,0x18,0x0C,0x06,0,0,0,0,0,0,0},
      |                                                            ^
kernel/font.c:39:60: note: (near initialization for ‘font8x16[540]’)
kernel/font.c:39:62: warning: excess elements in scalar initializer
   39 |     /* 0x3C '<' */ {0,0,0x06,0x0C,0x18,0x30,0x18,0x0C,0x06,0,0,0,0,0,0,0},
      |                                                              ^
kernel/font.c:39:62: note: (near initialization for ‘font8x16[540]’)
kernel/font.c:39:64: warning: excess elements in scalar initializer
   39 |     /* 0x3C '<' */ {0,0,0x06,0x0C,0x18,0x30,0x18,0x0C,0x06,0,0,0,0,0,0,0},
      |                                                                ^
kernel/font.c:39:64: note: (near initialization for ‘font8x16[540]’)
kernel/font.c:39:66: warning: excess elements in scalar initializer
   39 |     /* 0x3C '<' */ {0,0,0x06,0x0C,0x18,0x30,0x18,0x0C,0x06,0,0,0,0,0,0,0},
      |                                                                  ^
kernel/font.c:39:66: note: (near initialization for ‘font8x16[540]’)
kernel/font.c:39:68: warning: excess elements in scalar initializer
   39 |     /* 0x3C '<' */ {0,0,0x06,0x0C,0x18,0x30,0x18,0x0C,0x06,0,0,0,0,0,0,0},
      |                                                                    ^
kernel/font.c:39:68: note: (near initialization for ‘font8x16[540]’)
kernel/font.c:39:70: warning: excess elements in scalar initializer
   39 |     /* 0x3C '<' */ {0,0,0x06,0x0C,0x18,0x30,0x18,0x0C,0x06,0,0,0,0,0,0,0},
      |                                                                      ^
kernel/font.c:39:70: note: (near initialization for ‘font8x16[540]’)
kernel/font.c:39:72: warning: excess elements in scalar initializer
   39 |     /* 0x3C '<' */ {0,0,0x06,0x0C,0x18,0x30,0x18,0x0C,0x06,0,0,0,0,0,0,0},
      |                                                                        ^
kernel/font.c:39:72: note: (near initialization for ‘font8x16[540]’)
kernel/font.c:40:20: warning: braces around scalar initializer
   40 |     /* 0x3D '=' */ {0,0,0,0,0x7E,0,0x7E,0,0,0,0,0,0,0,0,0},
      |                    ^
kernel/font.c:40:20: note: (near initialization for ‘font8x16[541]’)
kernel/font.c:40:23: warning: excess elements in scalar initializer
   40 |     /* 0x3D '=' */ {0,0,0,0,0x7E,0,0x7E,0,0,0,0,0,0,0,0,0},
      |                       ^
kernel/font.c:40:23: note: (near initialization for ‘font8x16[541]’)
kernel/font.c:40:25: warning: excess elements in scalar initializer
   40 |     /* 0x3D '=' */ {0,0,0,0,0x7E,0,0x7E,0,0,0,0,0,0,0,0,0},
      |                         ^
kernel/font.c:40:25: note: (near initialization for ‘font8x16[541]’)
kernel/font.c:40:27: warning: excess elements in scalar initializer
   40 |     /* 0x3D '=' */ {0,0,0,0,0x7E,0,0x7E,0,0,0,0,0,0,0,0,0},
      |                           ^
kernel/font.c:40:27: note: (near initialization for ‘font8x16[541]’)
kernel/font.c:40:29: warning: excess elements in scalar initializer
   40 |     /* 0x3D '=' */ {0,0,0,0,0x7E,0,0x7E,0,0,0,0,0,0,0,0,0},
      |                             ^~~~
kernel/font.c:40:29: note: (near initialization for ‘font8x16[541]’)
kernel/font.c:40:34: warning: excess elements in scalar initializer
   40 |     /* 0x3D '=' */ {0,0,0,0,0x7E,0,0x7E,0,0,0,0,0,0,0,0,0},
      |                                  ^
kernel/font.c:40:34: note: (near initialization for ‘font8x16[541]’)
kernel/font.c:40:36: warning: excess elements in scalar initializer
   40 |     /* 0x3D '=' */ {0,0,0,0,0x7E,0,0x7E,0,0,0,0,0,0,0,0,0},
      |                                    ^~~~
kernel/font.c:40:36: note: (near initialization for ‘font8x16[541]’)
kernel/font.c:40:41: warning: excess elements in scalar initializer
   40 |     /* 0x3D '=' */ {0,0,0,0,0x7E,0,0x7E,0,0,0,0,0,0,0,0,0},
      |                                         ^
kernel/font.c:40:41: note: (near initialization for ‘font8x16[541]’)
kernel/font.c:40:43: warning: excess elements in scalar initializer
   40 |     /* 0x3D '=' */ {0,0,0,0,0x7E,0,0x7E,0,0,0,0,0,0,0,0,0},
      |                                           ^
kernel/font.c:40:43: note: (near initialization for ‘font8x16[541]’)
kernel/font.c:40:45: warning: excess elements in scalar initializer
   40 |     /* 0x3D '=' */ {0,0,0,0,0x7E,0,0x7E,0,0,0,0,0,0,0,0,0},
      |                                             ^
kernel/font.c:40:45: note: (near initialization for ‘font8x16[541]’)
kernel/font.c:40:47: warning: excess elements in scalar initializer
   40 |     /* 0x3D '=' */ {0,0,0,0,0x7E,0,0x7E,0,0,0,0,0,0,0,0,0},
      |                                               ^
kernel/font.c:40:47: note: (near initialization for ‘font8x16[541]’)
kernel/font.c:40:49: warning: excess elements in scalar initializer
   40 |     /* 0x3D '=' */ {0,0,0,0,0x7E,0,0x7E,0,0,0,0,0,0,0,0,0},
      |                                                 ^
kernel/font.c:40:49: note: (near initialization for ‘font8x16[541]’)
kernel/font.c:40:51: warning: excess elements in scalar initializer
   40 |     /* 0x3D '=' */ {0,0,0,0,0x7E,0,0x7E,0,0,0,0,0,0,0,0,0},
      |                                                   ^
kernel/font.c:40:51: note: (near initialization for ‘font8x16[541]’)
kernel/font.c:40:53: warning: excess elements in scalar initializer
   40 |     /* 0x3D '=' */ {0,0,0,0,0x7E,0,0x7E,0,0,0,0,0,0,0,0,0},
      |                                                     ^
kernel/font.c:40:53: note: (near initialization for ‘font8x16[541]’)
kernel/font.c:40:55: warning: excess elements in scalar initializer
   40 |     /* 0x3D '=' */ {0,0,0,0,0x7E,0,0x7E,0,0,0,0,0,0,0,0,0},
      |                                                       ^
kernel/font.c:40:55: note: (near initialization for ‘font8x16[541]’)
kernel/font.c:40:57: warning: excess elements in scalar initializer
   40 |     /* 0x3D '=' */ {0,0,0,0,0x7E,0,0x7E,0,0,0,0,0,0,0,0,0},
      |                                                         ^
kernel/font.c:40:57: note: (near initialization for ‘font8x16[541]’)
kernel/font.c:41:20: warning: braces around scalar initializer
   41 |     /* 0x3E '>' */ {0,0,0x60,0x30,0x18,0x0C,0x18,0x30,0x60,0,0,0,0,0,0,0},
      |                    ^
kernel/font.c:41:20: note: (near initialization for ‘font8x16[542]’)
kernel/font.c:41:23: warning: excess elements in scalar initializer
   41 |     /* 0x3E '>' */ {0,0,0x60,0x30,0x18,0x0C,0x18,0x30,0x60,0,0,0,0,0,0,0},
      |                       ^
kernel/font.c:41:23: note: (near initialization for ‘font8x16[542]’)
kernel/font.c:41:25: warning: excess elements in scalar initializer
   41 |     /* 0x3E '>' */ {0,0,0x60,0x30,0x18,0x0C,0x18,0x30,0x60,0,0,0,0,0,0,0},
      |                         ^~~~
kernel/font.c:41:25: note: (near initialization for ‘font8x16[542]’)
kernel/font.c:41:30: warning: excess elements in scalar initializer
   41 |     /* 0x3E '>' */ {0,0,0x60,0x30,0x18,0x0C,0x18,0x30,0x60,0,0,0,0,0,0,0},
      |                              ^~~~
kernel/font.c:41:30: note: (near initialization for ‘font8x16[542]’)
kernel/font.c:41:35: warning: excess elements in scalar initializer
   41 |     /* 0x3E '>' */ {0,0,0x60,0x30,0x18,0x0C,0x18,0x30,0x60,0,0,0,0,0,0,0},
      |                                   ^~~~
kernel/font.c:41:35: note: (near initialization for ‘font8x16[542]’)
kernel/font.c:41:40: warning: excess elements in scalar initializer
   41 |     /* 0x3E '>' */ {0,0,0x60,0x30,0x18,0x0C,0x18,0x30,0x60,0,0,0,0,0,0,0},
      |                                        ^~~~
kernel/font.c:41:40: note: (near initialization for ‘font8x16[542]’)
kernel/font.c:41:45: warning: excess elements in scalar initializer
   41 |     /* 0x3E '>' */ {0,0,0x60,0x30,0x18,0x0C,0x18,0x30,0x60,0,0,0,0,0,0,0},
      |                                             ^~~~
kernel/font.c:41:45: note: (near initialization for ‘font8x16[542]’)
kernel/font.c:41:50: warning: excess elements in scalar initializer
   41 |     /* 0x3E '>' */ {0,0,0x60,0x30,0x18,0x0C,0x18,0x30,0x60,0,0,0,0,0,0,0},
      |                                                  ^~~~
kernel/font.c:41:50: note: (near initialization for ‘font8x16[542]’)
kernel/font.c:41:55: warning: excess elements in scalar initializer
   41 |     /* 0x3E '>' */ {0,0,0x60,0x30,0x18,0x0C,0x18,0x30,0x60,0,0,0,0,0,0,0},
      |                                                       ^~~~
kernel/font.c:41:55: note: (near initialization for ‘font8x16[542]’)
kernel/font.c:41:60: warning: excess elements in scalar initializer
   41 |     /* 0x3E '>' */ {0,0,0x60,0x30,0x18,0x0C,0x18,0x30,0x60,0,0,0,0,0,0,0},
      |                                                            ^
kernel/font.c:41:60: note: (near initialization for ‘font8x16[542]’)
kernel/font.c:41:62: warning: excess elements in scalar initializer
   41 |     /* 0x3E '>' */ {0,0,0x60,0x30,0x18,0x0C,0x18,0x30,0x60,0,0,0,0,0,0,0},
      |                                                              ^
kernel/font.c:41:62: note: (near initialization for ‘font8x16[542]’)
kernel/font.c:41:64: warning: excess elements in scalar initializer
   41 |     /* 0x3E '>' */ {0,0,0x60,0x30,0x18,0x0C,0x18,0x30,0x60,0,0,0,0,0,0,0},
      |                                                                ^
kernel/font.c:41:64: note: (near initialization for ‘font8x16[542]’)
kernel/font.c:41:66: warning: excess elements in scalar initializer
   41 |     /* 0x3E '>' */ {0,0,0x60,0x30,0x18,0x0C,0x18,0x30,0x60,0,0,0,0,0,0,0},
      |                                                                  ^
kernel/font.c:41:66: note: (near initialization for ‘font8x16[542]’)
kernel/font.c:41:68: warning: excess elements in scalar initializer
   41 |     /* 0x3E '>' */ {0,0,0x60,0x30,0x18,0x0C,0x18,0x30,0x60,0,0,0,0,0,0,0},
      |                                                                    ^
kernel/font.c:41:68: note: (near initialization for ‘font8x16[542]’)
kernel/font.c:41:70: warning: excess elements in scalar initializer
   41 |     /* 0x3E '>' */ {0,0,0x60,0x30,0x18,0x0C,0x18,0x30,0x60,0,0,0,0,0,0,0},
      |                                                                      ^
kernel/font.c:41:70: note: (near initialization for ‘font8x16[542]’)
kernel/font.c:41:72: warning: excess elements in scalar initializer
   41 |     /* 0x3E '>' */ {0,0,0x60,0x30,0x18,0x0C,0x18,0x30,0x60,0,0,0,0,0,0,0},
      |                                                                        ^
kernel/font.c:41:72: note: (near initialization for ‘font8x16[542]’)
kernel/font.c:42:20: warning: braces around scalar initializer
   42 |     /* 0x3F '?' */ {0,0,0x3C,0x66,0x06,0x0C,0x18,0,0x18,0,0,0,0,0,0,0},
      |                    ^
kernel/font.c:42:20: note: (near initialization for ‘font8x16[543]’)
kernel/font.c:42:23: warning: excess elements in scalar initializer
   42 |     /* 0x3F '?' */ {0,0,0x3C,0x66,0x06,0x0C,0x18,0,0x18,0,0,0,0,0,0,0},
      |                       ^
kernel/font.c:42:23: note: (near initialization for ‘font8x16[543]’)
kernel/font.c:42:25: warning: excess elements in scalar initializer
   42 |     /* 0x3F '?' */ {0,0,0x3C,0x66,0x06,0x0C,0x18,0,0x18,0,0,0,0,0,0,0},
      |                         ^~~~
kernel/font.c:42:25: note: (near initialization for ‘font8x16[543]’)
kernel/font.c:42:30: warning: excess elements in scalar initializer
   42 |     /* 0x3F '?' */ {0,0,0x3C,0x66,0x06,0x0C,0x18,0,0x18,0,0,0,0,0,0,0},
      |                              ^~~~
kernel/font.c:42:30: note: (near initialization for ‘font8x16[543]’)
kernel/font.c:42:35: warning: excess elements in scalar initializer
   42 |     /* 0x3F '?' */ {0,0,0x3C,0x66,0x06,0x0C,0x18,0,0x18,0,0,0,0,0,0,0},
      |                                   ^~~~
kernel/font.c:42:35: note: (near initialization for ‘font8x16[543]’)
kernel/font.c:42:40: warning: excess elements in scalar initializer
   42 |     /* 0x3F '?' */ {0,0,0x3C,0x66,0x06,0x0C,0x18,0,0x18,0,0,0,0,0,0,0},
      |                                        ^~~~
kernel/font.c:42:40: note: (near initialization for ‘font8x16[543]’)
kernel/font.c:42:45: warning: excess elements in scalar initializer
   42 |     /* 0x3F '?' */ {0,0,0x3C,0x66,0x06,0x0C,0x18,0,0x18,0,0,0,0,0,0,0},
      |                                             ^~~~
kernel/font.c:42:45: note: (near initialization for ‘font8x16[543]’)
kernel/font.c:42:50: warning: excess elements in scalar initializer
   42 |     /* 0x3F '?' */ {0,0,0x3C,0x66,0x06,0x0C,0x18,0,0x18,0,0,0,0,0,0,0},
      |                                                  ^
kernel/font.c:42:50: note: (near initialization for ‘font8x16[543]’)
kernel/font.c:42:52: warning: excess elements in scalar initializer
   42 |     /* 0x3F '?' */ {0,0,0x3C,0x66,0x06,0x0C,0x18,0,0x18,0,0,0,0,0,0,0},
      |                                                    ^~~~
kernel/font.c:42:52: note: (near initialization for ‘font8x16[543]’)
kernel/font.c:42:57: warning: excess elements in scalar initializer
   42 |     /* 0x3F '?' */ {0,0,0x3C,0x66,0x06,0x0C,0x18,0,0x18,0,0,0,0,0,0,0},
      |                                                         ^
kernel/font.c:42:57: note: (near initialization for ‘font8x16[543]’)
kernel/font.c:42:59: warning: excess elements in scalar initializer
   42 |     /* 0x3F '?' */ {0,0,0x3C,0x66,0x06,0x0C,0x18,0,0x18,0,0,0,0,0,0,0},
      |                                                           ^
kernel/font.c:42:59: note: (near initialization for ‘font8x16[543]’)
kernel/font.c:42:61: warning: excess elements in scalar initializer
   42 |     /* 0x3F '?' */ {0,0,0x3C,0x66,0x06,0x0C,0x18,0,0x18,0,0,0,0,0,0,0},
      |                                                             ^
kernel/font.c:42:61: note: (near initialization for ‘font8x16[543]’)
kernel/font.c:42:63: warning: excess elements in scalar initializer
   42 |     /* 0x3F '?' */ {0,0,0x3C,0x66,0x06,0x0C,0x18,0,0x18,0,0,0,0,0,0,0},
      |                                                               ^
kernel/font.c:42:63: note: (near initialization for ‘font8x16[543]’)
kernel/font.c:42:65: warning: excess elements in scalar initializer
   42 |     /* 0x3F '?' */ {0,0,0x3C,0x66,0x06,0x0C,0x18,0,0x18,0,0,0,0,0,0,0},
      |                                                                 ^
kernel/font.c:42:65: note: (near initialization for ‘font8x16[543]’)
kernel/font.c:42:67: warning: excess elements in scalar initializer
   42 |     /* 0x3F '?' */ {0,0,0x3C,0x66,0x06,0x0C,0x18,0,0x18,0,0,0,0,0,0,0},
      |                                                                   ^
kernel/font.c:42:67: note: (near initialization for ‘font8x16[543]’)
kernel/font.c:42:69: warning: excess elements in scalar initializer
   42 |     /* 0x3F '?' */ {0,0,0x3C,0x66,0x06,0x0C,0x18,0,0x18,0,0,0,0,0,0,0},
      |                                                                     ^
kernel/font.c:42:69: note: (near initialization for ‘font8x16[543]’)
kernel/font.c:43:20: warning: braces around scalar initializer
   43 |     /* 0x40 '@' */ {0,0,0x3C,0x66,0x6E,0x6E,0x60,0x62,0x3C,0,0,0,0,0,0,0},
      |                    ^
kernel/font.c:43:20: note: (near initialization for ‘font8x16[544]’)
kernel/font.c:43:23: warning: excess elements in scalar initializer
   43 |     /* 0x40 '@' */ {0,0,0x3C,0x66,0x6E,0x6E,0x60,0x62,0x3C,0,0,0,0,0,0,0},
      |                       ^
kernel/font.c:43:23: note: (near initialization for ‘font8x16[544]’)
kernel/font.c:43:25: warning: excess elements in scalar initializer
   43 |     /* 0x40 '@' */ {0,0,0x3C,0x66,0x6E,0x6E,0x60,0x62,0x3C,0,0,0,0,0,0,0},
      |                         ^~~~
kernel/font.c:43:25: note: (near initialization for ‘font8x16[544]’)
kernel/font.c:43:30: warning: excess elements in scalar initializer
   43 |     /* 0x40 '@' */ {0,0,0x3C,0x66,0x6E,0x6E,0x60,0x62,0x3C,0,0,0,0,0,0,0},
      |                              ^~~~
kernel/font.c:43:30: note: (near initialization for ‘font8x16[544]’)
kernel/font.c:43:35: warning: excess elements in scalar initializer
   43 |     /* 0x40 '@' */ {0,0,0x3C,0x66,0x6E,0x6E,0x60,0x62,0x3C,0,0,0,0,0,0,0},
      |                                   ^~~~
kernel/font.c:43:35: note: (near initialization for ‘font8x16[544]’)
kernel/font.c:43:40: warning: excess elements in scalar initializer
   43 |     /* 0x40 '@' */ {0,0,0x3C,0x66,0x6E,0x6E,0x60,0x62,0x3C,0,0,0,0,0,0,0},
      |                                        ^~~~
kernel/font.c:43:40: note: (near initialization for ‘font8x16[544]’)
kernel/font.c:43:45: warning: excess elements in scalar initializer
   43 |     /* 0x40 '@' */ {0,0,0x3C,0x66,0x6E,0x6E,0x60,0x62,0x3C,0,0,0,0,0,0,0},
      |                                             ^~~~
kernel/font.c:43:45: note: (near initialization for ‘font8x16[544]’)
kernel/font.c:43:50: warning: excess elements in scalar initializer
   43 |     /* 0x40 '@' */ {0,0,0x3C,0x66,0x6E,0x6E,0x60,0x62,0x3C,0,0,0,0,0,0,0},
      |                                                  ^~~~
kernel/font.c:43:50: note: (near initialization for ‘font8x16[544]’)
kernel/font.c:43:55: warning: excess elements in scalar initializer
   43 |     /* 0x40 '@' */ {0,0,0x3C,0x66,0x6E,0x6E,0x60,0x62,0x3C,0,0,0,0,0,0,0},
      |                                                       ^~~~
kernel/font.c:43:55: note: (near initialization for ‘font8x16[544]’)
kernel/font.c:43:60: warning: excess elements in scalar initializer
   43 |     /* 0x40 '@' */ {0,0,0x3C,0x66,0x6E,0x6E,0x60,0x62,0x3C,0,0,0,0,0,0,0},
      |                                                            ^
kernel/font.c:43:60: note: (near initialization for ‘font8x16[544]’)
kernel/font.c:43:62: warning: excess elements in scalar initializer
   43 |     /* 0x40 '@' */ {0,0,0x3C,0x66,0x6E,0x6E,0x60,0x62,0x3C,0,0,0,0,0,0,0},
      |                                                              ^
kernel/font.c:43:62: note: (near initialization for ‘font8x16[544]’)
kernel/font.c:43:64: warning: excess elements in scalar initializer
   43 |     /* 0x40 '@' */ {0,0,0x3C,0x66,0x6E,0x6E,0x60,0x62,0x3C,0,0,0,0,0,0,0},
      |                                                                ^
kernel/font.c:43:64: note: (near initialization for ‘font8x16[544]’)
kernel/font.c:43:66: warning: excess elements in scalar initializer
   43 |     /* 0x40 '@' */ {0,0,0x3C,0x66,0x6E,0x6E,0x60,0x62,0x3C,0,0,0,0,0,0,0},
      |                                                                  ^
kernel/font.c:43:66: note: (near initialization for ‘font8x16[544]’)
kernel/font.c:43:68: warning: excess elements in scalar initializer
   43 |     /* 0x40 '@' */ {0,0,0x3C,0x66,0x6E,0x6E,0x60,0x62,0x3C,0,0,0,0,0,0,0},
      |                                                                    ^
kernel/font.c:43:68: note: (near initialization for ‘font8x16[544]’)
kernel/font.c:43:70: warning: excess elements in scalar initializer
   43 |     /* 0x40 '@' */ {0,0,0x3C,0x66,0x6E,0x6E,0x60,0x62,0x3C,0,0,0,0,0,0,0},
      |                                                                      ^
kernel/font.c:43:70: note: (near initialization for ‘font8x16[544]’)
kernel/font.c:43:72: warning: excess elements in scalar initializer
   43 |     /* 0x40 '@' */ {0,0,0x3C,0x66,0x6E,0x6E,0x60,0x62,0x3C,0,0,0,0,0,0,0},
      |                                                                        ^
kernel/font.c:43:72: note: (near initialization for ‘font8x16[544]’)
kernel/font.c:44:20: warning: braces around scalar initializer
   44 |     /* 0x41 'A' */ {0,0,0x18,0x3C,0x66,0x66,0x7E,0x66,0x66,0,0,0,0,0,0,0},
      |                    ^
kernel/font.c:44:20: note: (near initialization for ‘font8x16[545]’)
kernel/font.c:44:23: warning: excess elements in scalar initializer
   44 |     /* 0x41 'A' */ {0,0,0x18,0x3C,0x66,0x66,0x7E,0x66,0x66,0,0,0,0,0,0,0},
      |                       ^
kernel/font.c:44:23: note: (near initialization for ‘font8x16[545]’)
kernel/font.c:44:25: warning: excess elements in scalar initializer
   44 |     /* 0x41 'A' */ {0,0,0x18,0x3C,0x66,0x66,0x7E,0x66,0x66,0,0,0,0,0,0,0},
      |                         ^~~~
kernel/font.c:44:25: note: (near initialization for ‘font8x16[545]’)
kernel/font.c:44:30: warning: excess elements in scalar initializer
   44 |     /* 0x41 'A' */ {0,0,0x18,0x3C,0x66,0x66,0x7E,0x66,0x66,0,0,0,0,0,0,0},
      |                              ^~~~
kernel/font.c:44:30: note: (near initialization for ‘font8x16[545]’)
kernel/font.c:44:35: warning: excess elements in scalar initializer
   44 |     /* 0x41 'A' */ {0,0,0x18,0x3C,0x66,0x66,0x7E,0x66,0x66,0,0,0,0,0,0,0},
      |                                   ^~~~
kernel/font.c:44:35: note: (near initialization for ‘font8x16[545]’)
kernel/font.c:44:40: warning: excess elements in scalar initializer
   44 |     /* 0x41 'A' */ {0,0,0x18,0x3C,0x66,0x66,0x7E,0x66,0x66,0,0,0,0,0,0,0},
      |                                        ^~~~
kernel/font.c:44:40: note: (near initialization for ‘font8x16[545]’)
kernel/font.c:44:45: warning: excess elements in scalar initializer
   44 |     /* 0x41 'A' */ {0,0,0x18,0x3C,0x66,0x66,0x7E,0x66,0x66,0,0,0,0,0,0,0},
      |                                             ^~~~
kernel/font.c:44:45: note: (near initialization for ‘font8x16[545]’)
kernel/font.c:44:50: warning: excess elements in scalar initializer
   44 |     /* 0x41 'A' */ {0,0,0x18,0x3C,0x66,0x66,0x7E,0x66,0x66,0,0,0,0,0,0,0},
      |                                                  ^~~~
kernel/font.c:44:50: note: (near initialization for ‘font8x16[545]’)
kernel/font.c:44:55: warning: excess elements in scalar initializer
   44 |     /* 0x41 'A' */ {0,0,0x18,0x3C,0x66,0x66,0x7E,0x66,0x66,0,0,0,0,0,0,0},
      |                                                       ^~~~
kernel/font.c:44:55: note: (near initialization for ‘font8x16[545]’)
kernel/font.c:44:60: warning: excess elements in scalar initializer
   44 |     /* 0x41 'A' */ {0,0,0x18,0x3C,0x66,0x66,0x7E,0x66,0x66,0,0,0,0,0,0,0},
      |                                                            ^
kernel/font.c:44:60: note: (near initialization for ‘font8x16[545]’)
kernel/font.c:44:62: warning: excess elements in scalar initializer
   44 |     /* 0x41 'A' */ {0,0,0x18,0x3C,0x66,0x66,0x7E,0x66,0x66,0,0,0,0,0,0,0},
      |                                                              ^
kernel/font.c:44:62: note: (near initialization for ‘font8x16[545]’)
kernel/font.c:44:64: warning: excess elements in scalar initializer
   44 |     /* 0x41 'A' */ {0,0,0x18,0x3C,0x66,0x66,0x7E,0x66,0x66,0,0,0,0,0,0,0},
      |                                                                ^
kernel/font.c:44:64: note: (near initialization for ‘font8x16[545]’)
kernel/font.c:44:66: warning: excess elements in scalar initializer
   44 |     /* 0x41 'A' */ {0,0,0x18,0x3C,0x66,0x66,0x7E,0x66,0x66,0,0,0,0,0,0,0},
      |                                                                  ^
kernel/font.c:44:66: note: (near initialization for ‘font8x16[545]’)
kernel/font.c:44:68: warning: excess elements in scalar initializer
   44 |     /* 0x41 'A' */ {0,0,0x18,0x3C,0x66,0x66,0x7E,0x66,0x66,0,0,0,0,0,0,0},
      |                                                                    ^
kernel/font.c:44:68: note: (near initialization for ‘font8x16[545]’)
kernel/font.c:44:70: warning: excess elements in scalar initializer
   44 |     /* 0x41 'A' */ {0,0,0x18,0x3C,0x66,0x66,0x7E,0x66,0x66,0,0,0,0,0,0,0},
      |                                                                      ^
kernel/font.c:44:70: note: (near initialization for ‘font8x16[545]’)
kernel/font.c:44:72: warning: excess elements in scalar initializer
   44 |     /* 0x41 'A' */ {0,0,0x18,0x3C,0x66,0x66,0x7E,0x66,0x66,0,0,0,0,0,0,0},
      |                                                                        ^
kernel/font.c:44:72: note: (near initialization for ‘font8x16[545]’)
kernel/font.c:45:20: warning: braces around scalar initializer
   45 |     /* 0x42 'B' */ {0,0,0x7C,0x66,0x66,0x7C,0x66,0x66,0x7C,0,0,0,0,0,0,0},
      |                    ^
kernel/font.c:45:20: note: (near initialization for ‘font8x16[546]’)
kernel/font.c:45:23: warning: excess elements in scalar initializer
   45 |     /* 0x42 'B' */ {0,0,0x7C,0x66,0x66,0x7C,0x66,0x66,0x7C,0,0,0,0,0,0,0},
      |                       ^
kernel/font.c:45:23: note: (near initialization for ‘font8x16[546]’)
kernel/font.c:45:25: warning: excess elements in scalar initializer
   45 |     /* 0x42 'B' */ {0,0,0x7C,0x66,0x66,0x7C,0x66,0x66,0x7C,0,0,0,0,0,0,0},
      |                         ^~~~
kernel/font.c:45:25: note: (near initialization for ‘font8x16[546]’)
kernel/font.c:45:30: warning: excess elements in scalar initializer
   45 |     /* 0x42 'B' */ {0,0,0x7C,0x66,0x66,0x7C,0x66,0x66,0x7C,0,0,0,0,0,0,0},
      |                              ^~~~
kernel/font.c:45:30: note: (near initialization for ‘font8x16[546]’)
kernel/font.c:45:35: warning: excess elements in scalar initializer
   45 |     /* 0x42 'B' */ {0,0,0x7C,0x66,0x66,0x7C,0x66,0x66,0x7C,0,0,0,0,0,0,0},
      |                                   ^~~~
kernel/font.c:45:35: note: (near initialization for ‘font8x16[546]’)
kernel/font.c:45:40: warning: excess elements in scalar initializer
   45 |     /* 0x42 'B' */ {0,0,0x7C,0x66,0x66,0x7C,0x66,0x66,0x7C,0,0,0,0,0,0,0},
      |                                        ^~~~
kernel/font.c:45:40: note: (near initialization for ‘font8x16[546]’)
kernel/font.c:45:45: warning: excess elements in scalar initializer
   45 |     /* 0x42 'B' */ {0,0,0x7C,0x66,0x66,0x7C,0x66,0x66,0x7C,0,0,0,0,0,0,0},
      |                                             ^~~~
kernel/font.c:45:45: note: (near initialization for ‘font8x16[546]’)
kernel/font.c:45:50: warning: excess elements in scalar initializer
   45 |     /* 0x42 'B' */ {0,0,0x7C,0x66,0x66,0x7C,0x66,0x66,0x7C,0,0,0,0,0,0,0},
      |                                                  ^~~~
kernel/font.c:45:50: note: (near initialization for ‘font8x16[546]’)
kernel/font.c:45:55: warning: excess elements in scalar initializer
   45 |     /* 0x42 'B' */ {0,0,0x7C,0x66,0x66,0x7C,0x66,0x66,0x7C,0,0,0,0,0,0,0},
      |                                                       ^~~~
kernel/font.c:45:55: note: (near initialization for ‘font8x16[546]’)
kernel/font.c:45:60: warning: excess elements in scalar initializer
   45 |     /* 0x42 'B' */ {0,0,0x7C,0x66,0x66,0x7C,0x66,0x66,0x7C,0,0,0,0,0,0,0},
      |                                                            ^
kernel/font.c:45:60: note: (near initialization for ‘font8x16[546]’)
kernel/font.c:45:62: warning: excess elements in scalar initializer
   45 |     /* 0x42 'B' */ {0,0,0x7C,0x66,0x66,0x7C,0x66,0x66,0x7C,0,0,0,0,0,0,0},
      |                                                              ^
kernel/font.c:45:62: note: (near initialization for ‘font8x16[546]’)
kernel/font.c:45:64: warning: excess elements in scalar initializer
   45 |     /* 0x42 'B' */ {0,0,0x7C,0x66,0x66,0x7C,0x66,0x66,0x7C,0,0,0,0,0,0,0},
      |                                                                ^
kernel/font.c:45:64: note: (near initialization for ‘font8x16[546]’)
kernel/font.c:45:66: warning: excess elements in scalar initializer
   45 |     /* 0x42 'B' */ {0,0,0x7C,0x66,0x66,0x7C,0x66,0x66,0x7C,0,0,0,0,0,0,0},
      |                                                                  ^
kernel/font.c:45:66: note: (near initialization for ‘font8x16[546]’)
kernel/font.c:45:68: warning: excess elements in scalar initializer
   45 |     /* 0x42 'B' */ {0,0,0x7C,0x66,0x66,0x7C,0x66,0x66,0x7C,0,0,0,0,0,0,0},
      |                                                                    ^
kernel/font.c:45:68: note: (near initialization for ‘font8x16[546]’)
kernel/font.c:45:70: warning: excess elements in scalar initializer
   45 |     /* 0x42 'B' */ {0,0,0x7C,0x66,0x66,0x7C,0x66,0x66,0x7C,0,0,0,0,0,0,0},
      |                                                                      ^
kernel/font.c:45:70: note: (near initialization for ‘font8x16[546]’)
kernel/font.c:45:72: warning: excess elements in scalar initializer
   45 |     /* 0x42 'B' */ {0,0,0x7C,0x66,0x66,0x7C,0x66,0x66,0x7C,0,0,0,0,0,0,0},
      |                                                                        ^
kernel/font.c:45:72: note: (near initialization for ‘font8x16[546]’)
kernel/font.c:46:20: warning: braces around scalar initializer
   46 |     /* 0x43 'C' */ {0,0,0x3C,0x66,0x60,0x60,0x60,0x66,0x3C,0,0,0,0,0,0,0},
      |                    ^
kernel/font.c:46:20: note: (near initialization for ‘font8x16[547]’)
kernel/font.c:46:23: warning: excess elements in scalar initializer
   46 |     /* 0x43 'C' */ {0,0,0x3C,0x66,0x60,0x60,0x60,0x66,0x3C,0,0,0,0,0,0,0},
      |                       ^
kernel/font.c:46:23: note: (near initialization for ‘font8x16[547]’)
kernel/font.c:46:25: warning: excess elements in scalar initializer
   46 |     /* 0x43 'C' */ {0,0,0x3C,0x66,0x60,0x60,0x60,0x66,0x3C,0,0,0,0,0,0,0},
      |                         ^~~~
kernel/font.c:46:25: note: (near initialization for ‘font8x16[547]’)
kernel/font.c:46:30: warning: excess elements in scalar initializer
   46 |     /* 0x43 'C' */ {0,0,0x3C,0x66,0x60,0x60,0x60,0x66,0x3C,0,0,0,0,0,0,0},
      |                              ^~~~
kernel/font.c:46:30: note: (near initialization for ‘font8x16[547]’)
kernel/font.c:46:35: warning: excess elements in scalar initializer
   46 |     /* 0x43 'C' */ {0,0,0x3C,0x66,0x60,0x60,0x60,0x66,0x3C,0,0,0,0,0,0,0},
      |                                   ^~~~
kernel/font.c:46:35: note: (near initialization for ‘font8x16[547]’)
kernel/font.c:46:40: warning: excess elements in scalar initializer
   46 |     /* 0x43 'C' */ {0,0,0x3C,0x66,0x60,0x60,0x60,0x66,0x3C,0,0,0,0,0,0,0},
      |                                        ^~~~
kernel/font.c:46:40: note: (near initialization for ‘font8x16[547]’)
kernel/font.c:46:45: warning: excess elements in scalar initializer
   46 |     /* 0x43 'C' */ {0,0,0x3C,0x66,0x60,0x60,0x60,0x66,0x3C,0,0,0,0,0,0,0},
      |                                             ^~~~
kernel/font.c:46:45: note: (near initialization for ‘font8x16[547]’)
kernel/font.c:46:50: warning: excess elements in scalar initializer
   46 |     /* 0x43 'C' */ {0,0,0x3C,0x66,0x60,0x60,0x60,0x66,0x3C,0,0,0,0,0,0,0},
      |                                                  ^~~~
kernel/font.c:46:50: note: (near initialization for ‘font8x16[547]’)
kernel/font.c:46:55: warning: excess elements in scalar initializer
   46 |     /* 0x43 'C' */ {0,0,0x3C,0x66,0x60,0x60,0x60,0x66,0x3C,0,0,0,0,0,0,0},
      |                                                       ^~~~
kernel/font.c:46:55: note: (near initialization for ‘font8x16[547]’)
kernel/font.c:46:60: warning: excess elements in scalar initializer
   46 |     /* 0x43 'C' */ {0,0,0x3C,0x66,0x60,0x60,0x60,0x66,0x3C,0,0,0,0,0,0,0},
      |                                                            ^
kernel/font.c:46:60: note: (near initialization for ‘font8x16[547]’)
kernel/font.c:46:62: warning: excess elements in scalar initializer
   46 |     /* 0x43 'C' */ {0,0,0x3C,0x66,0x60,0x60,0x60,0x66,0x3C,0,0,0,0,0,0,0},
      |                                                              ^
kernel/font.c:46:62: note: (near initialization for ‘font8x16[547]’)
kernel/font.c:46:64: warning: excess elements in scalar initializer
   46 |     /* 0x43 'C' */ {0,0,0x3C,0x66,0x60,0x60,0x60,0x66,0x3C,0,0,0,0,0,0,0},
      |                                                                ^
kernel/font.c:46:64: note: (near initialization for ‘font8x16[547]’)
kernel/font.c:46:66: warning: excess elements in scalar initializer
   46 |     /* 0x43 'C' */ {0,0,0x3C,0x66,0x60,0x60,0x60,0x66,0x3C,0,0,0,0,0,0,0},
      |                                                                  ^
kernel/font.c:46:66: note: (near initialization for ‘font8x16[547]’)
kernel/font.c:46:68: warning: excess elements in scalar initializer
   46 |     /* 0x43 'C' */ {0,0,0x3C,0x66,0x60,0x60,0x60,0x66,0x3C,0,0,0,0,0,0,0},
      |                                                                    ^
kernel/font.c:46:68: note: (near initialization for ‘font8x16[547]’)
kernel/font.c:46:70: warning: excess elements in scalar initializer
   46 |     /* 0x43 'C' */ {0,0,0x3C,0x66,0x60,0x60,0x60,0x66,0x3C,0,0,0,0,0,0,0},
      |                                                                      ^
kernel/font.c:46:70: note: (near initialization for ‘font8x16[547]’)
kernel/font.c:46:72: warning: excess elements in scalar initializer
   46 |     /* 0x43 'C' */ {0,0,0x3C,0x66,0x60,0x60,0x60,0x66,0x3C,0,0,0,0,0,0,0},
      |                                                                        ^
kernel/font.c:46:72: note: (near initialization for ‘font8x16[547]’)
kernel/font.c:47:20: warning: braces around scalar initializer
   47 |     /* 0x44 'D' */ {0,0,0x78,0x6C,0x66,0x66,0x66,0x6C,0x78,0,0,0,0,0,0,0},
      |                    ^
kernel/font.c:47:20: note: (near initialization for ‘font8x16[548]’)
kernel/font.c:47:23: warning: excess elements in scalar initializer
   47 |     /* 0x44 'D' */ {0,0,0x78,0x6C,0x66,0x66,0x66,0x6C,0x78,0,0,0,0,0,0,0},
      |                       ^
kernel/font.c:47:23: note: (near initialization for ‘font8x16[548]’)
kernel/font.c:47:25: warning: excess elements in scalar initializer
   47 |     /* 0x44 'D' */ {0,0,0x78,0x6C,0x66,0x66,0x66,0x6C,0x78,0,0,0,0,0,0,0},
      |                         ^~~~
kernel/font.c:47:25: note: (near initialization for ‘font8x16[548]’)
kernel/font.c:47:30: warning: excess elements in scalar initializer
   47 |     /* 0x44 'D' */ {0,0,0x78,0x6C,0x66,0x66,0x66,0x6C,0x78,0,0,0,0,0,0,0},
      |                              ^~~~
kernel/font.c:47:30: note: (near initialization for ‘font8x16[548]’)
kernel/font.c:47:35: warning: excess elements in scalar initializer
   47 |     /* 0x44 'D' */ {0,0,0x78,0x6C,0x66,0x66,0x66,0x6C,0x78,0,0,0,0,0,0,0},
      |                                   ^~~~
kernel/font.c:47:35: note: (near initialization for ‘font8x16[548]’)
kernel/font.c:47:40: warning: excess elements in scalar initializer
   47 |     /* 0x44 'D' */ {0,0,0x78,0x6C,0x66,0x66,0x66,0x6C,0x78,0,0,0,0,0,0,0},
      |                                        ^~~~
kernel/font.c:47:40: note: (near initialization for ‘font8x16[548]’)
kernel/font.c:47:45: warning: excess elements in scalar initializer
   47 |     /* 0x44 'D' */ {0,0,0x78,0x6C,0x66,0x66,0x66,0x6C,0x78,0,0,0,0,0,0,0},
      |                                             ^~~~
kernel/font.c:47:45: note: (near initialization for ‘font8x16[548]’)
kernel/font.c:47:50: warning: excess elements in scalar initializer
   47 |     /* 0x44 'D' */ {0,0,0x78,0x6C,0x66,0x66,0x66,0x6C,0x78,0,0,0,0,0,0,0},
      |                                                  ^~~~
kernel/font.c:47:50: note: (near initialization for ‘font8x16[548]’)
kernel/font.c:47:55: warning: excess elements in scalar initializer
   47 |     /* 0x44 'D' */ {0,0,0x78,0x6C,0x66,0x66,0x66,0x6C,0x78,0,0,0,0,0,0,0},
      |                                                       ^~~~
kernel/font.c:47:55: note: (near initialization for ‘font8x16[548]’)
kernel/font.c:47:60: warning: excess elements in scalar initializer
   47 |     /* 0x44 'D' */ {0,0,0x78,0x6C,0x66,0x66,0x66,0x6C,0x78,0,0,0,0,0,0,0},
      |                                                            ^
kernel/font.c:47:60: note: (near initialization for ‘font8x16[548]’)
kernel/font.c:47:62: warning: excess elements in scalar initializer
   47 |     /* 0x44 'D' */ {0,0,0x78,0x6C,0x66,0x66,0x66,0x6C,0x78,0,0,0,0,0,0,0},
      |                                                              ^
kernel/font.c:47:62: note: (near initialization for ‘font8x16[548]’)
kernel/font.c:47:64: warning: excess elements in scalar initializer
   47 |     /* 0x44 'D' */ {0,0,0x78,0x6C,0x66,0x66,0x66,0x6C,0x78,0,0,0,0,0,0,0},
      |                                                                ^
kernel/font.c:47:64: note: (near initialization for ‘font8x16[548]’)
kernel/font.c:47:66: warning: excess elements in scalar initializer
   47 |     /* 0x44 'D' */ {0,0,0x78,0x6C,0x66,0x66,0x66,0x6C,0x78,0,0,0,0,0,0,0},
      |                                                                  ^
kernel/font.c:47:66: note: (near initialization for ‘font8x16[548]’)
kernel/font.c:47:68: warning: excess elements in scalar initializer
   47 |     /* 0x44 'D' */ {0,0,0x78,0x6C,0x66,0x66,0x66,0x6C,0x78,0,0,0,0,0,0,0},
      |                                                                    ^
kernel/font.c:47:68: note: (near initialization for ‘font8x16[548]’)
kernel/font.c:47:70: warning: excess elements in scalar initializer
   47 |     /* 0x44 'D' */ {0,0,0x78,0x6C,0x66,0x66,0x66,0x6C,0x78,0,0,0,0,0,0,0},
      |                                                                      ^
kernel/font.c:47:70: note: (near initialization for ‘font8x16[548]’)
kernel/font.c:47:72: warning: excess elements in scalar initializer
   47 |     /* 0x44 'D' */ {0,0,0x78,0x6C,0x66,0x66,0x66,0x6C,0x78,0,0,0,0,0,0,0},
      |                                                                        ^
kernel/font.c:47:72: note: (near initialization for ‘font8x16[548]’)
kernel/font.c:48:20: warning: braces around scalar initializer
   48 |     /* 0x45 'E' */ {0,0,0x7E,0x60,0x60,0x7C,0x60,0x60,0x7E,0,0,0,0,0,0,0},
      |                    ^
kernel/font.c:48:20: note: (near initialization for ‘font8x16[549]’)
kernel/font.c:48:23: warning: excess elements in scalar initializer
   48 |     /* 0x45 'E' */ {0,0,0x7E,0x60,0x60,0x7C,0x60,0x60,0x7E,0,0,0,0,0,0,0},
      |                       ^
kernel/font.c:48:23: note: (near initialization for ‘font8x16[549]’)
kernel/font.c:48:25: warning: excess elements in scalar initializer
   48 |     /* 0x45 'E' */ {0,0,0x7E,0x60,0x60,0x7C,0x60,0x60,0x7E,0,0,0,0,0,0,0},
      |                         ^~~~
kernel/font.c:48:25: note: (near initialization for ‘font8x16[549]’)
kernel/font.c:48:30: warning: excess elements in scalar initializer
   48 |     /* 0x45 'E' */ {0,0,0x7E,0x60,0x60,0x7C,0x60,0x60,0x7E,0,0,0,0,0,0,0},
      |                              ^~~~
kernel/font.c:48:30: note: (near initialization for ‘font8x16[549]’)
kernel/font.c:48:35: warning: excess elements in scalar initializer
   48 |     /* 0x45 'E' */ {0,0,0x7E,0x60,0x60,0x7C,0x60,0x60,0x7E,0,0,0,0,0,0,0},
      |                                   ^~~~
kernel/font.c:48:35: note: (near initialization for ‘font8x16[549]’)
kernel/font.c:48:40: warning: excess elements in scalar initializer
   48 |     /* 0x45 'E' */ {0,0,0x7E,0x60,0x60,0x7C,0x60,0x60,0x7E,0,0,0,0,0,0,0},
      |                                        ^~~~
kernel/font.c:48:40: note: (near initialization for ‘font8x16[549]’)
kernel/font.c:48:45: warning: excess elements in scalar initializer
   48 |     /* 0x45 'E' */ {0,0,0x7E,0x60,0x60,0x7C,0x60,0x60,0x7E,0,0,0,0,0,0,0},
      |                                             ^~~~
kernel/font.c:48:45: note: (near initialization for ‘font8x16[549]’)
kernel/font.c:48:50: warning: excess elements in scalar initializer
   48 |     /* 0x45 'E' */ {0,0,0x7E,0x60,0x60,0x7C,0x60,0x60,0x7E,0,0,0,0,0,0,0},
      |                                                  ^~~~
kernel/font.c:48:50: note: (near initialization for ‘font8x16[549]’)
kernel/font.c:48:55: warning: excess elements in scalar initializer
   48 |     /* 0x45 'E' */ {0,0,0x7E,0x60,0x60,0x7C,0x60,0x60,0x7E,0,0,0,0,0,0,0},
      |                                                       ^~~~
kernel/font.c:48:55: note: (near initialization for ‘font8x16[549]’)
kernel/font.c:48:60: warning: excess elements in scalar initializer
   48 |     /* 0x45 'E' */ {0,0,0x7E,0x60,0x60,0x7C,0x60,0x60,0x7E,0,0,0,0,0,0,0},
      |                                                            ^
kernel/font.c:48:60: note: (near initialization for ‘font8x16[549]’)
kernel/font.c:48:62: warning: excess elements in scalar initializer
   48 |     /* 0x45 'E' */ {0,0,0x7E,0x60,0x60,0x7C,0x60,0x60,0x7E,0,0,0,0,0,0,0},
      |                                                              ^
kernel/font.c:48:62: note: (near initialization for ‘font8x16[549]’)
kernel/font.c:48:64: warning: excess elements in scalar initializer
   48 |     /* 0x45 'E' */ {0,0,0x7E,0x60,0x60,0x7C,0x60,0x60,0x7E,0,0,0,0,0,0,0},
      |                                                                ^
kernel/font.c:48:64: note: (near initialization for ‘font8x16[549]’)
kernel/font.c:48:66: warning: excess elements in scalar initializer
   48 |     /* 0x45 'E' */ {0,0,0x7E,0x60,0x60,0x7C,0x60,0x60,0x7E,0,0,0,0,0,0,0},
      |                                                                  ^
kernel/font.c:48:66: note: (near initialization for ‘font8x16[549]’)
kernel/font.c:48:68: warning: excess elements in scalar initializer
   48 |     /* 0x45 'E' */ {0,0,0x7E,0x60,0x60,0x7C,0x60,0x60,0x7E,0,0,0,0,0,0,0},
      |                                                                    ^
kernel/font.c:48:68: note: (near initialization for ‘font8x16[549]’)
kernel/font.c:48:70: warning: excess elements in scalar initializer
   48 |     /* 0x45 'E' */ {0,0,0x7E,0x60,0x60,0x7C,0x60,0x60,0x7E,0,0,0,0,0,0,0},
      |                                                                      ^
kernel/font.c:48:70: note: (near initialization for ‘font8x16[549]’)
kernel/font.c:48:72: warning: excess elements in scalar initializer
   48 |     /* 0x45 'E' */ {0,0,0x7E,0x60,0x60,0x7C,0x60,0x60,0x7E,0,0,0,0,0,0,0},
      |                                                                        ^
kernel/font.c:48:72: note: (near initialization for ‘font8x16[549]’)
kernel/font.c:49:20: warning: braces around scalar initializer
   49 |     /* 0x46 'F' */ {0,0,0x7E,0x60,0x60,0x7C,0x60,0x60,0x60,0,0,0,0,0,0,0},
      |                    ^
kernel/font.c:49:20: note: (near initialization for ‘font8x16[550]’)
kernel/font.c:49:23: warning: excess elements in scalar initializer
   49 |     /* 0x46 'F' */ {0,0,0x7E,0x60,0x60,0x7C,0x60,0x60,0x60,0,0,0,0,0,0,0},
      |                       ^
kernel/font.c:49:23: note: (near initialization for ‘font8x16[550]’)
kernel/font.c:49:25: warning: excess elements in scalar initializer
   49 |     /* 0x46 'F' */ {0,0,0x7E,0x60,0x60,0x7C,0x60,0x60,0x60,0,0,0,0,0,0,0},
      |                         ^~~~
kernel/font.c:49:25: note: (near initialization for ‘font8x16[550]’)
kernel/font.c:49:30: warning: excess elements in scalar initializer
   49 |     /* 0x46 'F' */ {0,0,0x7E,0x60,0x60,0x7C,0x60,0x60,0x60,0,0,0,0,0,0,0},
      |                              ^~~~
kernel/font.c:49:30: note: (near initialization for ‘font8x16[550]’)
kernel/font.c:49:35: warning: excess elements in scalar initializer
   49 |     /* 0x46 'F' */ {0,0,0x7E,0x60,0x60,0x7C,0x60,0x60,0x60,0,0,0,0,0,0,0},
      |                                   ^~~~
kernel/font.c:49:35: note: (near initialization for ‘font8x16[550]’)
kernel/font.c:49:40: warning: excess elements in scalar initializer
   49 |     /* 0x46 'F' */ {0,0,0x7E,0x60,0x60,0x7C,0x60,0x60,0x60,0,0,0,0,0,0,0},
      |                                        ^~~~
kernel/font.c:49:40: note: (near initialization for ‘font8x16[550]’)
kernel/font.c:49:45: warning: excess elements in scalar initializer
   49 |     /* 0x46 'F' */ {0,0,0x7E,0x60,0x60,0x7C,0x60,0x60,0x60,0,0,0,0,0,0,0},
      |                                             ^~~~
kernel/font.c:49:45: note: (near initialization for ‘font8x16[550]’)
kernel/font.c:49:50: warning: excess elements in scalar initializer
   49 |     /* 0x46 'F' */ {0,0,0x7E,0x60,0x60,0x7C,0x60,0x60,0x60,0,0,0,0,0,0,0},
      |                                                  ^~~~
kernel/font.c:49:50: note: (near initialization for ‘font8x16[550]’)
kernel/font.c:49:55: warning: excess elements in scalar initializer
   49 |     /* 0x46 'F' */ {0,0,0x7E,0x60,0x60,0x7C,0x60,0x60,0x60,0,0,0,0,0,0,0},
      |                                                       ^~~~
kernel/font.c:49:55: note: (near initialization for ‘font8x16[550]’)
kernel/font.c:49:60: warning: excess elements in scalar initializer
   49 |     /* 0x46 'F' */ {0,0,0x7E,0x60,0x60,0x7C,0x60,0x60,0x60,0,0,0,0,0,0,0},
      |                                                            ^
kernel/font.c:49:60: note: (near initialization for ‘font8x16[550]’)
kernel/font.c:49:62: warning: excess elements in scalar initializer
   49 |     /* 0x46 'F' */ {0,0,0x7E,0x60,0x60,0x7C,0x60,0x60,0x60,0,0,0,0,0,0,0},
      |                                                              ^
kernel/font.c:49:62: note: (near initialization for ‘font8x16[550]’)
kernel/font.c:49:64: warning: excess elements in scalar initializer
   49 |     /* 0x46 'F' */ {0,0,0x7E,0x60,0x60,0x7C,0x60,0x60,0x60,0,0,0,0,0,0,0},
      |                                                                ^
kernel/font.c:49:64: note: (near initialization for ‘font8x16[550]’)
kernel/font.c:49:66: warning: excess elements in scalar initializer
   49 |     /* 0x46 'F' */ {0,0,0x7E,0x60,0x60,0x7C,0x60,0x60,0x60,0,0,0,0,0,0,0},
      |                                                                  ^
kernel/font.c:49:66: note: (near initialization for ‘font8x16[550]’)
kernel/font.c:49:68: warning: excess elements in scalar initializer
   49 |     /* 0x46 'F' */ {0,0,0x7E,0x60,0x60,0x7C,0x60,0x60,0x60,0,0,0,0,0,0,0},
      |                                                                    ^
kernel/font.c:49:68: note: (near initialization for ‘font8x16[550]’)
kernel/font.c:49:70: warning: excess elements in scalar initializer
   49 |     /* 0x46 'F' */ {0,0,0x7E,0x60,0x60,0x7C,0x60,0x60,0x60,0,0,0,0,0,0,0},
      |                                                                      ^
kernel/font.c:49:70: note: (near initialization for ‘font8x16[550]’)
kernel/font.c:49:72: warning: excess elements in scalar initializer
   49 |     /* 0x46 'F' */ {0,0,0x7E,0x60,0x60,0x7C,0x60,0x60,0x60,0,0,0,0,0,0,0},
      |                                                                        ^
kernel/font.c:49:72: note: (near initialization for ‘font8x16[550]’)
kernel/font.c:50:20: warning: braces around scalar initializer
   50 |     /* 0x47 'G' */ {0,0,0x3C,0x66,0x60,0x6E,0x66,0x66,0x3C,0,0,0,0,0,0,0},
      |                    ^
kernel/font.c:50:20: note: (near initialization for ‘font8x16[551]’)
kernel/font.c:50:23: warning: excess elements in scalar initializer
   50 |     /* 0x47 'G' */ {0,0,0x3C,0x66,0x60,0x6E,0x66,0x66,0x3C,0,0,0,0,0,0,0},
      |                       ^
kernel/font.c:50:23: note: (near initialization for ‘font8x16[551]’)
kernel/font.c:50:25: warning: excess elements in scalar initializer
   50 |     /* 0x47 'G' */ {0,0,0x3C,0x66,0x60,0x6E,0x66,0x66,0x3C,0,0,0,0,0,0,0},
      |                         ^~~~
kernel/font.c:50:25: note: (near initialization for ‘font8x16[551]’)
kernel/font.c:50:30: warning: excess elements in scalar initializer
   50 |     /* 0x47 'G' */ {0,0,0x3C,0x66,0x60,0x6E,0x66,0x66,0x3C,0,0,0,0,0,0,0},
      |                              ^~~~
kernel/font.c:50:30: note: (near initialization for ‘font8x16[551]’)
kernel/font.c:50:35: warning: excess elements in scalar initializer
   50 |     /* 0x47 'G' */ {0,0,0x3C,0x66,0x60,0x6E,0x66,0x66,0x3C,0,0,0,0,0,0,0},
      |                                   ^~~~
kernel/font.c:50:35: note: (near initialization for ‘font8x16[551]’)
kernel/font.c:50:40: warning: excess elements in scalar initializer
   50 |     /* 0x47 'G' */ {0,0,0x3C,0x66,0x60,0x6E,0x66,0x66,0x3C,0,0,0,0,0,0,0},
      |                                        ^~~~
kernel/font.c:50:40: note: (near initialization for ‘font8x16[551]’)
kernel/font.c:50:45: warning: excess elements in scalar initializer
   50 |     /* 0x47 'G' */ {0,0,0x3C,0x66,0x60,0x6E,0x66,0x66,0x3C,0,0,0,0,0,0,0},
      |                                             ^~~~
kernel/font.c:50:45: note: (near initialization for ‘font8x16[551]’)
kernel/font.c:50:50: warning: excess elements in scalar initializer
   50 |     /* 0x47 'G' */ {0,0,0x3C,0x66,0x60,0x6E,0x66,0x66,0x3C,0,0,0,0,0,0,0},
      |                                                  ^~~~
kernel/font.c:50:50: note: (near initialization for ‘font8x16[551]’)
kernel/font.c:50:55: warning: excess elements in scalar initializer
   50 |     /* 0x47 'G' */ {0,0,0x3C,0x66,0x60,0x6E,0x66,0x66,0x3C,0,0,0,0,0,0,0},
      |                                                       ^~~~
kernel/font.c:50:55: note: (near initialization for ‘font8x16[551]’)
kernel/font.c:50:60: warning: excess elements in scalar initializer
   50 |     /* 0x47 'G' */ {0,0,0x3C,0x66,0x60,0x6E,0x66,0x66,0x3C,0,0,0,0,0,0,0},
      |                                                            ^
kernel/font.c:50:60: note: (near initialization for ‘font8x16[551]’)
x86_64-linux-gnu-gcc -Wall -Wextra -ffreestanding -mcmodel=kernel -mno-red-zone -mno-mmx -mno-sse -mno-sse2 -fno-pic -fno-pie -O2 -Iinclude -MMD -DSHADOWBOX_VERSION=\"973cde5-dirty\" -fno-stack-protector -c kernel/pty.c -o kernel/pty.o
kernel/font.c:50:62: warning: excess elements in scalar initializer
   50 |     /* 0x47 'G' */ {0,0,0x3C,0x66,0x60,0x6E,0x66,0x66,0x3C,0,0,0,0,0,0,0},
      |                                                              ^
kernel/font.c:50:62: note: (near initialization for ‘font8x16[551]’)
kernel/font.c:50:64: warning: excess elements in scalar initializer
   50 |     /* 0x47 'G' */ {0,0,0x3C,0x66,0x60,0x6E,0x66,0x66,0x3C,0,0,0,0,0,0,0},
      |                                                                ^
kernel/font.c:50:64: note: (near initialization for ‘font8x16[551]’)
kernel/font.c:50:66: warning: excess elements in scalar initializer
   50 |     /* 0x47 'G' */ {0,0,0x3C,0x66,0x60,0x6E,0x66,0x66,0x3C,0,0,0,0,0,0,0},
      |                                                                  ^
kernel/font.c:50:66: note: (near initialization for ‘font8x16[551]’)
kernel/font.c:50:68: warning: excess elements in scalar initializer
   50 |     /* 0x47 'G' */ {0,0,0x3C,0x66,0x60,0x6E,0x66,0x66,0x3C,0,0,0,0,0,0,0},
      |                                                                    ^
kernel/font.c:50:68: note: (near initialization for ‘font8x16[551]’)
kernel/font.c:50:70: warning: excess elements in scalar initializer
   50 |     /* 0x47 'G' */ {0,0,0x3C,0x66,0x60,0x6E,0x66,0x66,0x3C,0,0,0,0,0,0,0},
      |                                                                      ^
kernel/font.c:50:70: note: (near initialization for ‘font8x16[551]’)
kernel/font.c:50:72: warning: excess elements in scalar initializer
   50 |     /* 0x47 'G' */ {0,0,0x3C,0x66,0x60,0x6E,0x66,0x66,0x3C,0,0,0,0,0,0,0},
      |                                                                        ^
kernel/font.c:50:72: note: (near initialization for ‘font8x16[551]’)
kernel/font.c:51:20: warning: braces around scalar initializer
   51 |     /* 0x48 'H' */ {0,0,0x66,0x66,0x66,0x7E,0x66,0x66,0x66,0,0,0,0,0,0,0},
      |                    ^
kernel/font.c:51:20: note: (near initialization for ‘font8x16[552]’)
kernel/font.c:51:23: warning: excess elements in scalar initializer
   51 |     /* 0x48 'H' */ {0,0,0x66,0x66,0x66,0x7E,0x66,0x66,0x66,0,0,0,0,0,0,0},
      |                       ^
kernel/font.c:51:23: note: (near initialization for ‘font8x16[552]’)
kernel/font.c:51:25: warning: excess elements in scalar initializer
   51 |     /* 0x48 'H' */ {0,0,0x66,0x66,0x66,0x7E,0x66,0x66,0x66,0,0,0,0,0,0,0},
      |                         ^~~~
kernel/font.c:51:25: note: (near initialization for ‘font8x16[552]’)
kernel/font.c:51:30: warning: excess elements in scalar initializer
   51 |     /* 0x48 'H' */ {0,0,0x66,0x66,0x66,0x7E,0x66,0x66,0x66,0,0,0,0,0,0,0},
      |                              ^~~~
kernel/font.c:51:30: note: (near initialization for ‘font8x16[552]’)
kernel/font.c:51:35: warning: excess elements in scalar initializer
   51 |     /* 0x48 'H' */ {0,0,0x66,0x66,0x66,0x7E,0x66,0x66,0x66,0,0,0,0,0,0,0},
      |                                   ^~~~
kernel/font.c:51:35: note: (near initialization for ‘font8x16[552]’)
kernel/font.c:51:40: warning: excess elements in scalar initializer
   51 |     /* 0x48 'H' */ {0,0,0x66,0x66,0x66,0x7E,0x66,0x66,0x66,0,0,0,0,0,0,0},
      |                                        ^~~~
kernel/font.c:51:40: note: (near initialization for ‘font8x16[552]’)
kernel/font.c:51:45: warning: excess elements in scalar initializer
   51 |     /* 0x48 'H' */ {0,0,0x66,0x66,0x66,0x7E,0x66,0x66,0x66,0,0,0,0,0,0,0},
      |                                             ^~~~
kernel/font.c:51:45: note: (near initialization for ‘font8x16[552]’)
kernel/font.c:51:50: warning: excess elements in scalar initializer
   51 |     /* 0x48 'H' */ {0,0,0x66,0x66,0x66,0x7E,0x66,0x66,0x66,0,0,0,0,0,0,0},
      |                                                  ^~~~
kernel/font.c:51:50: note: (near initialization for ‘font8x16[552]’)
kernel/font.c:51:55: warning: excess elements in scalar initializer
   51 |     /* 0x48 'H' */ {0,0,0x66,0x66,0x66,0x7E,0x66,0x66,0x66,0,0,0,0,0,0,0},
      |                                                       ^~~~
kernel/font.c:51:55: note: (near initialization for ‘font8x16[552]’)
kernel/font.c:51:60: warning: excess elements in scalar initializer
   51 |     /* 0x48 'H' */ {0,0,0x66,0x66,0x66,0x7E,0x66,0x66,0x66,0,0,0,0,0,0,0},
      |                                                            ^
kernel/font.c:51:60: note: (near initialization for ‘font8x16[552]’)
kernel/font.c:51:62: warning: excess elements in scalar initializer
   51 |     /* 0x48 'H' */ {0,0,0x66,0x66,0x66,0x7E,0x66,0x66,0x66,0,0,0,0,0,0,0},
      |                                                              ^
kernel/font.c:51:62: note: (near initialization for ‘font8x16[552]’)
kernel/font.c:51:64: warning: excess elements in scalar initializer
   51 |     /* 0x48 'H' */ {0,0,0x66,0x66,0x66,0x7E,0x66,0x66,0x66,0,0,0,0,0,0,0},
      |                                                                ^
kernel/font.c:51:64: note: (near initialization for ‘font8x16[552]’)
kernel/font.c:51:66: warning: excess elements in scalar initializer
   51 |     /* 0x48 'H' */ {0,0,0x66,0x66,0x66,0x7E,0x66,0x66,0x66,0,0,0,0,0,0,0},
      |                                                                  ^
kernel/font.c:51:66: note: (near initialization for ‘font8x16[552]’)
kernel/font.c:51:68: warning: excess elements in scalar initializer
   51 |     /* 0x48 'H' */ {0,0,0x66,0x66,0x66,0x7E,0x66,0x66,0x66,0,0,0,0,0,0,0},
      |                                                                    ^
kernel/font.c:51:68: note: (near initialization for ‘font8x16[552]’)
kernel/font.c:51:70: warning: excess elements in scalar initializer
   51 |     /* 0x48 'H' */ {0,0,0x66,0x66,0x66,0x7E,0x66,0x66,0x66,0,0,0,0,0,0,0},
      |                                                                      ^
kernel/font.c:51:70: note: (near initialization for ‘font8x16[552]’)
kernel/font.c:51:72: warning: excess elements in scalar initializer
   51 |     /* 0x48 'H' */ {0,0,0x66,0x66,0x66,0x7E,0x66,0x66,0x66,0,0,0,0,0,0,0},
      |                                                                        ^
kernel/font.c:51:72: note: (near initialization for ‘font8x16[552]’)
kernel/font.c:52:20: warning: braces around scalar initializer
   52 |     /* 0x49 'I' */ {0,0,0x3C,0x18,0x18,0x18,0x18,0x18,0x3C,0,0,0,0,0,0,0},
      |                    ^
kernel/font.c:52:20: note: (near initialization for ‘font8x16[553]’)
kernel/font.c:52:23: warning: excess elements in scalar initializer
   52 |     /* 0x49 'I' */ {0,0,0x3C,0x18,0x18,0x18,0x18,0x18,0x3C,0,0,0,0,0,0,0},
      |                       ^
kernel/font.c:52:23: note: (near initialization for ‘font8x16[553]’)
kernel/font.c:52:25: warning: excess elements in scalar initializer
   52 |     /* 0x49 'I' */ {0,0,0x3C,0x18,0x18,0x18,0x18,0x18,0x3C,0,0,0,0,0,0,0},
      |                         ^~~~
kernel/font.c:52:25: note: (near initialization for ‘font8x16[553]’)
kernel/font.c:52:30: warning: excess elements in scalar initializer
   52 |     /* 0x49 'I' */ {0,0,0x3C,0x18,0x18,0x18,0x18,0x18,0x3C,0,0,0,0,0,0,0},
      |                              ^~~~
kernel/font.c:52:30: note: (near initialization for ‘font8x16[553]’)
kernel/font.c:52:35: warning: excess elements in scalar initializer
   52 |     /* 0x49 'I' */ {0,0,0x3C,0x18,0x18,0x18,0x18,0x18,0x3C,0,0,0,0,0,0,0},
      |                                   ^~~~
kernel/font.c:52:35: note: (near initialization for ‘font8x16[553]’)
kernel/font.c:52:40: warning: excess elements in scalar initializer
   52 |     /* 0x49 'I' */ {0,0,0x3C,0x18,0x18,0x18,0x18,0x18,0x3C,0,0,0,0,0,0,0},
      |                                        ^~~~
kernel/font.c:52:40: note: (near initialization for ‘font8x16[553]’)
kernel/font.c:52:45: warning: excess elements in scalar initializer
   52 |     /* 0x49 'I' */ {0,0,0x3C,0x18,0x18,0x18,0x18,0x18,0x3C,0,0,0,0,0,0,0},
      |                                             ^~~~
kernel/font.c:52:45: note: (near initialization for ‘font8x16[553]’)
kernel/font.c:52:50: warning: excess elements in scalar initializer
   52 |     /* 0x49 'I' */ {0,0,0x3C,0x18,0x18,0x18,0x18,0x18,0x3C,0,0,0,0,0,0,0},
      |                                                  ^~~~
kernel/font.c:52:50: note: (near initialization for ‘font8x16[553]’)
kernel/font.c:52:55: warning: excess elements in scalar initializer
   52 |     /* 0x49 'I' */ {0,0,0x3C,0x18,0x18,0x18,0x18,0x18,0x3C,0,0,0,0,0,0,0},
      |                                                       ^~~~
kernel/font.c:52:55: note: (near initialization for ‘font8x16[553]’)
kernel/font.c:52:60: warning: excess elements in scalar initializer
   52 |     /* 0x49 'I' */ {0,0,0x3C,0x18,0x18,0x18,0x18,0x18,0x3C,0,0,0,0,0,0,0},
      |                                                            ^
kernel/font.c:52:60: note: (near initialization for ‘font8x16[553]’)
kernel/font.c:52:62: warning: excess elements in scalar initializer
   52 |     /* 0x49 'I' */ {0,0,0x3C,0x18,0x18,0x18,0x18,0x18,0x3C,0,0,0,0,0,0,0},
      |                                                              ^
kernel/font.c:52:62: note: (near initialization for ‘font8x16[553]’)
kernel/font.c:52:64: warning: excess elements in scalar initializer
   52 |     /* 0x49 'I' */ {0,0,0x3C,0x18,0x18,0x18,0x18,0x18,0x3C,0,0,0,0,0,0,0},
      |                                                                ^
kernel/font.c:52:64: note: (near initialization for ‘font8x16[553]’)
kernel/font.c:52:66: warning: excess elements in scalar initializer
   52 |     /* 0x49 'I' */ {0,0,0x3C,0x18,0x18,0x18,0x18,0x18,0x3C,0,0,0,0,0,0,0},
      |                                                                  ^
kernel/font.c:52:66: note: (near initialization for ‘font8x16[553]’)
kernel/font.c:52:68: warning: excess elements in scalar initializer
   52 |     /* 0x49 'I' */ {0,0,0x3C,0x18,0x18,0x18,0x18,0x18,0x3C,0,0,0,0,0,0,0},
      |                                                                    ^
kernel/font.c:52:68: note: (near initialization for ‘font8x16[553]’)
kernel/font.c:52:70: warning: excess elements in scalar initializer
   52 |     /* 0x49 'I' */ {0,0,0x3C,0x18,0x18,0x18,0x18,0x18,0x3C,0,0,0,0,0,0,0},
      |                                                                      ^
kernel/font.c:52:70: note: (near initialization for ‘font8x16[553]’)
kernel/font.c:52:72: warning: excess elements in scalar initializer
   52 |     /* 0x49 'I' */ {0,0,0x3C,0x18,0x18,0x18,0x18,0x18,0x3C,0,0,0,0,0,0,0},
      |                                                                        ^
kernel/font.c:52:72: note: (near initialization for ‘font8x16[553]’)
kernel/font.c:53:20: warning: braces around scalar initializer
   53 |     /* 0x4A 'J' */ {0,0,0x0E,0x06,0x06,0x06,0x66,0x66,0x3C,0,0,0,0,0,0,0},
      |                    ^
kernel/font.c:53:20: note: (near initialization for ‘font8x16[554]’)
kernel/font.c:53:23: warning: excess elements in scalar initializer
   53 |     /* 0x4A 'J' */ {0,0,0x0E,0x06,0x06,0x06,0x66,0x66,0x3C,0,0,0,0,0,0,0},
      |                       ^
kernel/font.c:53:23: note: (near initialization for ‘font8x16[554]’)
kernel/font.c:53:25: warning: excess elements in scalar initializer
   53 |     /* 0x4A 'J' */ {0,0,0x0E,0x06,0x06,0x06,0x66,0x66,0x3C,0,0,0,0,0,0,0},
      |                         ^~~~
kernel/font.c:53:25: note: (near initialization for ‘font8x16[554]’)
kernel/sched.c:70:17: warning: ‘vruntime_delta’ defined but not used [-Wunused-function]
   70 | static uint64_t vruntime_delta(struct process *p) {
      |                 ^~~~~~~~~~~~~~
kernel/font.c:53:30: warning: excess elements in scalar initializer
   53 |     /* 0x4A 'J' */ {0,0,0x0E,0x06,0x06,0x06,0x66,0x66,0x3C,0,0,0,0,0,0,0},
      |                              ^~~~
kernel/font.c:53:30: note: (near initialization for ‘font8x16[554]’)
kernel/font.c:53:35: warning: excess elements in scalar initializer
   53 |     /* 0x4A 'J' */ {0,0,0x0E,0x06,0x06,0x06,0x66,0x66,0x3C,0,0,0,0,0,0,0},
      |                                   ^~~~
kernel/font.c:53:35: note: (near initialization for ‘font8x16[554]’)
kernel/font.c:53:40: warning: excess elements in scalar initializer
   53 |     /* 0x4A 'J' */ {0,0,0x0E,0x06,0x06,0x06,0x66,0x66,0x3C,0,0,0,0,0,0,0},
      |                                        ^~~~
kernel/font.c:53:40: note: (near initialization for ‘font8x16[554]’)
kernel/font.c:53:45: warning: excess elements in scalar initializer
   53 |     /* 0x4A 'J' */ {0,0,0x0E,0x06,0x06,0x06,0x66,0x66,0x3C,0,0,0,0,0,0,0},
      |                                             ^~~~
kernel/font.c:53:45: note: (near initialization for ‘font8x16[554]’)
kernel/font.c:53:50: warning: excess elements in scalar initializer
   53 |     /* 0x4A 'J' */ {0,0,0x0E,0x06,0x06,0x06,0x66,0x66,0x3C,0,0,0,0,0,0,0},
      |                                                  ^~~~
kernel/font.c:53:50: note: (near initialization for ‘font8x16[554]’)
kernel/font.c:53:55: warning: excess elements in scalar initializer
   53 |     /* 0x4A 'J' */ {0,0,0x0E,0x06,0x06,0x06,0x66,0x66,0x3C,0,0,0,0,0,0,0},
      |                                                       ^~~~
kernel/font.c:53:55: note: (near initialization for ‘font8x16[554]’)
kernel/font.c:53:60: warning: excess elements in scalar initializer
   53 |     /* 0x4A 'J' */ {0,0,0x0E,0x06,0x06,0x06,0x66,0x66,0x3C,0,0,0,0,0,0,0},
      |                                                            ^
kernel/font.c:53:60: note: (near initialization for ‘font8x16[554]’)
kernel/font.c:53:62: warning: excess elements in scalar initializer
   53 |     /* 0x4A 'J' */ {0,0,0x0E,0x06,0x06,0x06,0x66,0x66,0x3C,0,0,0,0,0,0,0},
      |                                                              ^
kernel/font.c:53:62: note: (near initialization for ‘font8x16[554]’)
kernel/font.c:53:64: warning: excess elements in scalar initializer
   53 |     /* 0x4A 'J' */ {0,0,0x0E,0x06,0x06,0x06,0x66,0x66,0x3C,0,0,0,0,0,0,0},
      |                                                                ^
kernel/font.c:53:64: note: (near initialization for ‘font8x16[554]’)
kernel/font.c:53:66: warning: excess elements in scalar initializer
   53 |     /* 0x4A 'J' */ {0,0,0x0E,0x06,0x06,0x06,0x66,0x66,0x3C,0,0,0,0,0,0,0},
      |                                                                  ^
kernel/font.c:53:66: note: (near initialization for ‘font8x16[554]’)
kernel/font.c:53:68: warning: excess elements in scalar initializer
   53 |     /* 0x4A 'J' */ {0,0,0x0E,0x06,0x06,0x06,0x66,0x66,0x3C,0,0,0,0,0,0,0},
      |                                                                    ^
kernel/font.c:53:68: note: (near initialization for ‘font8x16[554]’)
kernel/font.c:53:70: warning: excess elements in scalar initializer
   53 |     /* 0x4A 'J' */ {0,0,0x0E,0x06,0x06,0x06,0x66,0x66,0x3C,0,0,0,0,0,0,0},
      |                                                                      ^
kernel/font.c:53:70: note: (near initialization for ‘font8x16[554]’)
kernel/font.c:53:72: warning: excess elements in scalar initializer
   53 |     /* 0x4A 'J' */ {0,0,0x0E,0x06,0x06,0x06,0x66,0x66,0x3C,0,0,0,0,0,0,0},
      |                                                                        ^
kernel/font.c:53:72: note: (near initialization for ‘font8x16[554]’)
kernel/font.c:54:20: warning: braces around scalar initializer
   54 |     /* 0x4B 'K' */ {0,0,0x66,0x6C,0x78,0x70,0x78,0x6C,0x66,0,0,0,0,0,0,0},
      |                    ^
kernel/font.c:54:20: note: (near initialization for ‘font8x16[555]’)
kernel/font.c:54:23: warning: excess elements in scalar initializer
   54 |     /* 0x4B 'K' */ {0,0,0x66,0x6C,0x78,0x70,0x78,0x6C,0x66,0,0,0,0,0,0,0},
      |                       ^
kernel/font.c:54:23: note: (near initialization for ‘font8x16[555]’)
kernel/font.c:54:25: warning: excess elements in scalar initializer
   54 |     /* 0x4B 'K' */ {0,0,0x66,0x6C,0x78,0x70,0x78,0x6C,0x66,0,0,0,0,0,0,0},
      |                         ^~~~
kernel/font.c:54:25: note: (near initialization for ‘font8x16[555]’)
kernel/font.c:54:30: warning: excess elements in scalar initializer
   54 |     /* 0x4B 'K' */ {0,0,0x66,0x6C,0x78,0x70,0x78,0x6C,0x66,0,0,0,0,0,0,0},
      |                              ^~~~
kernel/font.c:54:30: note: (near initialization for ‘font8x16[555]’)
kernel/font.c:54:35: warning: excess elements in scalar initializer
   54 |     /* 0x4B 'K' */ {0,0,0x66,0x6C,0x78,0x70,0x78,0x6C,0x66,0,0,0,0,0,0,0},
      |                                   ^~~~
kernel/font.c:54:35: note: (near initialization for ‘font8x16[555]’)
kernel/font.c:54:40: warning: excess elements in scalar initializer
   54 |     /* 0x4B 'K' */ {0,0,0x66,0x6C,0x78,0x70,0x78,0x6C,0x66,0,0,0,0,0,0,0},
      |                                        ^~~~
kernel/font.c:54:40: note: (near initialization for ‘font8x16[555]’)
kernel/font.c:54:45: warning: excess elements in scalar initializer
   54 |     /* 0x4B 'K' */ {0,0,0x66,0x6C,0x78,0x70,0x78,0x6C,0x66,0,0,0,0,0,0,0},
      |                                             ^~~~
kernel/font.c:54:45: note: (near initialization for ‘font8x16[555]’)
kernel/font.c:54:50: warning: excess elements in scalar initializer
   54 |     /* 0x4B 'K' */ {0,0,0x66,0x6C,0x78,0x70,0x78,0x6C,0x66,0,0,0,0,0,0,0},
      |                                                  ^~~~
kernel/font.c:54:50: note: (near initialization for ‘font8x16[555]’)
kernel/font.c:54:55: warning: excess elements in scalar initializer
   54 |     /* 0x4B 'K' */ {0,0,0x66,0x6C,0x78,0x70,0x78,0x6C,0x66,0,0,0,0,0,0,0},
      |                                                       ^~~~
kernel/font.c:54:55: note: (near initialization for ‘font8x16[555]’)
kernel/font.c:54:60: warning: excess elements in scalar initializer
   54 |     /* 0x4B 'K' */ {0,0,0x66,0x6C,0x78,0x70,0x78,0x6C,0x66,0,0,0,0,0,0,0},
      |                                                            ^
kernel/font.c:54:60: note: (near initialization for ‘font8x16[555]’)
kernel/font.c:54:62: warning: excess elements in scalar initializer
   54 |     /* 0x4B 'K' */ {0,0,0x66,0x6C,0x78,0x70,0x78,0x6C,0x66,0,0,0,0,0,0,0},
      |                                                              ^
kernel/font.c:54:62: note: (near initialization for ‘font8x16[555]’)
kernel/font.c:54:64: warning: excess elements in scalar initializer
   54 |     /* 0x4B 'K' */ {0,0,0x66,0x6C,0x78,0x70,0x78,0x6C,0x66,0,0,0,0,0,0,0},
      |                                                                ^
kernel/font.c:54:64: note: (near initialization for ‘font8x16[555]’)
kernel/font.c:54:66: warning: excess elements in scalar initializer
   54 |     /* 0x4B 'K' */ {0,0,0x66,0x6C,0x78,0x70,0x78,0x6C,0x66,0,0,0,0,0,0,0},
      |                                                                  ^
kernel/font.c:54:66: note: (near initialization for ‘font8x16[555]’)
kernel/font.c:54:68: warning: excess elements in scalar initializer
   54 |     /* 0x4B 'K' */ {0,0,0x66,0x6C,0x78,0x70,0x78,0x6C,0x66,0,0,0,0,0,0,0},
      |                                                                    ^
kernel/font.c:54:68: note: (near initialization for ‘font8x16[555]’)
kernel/font.c:54:70: warning: excess elements in scalar initializer
   54 |     /* 0x4B 'K' */ {0,0,0x66,0x6C,0x78,0x70,0x78,0x6C,0x66,0,0,0,0,0,0,0},
      |                                                                      ^
kernel/font.c:54:70: note: (near initialization for ‘font8x16[555]’)
kernel/font.c:54:72: warning: excess elements in scalar initializer
   54 |     /* 0x4B 'K' */ {0,0,0x66,0x6C,0x78,0x70,0x78,0x6C,0x66,0,0,0,0,0,0,0},
      |                                                                        ^
kernel/font.c:54:72: note: (near initialization for ‘font8x16[555]’)
kernel/font.c:55:20: warning: braces around scalar initializer
   55 |     /* 0x4C 'L' */ {0,0,0x60,0x60,0x60,0x60,0x60,0x60,0x7E,0,0,0,0,0,0,0},
      |                    ^
kernel/font.c:55:20: note: (near initialization for ‘font8x16[556]’)
kernel/font.c:55:23: warning: excess elements in scalar initializer
   55 |     /* 0x4C 'L' */ {0,0,0x60,0x60,0x60,0x60,0x60,0x60,0x7E,0,0,0,0,0,0,0},
      |                       ^
kernel/font.c:55:23: note: (near initialization for ‘font8x16[556]’)
kernel/font.c:55:25: warning: excess elements in scalar initializer
   55 |     /* 0x4C 'L' */ {0,0,0x60,0x60,0x60,0x60,0x60,0x60,0x7E,0,0,0,0,0,0,0},
      |                         ^~~~
kernel/font.c:55:25: note: (near initialization for ‘font8x16[556]’)
kernel/font.c:55:30: warning: excess elements in scalar initializer
   55 |     /* 0x4C 'L' */ {0,0,0x60,0x60,0x60,0x60,0x60,0x60,0x7E,0,0,0,0,0,0,0},
      |                              ^~~~
kernel/font.c:55:30: note: (near initialization for ‘font8x16[556]’)
kernel/font.c:55:35: warning: excess elements in scalar initializer
   55 |     /* 0x4C 'L' */ {0,0,0x60,0x60,0x60,0x60,0x60,0x60,0x7E,0,0,0,0,0,0,0},
      |                                   ^~~~
kernel/font.c:55:35: note: (near initialization for ‘font8x16[556]’)
kernel/font.c:55:40: warning: excess elements in scalar initializer
   55 |     /* 0x4C 'L' */ {0,0,0x60,0x60,0x60,0x60,0x60,0x60,0x7E,0,0,0,0,0,0,0},
      |                                        ^~~~
kernel/font.c:55:40: note: (near initialization for ‘font8x16[556]’)
kernel/font.c:55:45: warning: excess elements in scalar initializer
   55 |     /* 0x4C 'L' */ {0,0,0x60,0x60,0x60,0x60,0x60,0x60,0x7E,0,0,0,0,0,0,0},
      |                                             ^~~~
kernel/font.c:55:45: note: (near initialization for ‘font8x16[556]’)
kernel/font.c:55:50: warning: excess elements in scalar initializer
   55 |     /* 0x4C 'L' */ {0,0,0x60,0x60,0x60,0x60,0x60,0x60,0x7E,0,0,0,0,0,0,0},
      |                                                  ^~~~
kernel/font.c:55:50: note: (near initialization for ‘font8x16[556]’)
kernel/font.c:55:55: warning: excess elements in scalar initializer
   55 |     /* 0x4C 'L' */ {0,0,0x60,0x60,0x60,0x60,0x60,0x60,0x7E,0,0,0,0,0,0,0},
      |                                                       ^~~~
kernel/font.c:55:55: note: (near initialization for ‘font8x16[556]’)
kernel/font.c:55:60: warning: excess elements in scalar initializer
   55 |     /* 0x4C 'L' */ {0,0,0x60,0x60,0x60,0x60,0x60,0x60,0x7E,0,0,0,0,0,0,0},
      |                                                            ^
kernel/font.c:55:60: note: (near initialization for ‘font8x16[556]’)
kernel/font.c:55:62: warning: excess elements in scalar initializer
   55 |     /* 0x4C 'L' */ {0,0,0x60,0x60,0x60,0x60,0x60,0x60,0x7E,0,0,0,0,0,0,0},
      |                                                              ^
kernel/font.c:55:62: note: (near initialization for ‘font8x16[556]’)
kernel/font.c:55:64: warning: excess elements in scalar initializer
   55 |     /* 0x4C 'L' */ {0,0,0x60,0x60,0x60,0x60,0x60,0x60,0x7E,0,0,0,0,0,0,0},
      |                                                                ^
kernel/font.c:55:64: note: (near initialization for ‘font8x16[556]’)
kernel/font.c:55:66: warning: excess elements in scalar initializer
   55 |     /* 0x4C 'L' */ {0,0,0x60,0x60,0x60,0x60,0x60,0x60,0x7E,0,0,0,0,0,0,0},
      |                                                                  ^
kernel/font.c:55:66: note: (near initialization for ‘font8x16[556]’)
kernel/font.c:55:68: warning: excess elements in scalar initializer
   55 |     /* 0x4C 'L' */ {0,0,0x60,0x60,0x60,0x60,0x60,0x60,0x7E,0,0,0,0,0,0,0},
      |                                                                    ^
kernel/font.c:55:68: note: (near initialization for ‘font8x16[556]’)
kernel/font.c:55:70: warning: excess elements in scalar initializer
   55 |     /* 0x4C 'L' */ {0,0,0x60,0x60,0x60,0x60,0x60,0x60,0x7E,0,0,0,0,0,0,0},
      |                                                                      ^
kernel/font.c:55:70: note: (near initialization for ‘font8x16[556]’)
kernel/font.c:55:72: warning: excess elements in scalar initializer
   55 |     /* 0x4C 'L' */ {0,0,0x60,0x60,0x60,0x60,0x60,0x60,0x7E,0,0,0,0,0,0,0},
      |                                                                        ^
kernel/font.c:55:72: note: (near initialization for ‘font8x16[556]’)
kernel/font.c:56:20: warning: braces around scalar initializer
   56 |     /* 0x4D 'M' */ {0,0,0x63,0x77,0x7F,0x6B,0x63,0x63,0x63,0,0,0,0,0,0,0},
      |                    ^
kernel/font.c:56:20: note: (near initialization for ‘font8x16[557]’)
kernel/font.c:56:23: warning: excess elements in scalar initializer
   56 |     /* 0x4D 'M' */ {0,0,0x63,0x77,0x7F,0x6B,0x63,0x63,0x63,0,0,0,0,0,0,0},
      |                       ^
kernel/font.c:56:23: note: (near initialization for ‘font8x16[557]’)
kernel/font.c:56:25: warning: excess elements in scalar initializer
   56 |     /* 0x4D 'M' */ {0,0,0x63,0x77,0x7F,0x6B,0x63,0x63,0x63,0,0,0,0,0,0,0},
      |                         ^~~~
kernel/font.c:56:25: note: (near initialization for ‘font8x16[557]’)
kernel/font.c:56:30: warning: excess elements in scalar initializer
   56 |     /* 0x4D 'M' */ {0,0,0x63,0x77,0x7F,0x6B,0x63,0x63,0x63,0,0,0,0,0,0,0},
      |                              ^~~~
kernel/font.c:56:30: note: (near initialization for ‘font8x16[557]’)
kernel/font.c:56:35: warning: excess elements in scalar initializer
   56 |     /* 0x4D 'M' */ {0,0,0x63,0x77,0x7F,0x6B,0x63,0x63,0x63,0,0,0,0,0,0,0},
      |                                   ^~~~
kernel/font.c:56:35: note: (near initialization for ‘font8x16[557]’)
kernel/font.c:56:40: warning: excess elements in scalar initializer
   56 |     /* 0x4D 'M' */ {0,0,0x63,0x77,0x7F,0x6B,0x63,0x63,0x63,0,0,0,0,0,0,0},
      |                                        ^~~~
kernel/font.c:56:40: note: (near initialization for ‘font8x16[557]’)
kernel/font.c:56:45: warning: excess elements in scalar initializer
   56 |     /* 0x4D 'M' */ {0,0,0x63,0x77,0x7F,0x6B,0x63,0x63,0x63,0,0,0,0,0,0,0},
      |                                             ^~~~
kernel/font.c:56:45: note: (near initialization for ‘font8x16[557]’)
kernel/font.c:56:50: warning: excess elements in scalar initializer
   56 |     /* 0x4D 'M' */ {0,0,0x63,0x77,0x7F,0x6B,0x63,0x63,0x63,0,0,0,0,0,0,0},
      |                                                  ^~~~
kernel/font.c:56:50: note: (near initialization for ‘font8x16[557]’)
kernel/font.c:56:55: warning: excess elements in scalar initializer
   56 |     /* 0x4D 'M' */ {0,0,0x63,0x77,0x7F,0x6B,0x63,0x63,0x63,0,0,0,0,0,0,0},
      |                                                       ^~~~
kernel/font.c:56:55: note: (near initialization for ‘font8x16[557]’)
kernel/font.c:56:60: warning: excess elements in scalar initializer
   56 |     /* 0x4D 'M' */ {0,0,0x63,0x77,0x7F,0x6B,0x63,0x63,0x63,0,0,0,0,0,0,0},
      |                                                            ^
kernel/font.c:56:60: note: (near initialization for ‘font8x16[557]’)
kernel/font.c:56:62: warning: excess elements in scalar initializer
   56 |     /* 0x4D 'M' */ {0,0,0x63,0x77,0x7F,0x6B,0x63,0x63,0x63,0,0,0,0,0,0,0},
      |                                                              ^
kernel/font.c:56:62: note: (near initialization for ‘font8x16[557]’)
kernel/font.c:56:64: warning: excess elements in scalar initializer
   56 |     /* 0x4D 'M' */ {0,0,0x63,0x77,0x7F,0x6B,0x63,0x63,0x63,0,0,0,0,0,0,0},
      |                                                                ^
kernel/font.c:56:64: note: (near initialization for ‘font8x16[557]’)
kernel/font.c:56:66: warning: excess elements in scalar initializer
   56 |     /* 0x4D 'M' */ {0,0,0x63,0x77,0x7F,0x6B,0x63,0x63,0x63,0,0,0,0,0,0,0},
      |                                                                  ^
kernel/font.c:56:66: note: (near initialization for ‘font8x16[557]’)
kernel/font.c:56:68: warning: excess elements in scalar initializer
   56 |     /* 0x4D 'M' */ {0,0,0x63,0x77,0x7F,0x6B,0x63,0x63,0x63,0,0,0,0,0,0,0},
      |                                                                    ^
kernel/font.c:56:68: note: (near initialization for ‘font8x16[557]’)
kernel/font.c:56:70: warning: excess elements in scalar initializer
   56 |     /* 0x4D 'M' */ {0,0,0x63,0x77,0x7F,0x6B,0x63,0x63,0x63,0,0,0,0,0,0,0},
      |                                                                      ^
kernel/font.c:56:70: note: (near initialization for ‘font8x16[557]’)
kernel/font.c:56:72: warning: excess elements in scalar initializer
   56 |     /* 0x4D 'M' */ {0,0,0x63,0x77,0x7F,0x6B,0x63,0x63,0x63,0,0,0,0,0,0,0},
      |                                                                        ^
kernel/font.c:56:72: note: (near initialization for ‘font8x16[557]’)
kernel/font.c:57:20: warning: braces around scalar initializer
   57 |     /* 0x4E 'N' */ {0,0,0x63,0x73,0x7B,0x6F,0x67,0x63,0x63,0,0,0,0,0,0,0},
      |                    ^
kernel/font.c:57:20: note: (near initialization for ‘font8x16[558]’)
kernel/font.c:57:23: warning: excess elements in scalar initializer
   57 |     /* 0x4E 'N' */ {0,0,0x63,0x73,0x7B,0x6F,0x67,0x63,0x63,0,0,0,0,0,0,0},
      |                       ^
kernel/font.c:57:23: note: (near initialization for ‘font8x16[558]’)
kernel/font.c:57:25: warning: excess elements in scalar initializer
   57 |     /* 0x4E 'N' */ {0,0,0x63,0x73,0x7B,0x6F,0x67,0x63,0x63,0,0,0,0,0,0,0},
      |                         ^~~~
kernel/font.c:57:25: note: (near initialization for ‘font8x16[558]’)
kernel/font.c:57:30: warning: excess elements in scalar initializer
   57 |     /* 0x4E 'N' */ {0,0,0x63,0x73,0x7B,0x6F,0x67,0x63,0x63,0,0,0,0,0,0,0},
      |                              ^~~~
kernel/font.c:57:30: note: (near initialization for ‘font8x16[558]’)
kernel/font.c:57:35: warning: excess elements in scalar initializer
   57 |     /* 0x4E 'N' */ {0,0,0x63,0x73,0x7B,0x6F,0x67,0x63,0x63,0,0,0,0,0,0,0},
      |                                   ^~~~
kernel/font.c:57:35: note: (near initialization for ‘font8x16[558]’)
kernel/font.c:57:40: warning: excess elements in scalar initializer
   57 |     /* 0x4E 'N' */ {0,0,0x63,0x73,0x7B,0x6F,0x67,0x63,0x63,0,0,0,0,0,0,0},
      |                                        ^~~~
kernel/font.c:57:40: note: (near initialization for ‘font8x16[558]’)
kernel/font.c:57:45: warning: excess elements in scalar initializer
   57 |     /* 0x4E 'N' */ {0,0,0x63,0x73,0x7B,0x6F,0x67,0x63,0x63,0,0,0,0,0,0,0},
      |                                             ^~~~
kernel/font.c:57:45: note: (near initialization for ‘font8x16[558]’)
kernel/font.c:57:50: warning: excess elements in scalar initializer
   57 |     /* 0x4E 'N' */ {0,0,0x63,0x73,0x7B,0x6F,0x67,0x63,0x63,0,0,0,0,0,0,0},
      |                                                  ^~~~
kernel/font.c:57:50: note: (near initialization for ‘font8x16[558]’)
kernel/font.c:57:55: warning: excess elements in scalar initializer
   57 |     /* 0x4E 'N' */ {0,0,0x63,0x73,0x7B,0x6F,0x67,0x63,0x63,0,0,0,0,0,0,0},
      |                                                       ^~~~
kernel/font.c:57:55: note: (near initialization for ‘font8x16[558]’)
kernel/font.c:57:60: warning: excess elements in scalar initializer
   57 |     /* 0x4E 'N' */ {0,0,0x63,0x73,0x7B,0x6F,0x67,0x63,0x63,0,0,0,0,0,0,0},
      |                                                            ^
kernel/font.c:57:60: note: (near initialization for ‘font8x16[558]’)
kernel/font.c:57:62: warning: excess elements in scalar initializer
   57 |     /* 0x4E 'N' */ {0,0,0x63,0x73,0x7B,0x6F,0x67,0x63,0x63,0,0,0,0,0,0,0},
      |                                                              ^
kernel/font.c:57:62: note: (near initialization for ‘font8x16[558]’)
kernel/font.c:57:64: warning: excess elements in scalar initializer
   57 |     /* 0x4E 'N' */ {0,0,0x63,0x73,0x7B,0x6F,0x67,0x63,0x63,0,0,0,0,0,0,0},
      |                                                                ^
kernel/font.c:57:64: note: (near initialization for ‘font8x16[558]’)
kernel/font.c:57:66: warning: excess elements in scalar initializer
   57 |     /* 0x4E 'N' */ {0,0,0x63,0x73,0x7B,0x6F,0x67,0x63,0x63,0,0,0,0,0,0,0},
      |                                                                  ^
kernel/font.c:57:66: note: (near initialization for ‘font8x16[558]’)
kernel/font.c:57:68: warning: excess elements in scalar initializer
   57 |     /* 0x4E 'N' */ {0,0,0x63,0x73,0x7B,0x6F,0x67,0x63,0x63,0,0,0,0,0,0,0},
      |                                                                    ^
kernel/font.c:57:68: note: (near initialization for ‘font8x16[558]’)
kernel/font.c:57:70: warning: excess elements in scalar initializer
   57 |     /* 0x4E 'N' */ {0,0,0x63,0x73,0x7B,0x6F,0x67,0x63,0x63,0,0,0,0,0,0,0},
      |                                                                      ^
kernel/font.c:57:70: note: (near initialization for ‘font8x16[558]’)
kernel/font.c:57:72: warning: excess elements in scalar initializer
   57 |     /* 0x4E 'N' */ {0,0,0x63,0x73,0x7B,0x6F,0x67,0x63,0x63,0,0,0,0,0,0,0},
      |                                                                        ^
kernel/font.c:57:72: note: (near initialization for ‘font8x16[558]’)
kernel/font.c:58:20: warning: braces around scalar initializer
   58 |     /* 0x4F 'O' */ {0,0,0x3C,0x66,0x66,0x66,0x66,0x66,0x3C,0,0,0,0,0,0,0},
      |                    ^
kernel/font.c:58:20: note: (near initialization for ‘font8x16[559]’)
kernel/font.c:58:23: warning: excess elements in scalar initializer
   58 |     /* 0x4F 'O' */ {0,0,0x3C,0x66,0x66,0x66,0x66,0x66,0x3C,0,0,0,0,0,0,0},
      |                       ^
kernel/font.c:58:23: note: (near initialization for ‘font8x16[559]’)
kernel/font.c:58:25: warning: excess elements in scalar initializer
   58 |     /* 0x4F 'O' */ {0,0,0x3C,0x66,0x66,0x66,0x66,0x66,0x3C,0,0,0,0,0,0,0},
      |                         ^~~~
kernel/font.c:58:25: note: (near initialization for ‘font8x16[559]’)
kernel/font.c:58:30: warning: excess elements in scalar initializer
   58 |     /* 0x4F 'O' */ {0,0,0x3C,0x66,0x66,0x66,0x66,0x66,0x3C,0,0,0,0,0,0,0},
      |                              ^~~~
kernel/font.c:58:30: note: (near initialization for ‘font8x16[559]’)
kernel/font.c:58:35: warning: excess elements in scalar initializer
   58 |     /* 0x4F 'O' */ {0,0,0x3C,0x66,0x66,0x66,0x66,0x66,0x3C,0,0,0,0,0,0,0},
      |                                   ^~~~
kernel/font.c:58:35: note: (near initialization for ‘font8x16[559]’)
kernel/font.c:58:40: warning: excess elements in scalar initializer
   58 |     /* 0x4F 'O' */ {0,0,0x3C,0x66,0x66,0x66,0x66,0x66,0x3C,0,0,0,0,0,0,0},
      |                                        ^~~~
kernel/font.c:58:40: note: (near initialization for ‘font8x16[559]’)
kernel/font.c:58:45: warning: excess elements in scalar initializer
   58 |     /* 0x4F 'O' */ {0,0,0x3C,0x66,0x66,0x66,0x66,0x66,0x3C,0,0,0,0,0,0,0},
      |                                             ^~~~
kernel/font.c:58:45: note: (near initialization for ‘font8x16[559]’)
kernel/font.c:58:50: warning: excess elements in scalar initializer
   58 |     /* 0x4F 'O' */ {0,0,0x3C,0x66,0x66,0x66,0x66,0x66,0x3C,0,0,0,0,0,0,0},
      |                                                  ^~~~
kernel/font.c:58:50: note: (near initialization for ‘font8x16[559]’)
kernel/font.c:58:55: warning: excess elements in scalar initializer
   58 |     /* 0x4F 'O' */ {0,0,0x3C,0x66,0x66,0x66,0x66,0x66,0x3C,0,0,0,0,0,0,0},
      |                                                       ^~~~
kernel/font.c:58:55: note: (near initialization for ‘font8x16[559]’)
kernel/font.c:58:60: warning: excess elements in scalar initializer
   58 |     /* 0x4F 'O' */ {0,0,0x3C,0x66,0x66,0x66,0x66,0x66,0x3C,0,0,0,0,0,0,0},
      |                                                            ^
kernel/font.c:58:60: note: (near initialization for ‘font8x16[559]’)
kernel/font.c:58:62: warning: excess elements in scalar initializer
   58 |     /* 0x4F 'O' */ {0,0,0x3C,0x66,0x66,0x66,0x66,0x66,0x3C,0,0,0,0,0,0,0},
      |                                                              ^
kernel/font.c:58:62: note: (near initialization for ‘font8x16[559]’)
kernel/font.c:58:64: warning: excess elements in scalar initializer
   58 |     /* 0x4F 'O' */ {0,0,0x3C,0x66,0x66,0x66,0x66,0x66,0x3C,0,0,0,0,0,0,0},
      |                                                                ^
kernel/font.c:58:64: note: (near initialization for ‘font8x16[559]’)
kernel/font.c:58:66: warning: excess elements in scalar initializer
   58 |     /* 0x4F 'O' */ {0,0,0x3C,0x66,0x66,0x66,0x66,0x66,0x3C,0,0,0,0,0,0,0},
      |                                                                  ^
kernel/font.c:58:66: note: (near initialization for ‘font8x16[559]’)
kernel/font.c:58:68: warning: excess elements in scalar initializer
   58 |     /* 0x4F 'O' */ {0,0,0x3C,0x66,0x66,0x66,0x66,0x66,0x3C,0,0,0,0,0,0,0},
      |                                                                    ^
kernel/font.c:58:68: note: (near initialization for ‘font8x16[559]’)
kernel/font.c:58:70: warning: excess elements in scalar initializer
   58 |     /* 0x4F 'O' */ {0,0,0x3C,0x66,0x66,0x66,0x66,0x66,0x3C,0,0,0,0,0,0,0},
      |                                                                      ^
kernel/font.c:58:70: note: (near initialization for ‘font8x16[559]’)
kernel/font.c:58:72: warning: excess elements in scalar initializer
   58 |     /* 0x4F 'O' */ {0,0,0x3C,0x66,0x66,0x66,0x66,0x66,0x3C,0,0,0,0,0,0,0},
      |                                                                        ^
kernel/font.c:58:72: note: (near initialization for ‘font8x16[559]’)
kernel/font.c:59:20: warning: braces around scalar initializer
   59 |     /* 0x50 'P' */ {0,0,0x7C,0x66,0x66,0x7C,0x60,0x60,0x60,0,0,0,0,0,0,0},
      |                    ^
kernel/font.c:59:20: note: (near initialization for ‘font8x16[560]’)
kernel/font.c:59:23: warning: excess elements in scalar initializer
   59 |     /* 0x50 'P' */ {0,0,0x7C,0x66,0x66,0x7C,0x60,0x60,0x60,0,0,0,0,0,0,0},
      |                       ^
kernel/font.c:59:23: note: (near initialization for ‘font8x16[560]’)
kernel/font.c:59:25: warning: excess elements in scalar initializer
   59 |     /* 0x50 'P' */ {0,0,0x7C,0x66,0x66,0x7C,0x60,0x60,0x60,0,0,0,0,0,0,0},
      |                         ^~~~
kernel/font.c:59:25: note: (near initialization for ‘font8x16[560]’)
kernel/font.c:59:30: warning: excess elements in scalar initializer
   59 |     /* 0x50 'P' */ {0,0,0x7C,0x66,0x66,0x7C,0x60,0x60,0x60,0,0,0,0,0,0,0},
      |                              ^~~~
kernel/font.c:59:30: note: (near initialization for ‘font8x16[560]’)
kernel/font.c:59:35: warning: excess elements in scalar initializer
   59 |     /* 0x50 'P' */ {0,0,0x7C,0x66,0x66,0x7C,0x60,0x60,0x60,0,0,0,0,0,0,0},
      |                                   ^~~~
kernel/font.c:59:35: note: (near initialization for ‘font8x16[560]’)
kernel/font.c:59:40: warning: excess elements in scalar initializer
   59 |     /* 0x50 'P' */ {0,0,0x7C,0x66,0x66,0x7C,0x60,0x60,0x60,0,0,0,0,0,0,0},
      |                                        ^~~~
kernel/font.c:59:40: note: (near initialization for ‘font8x16[560]’)
kernel/font.c:59:45: warning: excess elements in scalar initializer
   59 |     /* 0x50 'P' */ {0,0,0x7C,0x66,0x66,0x7C,0x60,0x60,0x60,0,0,0,0,0,0,0},
      |                                             ^~~~
kernel/font.c:59:45: note: (near initialization for ‘font8x16[560]’)
kernel/font.c:59:50: warning: excess elements in scalar initializer
   59 |     /* 0x50 'P' */ {0,0,0x7C,0x66,0x66,0x7C,0x60,0x60,0x60,0,0,0,0,0,0,0},
      |                                                  ^~~~
kernel/font.c:59:50: note: (near initialization for ‘font8x16[560]’)
kernel/font.c:59:55: warning: excess elements in scalar initializer
   59 |     /* 0x50 'P' */ {0,0,0x7C,0x66,0x66,0x7C,0x60,0x60,0x60,0,0,0,0,0,0,0},
      |                                                       ^~~~
kernel/font.c:59:55: note: (near initialization for ‘font8x16[560]’)
kernel/font.c:59:60: warning: excess elements in scalar initializer
   59 |     /* 0x50 'P' */ {0,0,0x7C,0x66,0x66,0x7C,0x60,0x60,0x60,0,0,0,0,0,0,0},
      |                                                            ^
kernel/font.c:59:60: note: (near initialization for ‘font8x16[560]’)
kernel/font.c:59:62: warning: excess elements in scalar initializer
   59 |     /* 0x50 'P' */ {0,0,0x7C,0x66,0x66,0x7C,0x60,0x60,0x60,0,0,0,0,0,0,0},
      |                                                              ^
kernel/font.c:59:62: note: (near initialization for ‘font8x16[560]’)
kernel/font.c:59:64: warning: excess elements in scalar initializer
   59 |     /* 0x50 'P' */ {0,0,0x7C,0x66,0x66,0x7C,0x60,0x60,0x60,0,0,0,0,0,0,0},
      |                                                                ^
kernel/font.c:59:64: note: (near initialization for ‘font8x16[560]’)
kernel/font.c:59:66: warning: excess elements in scalar initializer
   59 |     /* 0x50 'P' */ {0,0,0x7C,0x66,0x66,0x7C,0x60,0x60,0x60,0,0,0,0,0,0,0},
      |                                                                  ^
kernel/font.c:59:66: note: (near initialization for ‘font8x16[560]’)
kernel/font.c:59:68: warning: excess elements in scalar initializer
   59 |     /* 0x50 'P' */ {0,0,0x7C,0x66,0x66,0x7C,0x60,0x60,0x60,0,0,0,0,0,0,0},
      |                                                                    ^
kernel/font.c:59:68: note: (near initialization for ‘font8x16[560]’)
kernel/font.c:59:70: warning: excess elements in scalar initializer
   59 |     /* 0x50 'P' */ {0,0,0x7C,0x66,0x66,0x7C,0x60,0x60,0x60,0,0,0,0,0,0,0},
      |                                                                      ^
kernel/font.c:59:70: note: (near initialization for ‘font8x16[560]’)
kernel/font.c:59:72: warning: excess elements in scalar initializer
   59 |     /* 0x50 'P' */ {0,0,0x7C,0x66,0x66,0x7C,0x60,0x60,0x60,0,0,0,0,0,0,0},
      |                                                                        ^
kernel/font.c:59:72: note: (near initialization for ‘font8x16[560]’)
kernel/font.c:60:20: warning: braces around scalar initializer
   60 |     /* 0x51 'Q' */ {0,0,0x3C,0x66,0x66,0x66,0x66,0x3C,0x0E,0,0,0,0,0,0,0},
      |                    ^
kernel/font.c:60:20: note: (near initialization for ‘font8x16[561]’)
kernel/font.c:60:23: warning: excess elements in scalar initializer
   60 |     /* 0x51 'Q' */ {0,0,0x3C,0x66,0x66,0x66,0x66,0x3C,0x0E,0,0,0,0,0,0,0},
      |                       ^
kernel/font.c:60:23: note: (near initialization for ‘font8x16[561]’)
kernel/font.c:60:25: warning: excess elements in scalar initializer
   60 |     /* 0x51 'Q' */ {0,0,0x3C,0x66,0x66,0x66,0x66,0x3C,0x0E,0,0,0,0,0,0,0},
      |                         ^~~~
kernel/font.c:60:25: note: (near initialization for ‘font8x16[561]’)
kernel/font.c:60:30: warning: excess elements in scalar initializer
   60 |     /* 0x51 'Q' */ {0,0,0x3C,0x66,0x66,0x66,0x66,0x3C,0x0E,0,0,0,0,0,0,0},
      |                              ^~~~
kernel/font.c:60:30: note: (near initialization for ‘font8x16[561]’)
kernel/font.c:60:35: warning: excess elements in scalar initializer
   60 |     /* 0x51 'Q' */ {0,0,0x3C,0x66,0x66,0x66,0x66,0x3C,0x0E,0,0,0,0,0,0,0},
      |                                   ^~~~
kernel/font.c:60:35: note: (near initialization for ‘font8x16[561]’)
kernel/font.c:60:40: warning: excess elements in scalar initializer
   60 |     /* 0x51 'Q' */ {0,0,0x3C,0x66,0x66,0x66,0x66,0x3C,0x0E,0,0,0,0,0,0,0},
      |                                        ^~~~
kernel/font.c:60:40: note: (near initialization for ‘font8x16[561]’)
kernel/font.c:60:45: warning: excess elements in scalar initializer
   60 |     /* 0x51 'Q' */ {0,0,0x3C,0x66,0x66,0x66,0x66,0x3C,0x0E,0,0,0,0,0,0,0},
      |                                             ^~~~
kernel/font.c:60:45: note: (near initialization for ‘font8x16[561]’)
kernel/font.c:60:50: warning: excess elements in scalar initializer
   60 |     /* 0x51 'Q' */ {0,0,0x3C,0x66,0x66,0x66,0x66,0x3C,0x0E,0,0,0,0,0,0,0},
      |                                                  ^~~~
kernel/font.c:60:50: note: (near initialization for ‘font8x16[561]’)
kernel/font.c:60:55: warning: excess elements in scalar initializer
   60 |     /* 0x51 'Q' */ {0,0,0x3C,0x66,0x66,0x66,0x66,0x3C,0x0E,0,0,0,0,0,0,0},
      |                                                       ^~~~
kernel/font.c:60:55: note: (near initialization for ‘font8x16[561]’)
kernel/font.c:60:60: warning: excess elements in scalar initializer
   60 |     /* 0x51 'Q' */ {0,0,0x3C,0x66,0x66,0x66,0x66,0x3C,0x0E,0,0,0,0,0,0,0},
      |                                                            ^
kernel/font.c:60:60: note: (near initialization for ‘font8x16[561]’)
kernel/font.c:60:62: warning: excess elements in scalar initializer
   60 |     /* 0x51 'Q' */ {0,0,0x3C,0x66,0x66,0x66,0x66,0x3C,0x0E,0,0,0,0,0,0,0},
      |                                                              ^
kernel/font.c:60:62: note: (near initialization for ‘font8x16[561]’)
kernel/font.c:60:64: warning: excess elements in scalar initializer
   60 |     /* 0x51 'Q' */ {0,0,0x3C,0x66,0x66,0x66,0x66,0x3C,0x0E,0,0,0,0,0,0,0},
      |                                                                ^
kernel/font.c:60:64: note: (near initialization for ‘font8x16[561]’)
kernel/font.c:60:66: warning: excess elements in scalar initializer
   60 |     /* 0x51 'Q' */ {0,0,0x3C,0x66,0x66,0x66,0x66,0x3C,0x0E,0,0,0,0,0,0,0},
      |                                                                  ^
kernel/font.c:60:66: note: (near initialization for ‘font8x16[561]’)
kernel/font.c:60:68: warning: excess elements in scalar initializer
   60 |     /* 0x51 'Q' */ {0,0,0x3C,0x66,0x66,0x66,0x66,0x3C,0x0E,0,0,0,0,0,0,0},
      |                                                                    ^
kernel/font.c:60:68: note: (near initialization for ‘font8x16[561]’)
kernel/font.c:60:70: warning: excess elements in scalar initializer
   60 |     /* 0x51 'Q' */ {0,0,0x3C,0x66,0x66,0x66,0x66,0x3C,0x0E,0,0,0,0,0,0,0},
      |                                                                      ^
kernel/font.c:60:70: note: (near initialization for ‘font8x16[561]’)
kernel/font.c:60:72: warning: excess elements in scalar initializer
   60 |     /* 0x51 'Q' */ {0,0,0x3C,0x66,0x66,0x66,0x66,0x3C,0x0E,0,0,0,0,0,0,0},
      |                                                                        ^
kernel/font.c:60:72: note: (near initialization for ‘font8x16[561]’)
kernel/font.c:61:20: warning: braces around scalar initializer
   61 |     /* 0x52 'R' */ {0,0,0x7C,0x66,0x66,0x7C,0x78,0x6C,0x66,0,0,0,0,0,0,0},
      |                    ^
kernel/font.c:61:20: note: (near initialization for ‘font8x16[562]’)
kernel/font.c:61:23: warning: excess elements in scalar initializer
   61 |     /* 0x52 'R' */ {0,0,0x7C,0x66,0x66,0x7C,0x78,0x6C,0x66,0,0,0,0,0,0,0},
      |                       ^
kernel/font.c:61:23: note: (near initialization for ‘font8x16[562]’)
kernel/font.c:61:25: warning: excess elements in scalar initializer
   61 |     /* 0x52 'R' */ {0,0,0x7C,0x66,0x66,0x7C,0x78,0x6C,0x66,0,0,0,0,0,0,0},
      |                         ^~~~
kernel/font.c:61:25: note: (near initialization for ‘font8x16[562]’)
kernel/font.c:61:30: warning: excess elements in scalar initializer
   61 |     /* 0x52 'R' */ {0,0,0x7C,0x66,0x66,0x7C,0x78,0x6C,0x66,0,0,0,0,0,0,0},
      |                              ^~~~
kernel/font.c:61:30: note: (near initialization for ‘font8x16[562]’)
kernel/font.c:61:35: warning: excess elements in scalar initializer
   61 |     /* 0x52 'R' */ {0,0,0x7C,0x66,0x66,0x7C,0x78,0x6C,0x66,0,0,0,0,0,0,0},
      |                                   ^~~~
kernel/font.c:61:35: note: (near initialization for ‘font8x16[562]’)
kernel/font.c:61:40: warning: excess elements in scalar initializer
   61 |     /* 0x52 'R' */ {0,0,0x7C,0x66,0x66,0x7C,0x78,0x6C,0x66,0,0,0,0,0,0,0},
      |                                        ^~~~
kernel/font.c:61:40: note: (near initialization for ‘font8x16[562]’)
kernel/font.c:61:45: warning: excess elements in scalar initializer
   61 |     /* 0x52 'R' */ {0,0,0x7C,0x66,0x66,0x7C,0x78,0x6C,0x66,0,0,0,0,0,0,0},
      |                                             ^~~~
kernel/font.c:61:45: note: (near initialization for ‘font8x16[562]’)
kernel/font.c:61:50: warning: excess elements in scalar initializer
   61 |     /* 0x52 'R' */ {0,0,0x7C,0x66,0x66,0x7C,0x78,0x6C,0x66,0,0,0,0,0,0,0},
      |                                                  ^~~~
kernel/font.c:61:50: note: (near initialization for ‘font8x16[562]’)
kernel/font.c:61:55: warning: excess elements in scalar initializer
   61 |     /* 0x52 'R' */ {0,0,0x7C,0x66,0x66,0x7C,0x78,0x6C,0x66,0,0,0,0,0,0,0},
      |                                                       ^~~~
kernel/font.c:61:55: note: (near initialization for ‘font8x16[562]’)
kernel/font.c:61:60: warning: excess elements in scalar initializer
   61 |     /* 0x52 'R' */ {0,0,0x7C,0x66,0x66,0x7C,0x78,0x6C,0x66,0,0,0,0,0,0,0},
      |                                                            ^
kernel/font.c:61:60: note: (near initialization for ‘font8x16[562]’)
kernel/font.c:61:62: warning: excess elements in scalar initializer
   61 |     /* 0x52 'R' */ {0,0,0x7C,0x66,0x66,0x7C,0x78,0x6C,0x66,0,0,0,0,0,0,0},
      |                                                              ^
kernel/font.c:61:62: note: (near initialization for ‘font8x16[562]’)
kernel/font.c:61:64: warning: excess elements in scalar initializer
   61 |     /* 0x52 'R' */ {0,0,0x7C,0x66,0x66,0x7C,0x78,0x6C,0x66,0,0,0,0,0,0,0},
      |                                                                ^
kernel/font.c:61:64: note: (near initialization for ‘font8x16[562]’)
kernel/font.c:61:66: warning: excess elements in scalar initializer
   61 |     /* 0x52 'R' */ {0,0,0x7C,0x66,0x66,0x7C,0x78,0x6C,0x66,0,0,0,0,0,0,0},
      |                                                                  ^
kernel/font.c:61:66: note: (near initialization for ‘font8x16[562]’)
kernel/font.c:61:68: warning: excess elements in scalar initializer
   61 |     /* 0x52 'R' */ {0,0,0x7C,0x66,0x66,0x7C,0x78,0x6C,0x66,0,0,0,0,0,0,0},
      |                                                                    ^
kernel/font.c:61:68: note: (near initialization for ‘font8x16[562]’)
kernel/font.c:61:70: warning: excess elements in scalar initializer
   61 |     /* 0x52 'R' */ {0,0,0x7C,0x66,0x66,0x7C,0x78,0x6C,0x66,0,0,0,0,0,0,0},
      |                                                                      ^
kernel/font.c:61:70: note: (near initialization for ‘font8x16[562]’)
kernel/font.c:61:72: warning: excess elements in scalar initializer
   61 |     /* 0x52 'R' */ {0,0,0x7C,0x66,0x66,0x7C,0x78,0x6C,0x66,0,0,0,0,0,0,0},
      |                                                                        ^
kernel/font.c:61:72: note: (near initialization for ‘font8x16[562]’)
kernel/font.c:62:20: warning: braces around scalar initializer
   62 |     /* 0x53 'S' */ {0,0,0x3C,0x66,0x60,0x3C,0x06,0x66,0x3C,0,0,0,0,0,0,0},
      |                    ^
kernel/font.c:62:20: note: (near initialization for ‘font8x16[563]’)
kernel/font.c:62:23: warning: excess elements in scalar initializer
   62 |     /* 0x53 'S' */ {0,0,0x3C,0x66,0x60,0x3C,0x06,0x66,0x3C,0,0,0,0,0,0,0},
      |                       ^
kernel/font.c:62:23: note: (near initialization for ‘font8x16[563]’)
kernel/font.c:62:25: warning: excess elements in scalar initializer
   62 |     /* 0x53 'S' */ {0,0,0x3C,0x66,0x60,0x3C,0x06,0x66,0x3C,0,0,0,0,0,0,0},
      |                         ^~~~
kernel/font.c:62:25: note: (near initialization for ‘font8x16[563]’)
kernel/font.c:62:30: warning: excess elements in scalar initializer
   62 |     /* 0x53 'S' */ {0,0,0x3C,0x66,0x60,0x3C,0x06,0x66,0x3C,0,0,0,0,0,0,0},
      |                              ^~~~
kernel/font.c:62:30: note: (near initialization for ‘font8x16[563]’)
kernel/font.c:62:35: warning: excess elements in scalar initializer
   62 |     /* 0x53 'S' */ {0,0,0x3C,0x66,0x60,0x3C,0x06,0x66,0x3C,0,0,0,0,0,0,0},
      |                                   ^~~~
kernel/font.c:62:35: note: (near initialization for ‘font8x16[563]’)
kernel/font.c:62:40: warning: excess elements in scalar initializer
   62 |     /* 0x53 'S' */ {0,0,0x3C,0x66,0x60,0x3C,0x06,0x66,0x3C,0,0,0,0,0,0,0},
      |                                        ^~~~
kernel/font.c:62:40: note: (near initialization for ‘font8x16[563]’)
kernel/font.c:62:45: warning: excess elements in scalar initializer
   62 |     /* 0x53 'S' */ {0,0,0x3C,0x66,0x60,0x3C,0x06,0x66,0x3C,0,0,0,0,0,0,0},
      |                                             ^~~~
kernel/font.c:62:45: note: (near initialization for ‘font8x16[563]’)
kernel/font.c:62:50: warning: excess elements in scalar initializer
   62 |     /* 0x53 'S' */ {0,0,0x3C,0x66,0x60,0x3C,0x06,0x66,0x3C,0,0,0,0,0,0,0},
      |                                                  ^~~~
kernel/font.c:62:50: note: (near initialization for ‘font8x16[563]’)
kernel/font.c:62:55: warning: excess elements in scalar initializer
   62 |     /* 0x53 'S' */ {0,0,0x3C,0x66,0x60,0x3C,0x06,0x66,0x3C,0,0,0,0,0,0,0},
      |                                                       ^~~~
kernel/font.c:62:55: note: (near initialization for ‘font8x16[563]’)
kernel/font.c:62:60: warning: excess elements in scalar initializer
   62 |     /* 0x53 'S' */ {0,0,0x3C,0x66,0x60,0x3C,0x06,0x66,0x3C,0,0,0,0,0,0,0},
      |                                                            ^
kernel/font.c:62:60: note: (near initialization for ‘font8x16[563]’)
kernel/font.c:62:62: warning: excess elements in scalar initializer
   62 |     /* 0x53 'S' */ {0,0,0x3C,0x66,0x60,0x3C,0x06,0x66,0x3C,0,0,0,0,0,0,0},
      |                                                              ^
kernel/font.c:62:62: note: (near initialization for ‘font8x16[563]’)
kernel/font.c:62:64: warning: excess elements in scalar initializer
   62 |     /* 0x53 'S' */ {0,0,0x3C,0x66,0x60,0x3C,0x06,0x66,0x3C,0,0,0,0,0,0,0},
      |                                                                ^
kernel/font.c:62:64: note: (near initialization for ‘font8x16[563]’)
kernel/font.c:62:66: warning: excess elements in scalar initializer
   62 |     /* 0x53 'S' */ {0,0,0x3C,0x66,0x60,0x3C,0x06,0x66,0x3C,0,0,0,0,0,0,0},
      |                                                                  ^
kernel/font.c:62:66: note: (near initialization for ‘font8x16[563]’)
kernel/font.c:62:68: warning: excess elements in scalar initializer
   62 |     /* 0x53 'S' */ {0,0,0x3C,0x66,0x60,0x3C,0x06,0x66,0x3C,0,0,0,0,0,0,0},
      |                                                                    ^
kernel/font.c:62:68: note: (near initialization for ‘font8x16[563]’)
kernel/font.c:62:70: warning: excess elements in scalar initializer
   62 |     /* 0x53 'S' */ {0,0,0x3C,0x66,0x60,0x3C,0x06,0x66,0x3C,0,0,0,0,0,0,0},
      |                                                                      ^
kernel/font.c:62:70: note: (near initialization for ‘font8x16[563]’)
kernel/font.c:62:72: warning: excess elements in scalar initializer
   62 |     /* 0x53 'S' */ {0,0,0x3C,0x66,0x60,0x3C,0x06,0x66,0x3C,0,0,0,0,0,0,0},
      |                                                                        ^
kernel/font.c:62:72: note: (near initialization for ‘font8x16[563]’)
kernel/font.c:63:20: warning: braces around scalar initializer
   63 |     /* 0x54 'T' */ {0,0,0x7E,0x18,0x18,0x18,0x18,0x18,0x18,0,0,0,0,0,0,0},
      |                    ^
kernel/font.c:63:20: note: (near initialization for ‘font8x16[564]’)
kernel/font.c:63:23: warning: excess elements in scalar initializer
   63 |     /* 0x54 'T' */ {0,0,0x7E,0x18,0x18,0x18,0x18,0x18,0x18,0,0,0,0,0,0,0},
      |                       ^
kernel/font.c:63:23: note: (near initialization for ‘font8x16[564]’)
kernel/font.c:63:25: warning: excess elements in scalar initializer
   63 |     /* 0x54 'T' */ {0,0,0x7E,0x18,0x18,0x18,0x18,0x18,0x18,0,0,0,0,0,0,0},
      |                         ^~~~
kernel/font.c:63:25: note: (near initialization for ‘font8x16[564]’)
kernel/font.c:63:30: warning: excess elements in scalar initializer
   63 |     /* 0x54 'T' */ {0,0,0x7E,0x18,0x18,0x18,0x18,0x18,0x18,0,0,0,0,0,0,0},
      |                              ^~~~
kernel/font.c:63:30: note: (near initialization for ‘font8x16[564]’)
kernel/font.c:63:35: warning: excess elements in scalar initializer
   63 |     /* 0x54 'T' */ {0,0,0x7E,0x18,0x18,0x18,0x18,0x18,0x18,0,0,0,0,0,0,0},
      |                                   ^~~~
kernel/font.c:63:35: note: (near initialization for ‘font8x16[564]’)
kernel/font.c:63:40: warning: excess elements in scalar initializer
   63 |     /* 0x54 'T' */ {0,0,0x7E,0x18,0x18,0x18,0x18,0x18,0x18,0,0,0,0,0,0,0},
      |                                        ^~~~
kernel/font.c:63:40: note: (near initialization for ‘font8x16[564]’)
kernel/font.c:63:45: warning: excess elements in scalar initializer
   63 |     /* 0x54 'T' */ {0,0,0x7E,0x18,0x18,0x18,0x18,0x18,0x18,0,0,0,0,0,0,0},
      |                                             ^~~~
kernel/font.c:63:45: note: (near initialization for ‘font8x16[564]’)
kernel/font.c:63:50: warning: excess elements in scalar initializer
   63 |     /* 0x54 'T' */ {0,0,0x7E,0x18,0x18,0x18,0x18,0x18,0x18,0,0,0,0,0,0,0},
      |                                                  ^~~~
kernel/font.c:63:50: note: (near initialization for ‘font8x16[564]’)
kernel/font.c:63:55: warning: excess elements in scalar initializer
   63 |     /* 0x54 'T' */ {0,0,0x7E,0x18,0x18,0x18,0x18,0x18,0x18,0,0,0,0,0,0,0},
      |                                                       ^~~~
kernel/font.c:63:55: note: (near initialization for ‘font8x16[564]’)
kernel/font.c:63:60: warning: excess elements in scalar initializer
   63 |     /* 0x54 'T' */ {0,0,0x7E,0x18,0x18,0x18,0x18,0x18,0x18,0,0,0,0,0,0,0},
      |                                                            ^
kernel/font.c:63:60: note: (near initialization for ‘font8x16[564]’)
kernel/font.c:63:62: warning: excess elements in scalar initializer
   63 |     /* 0x54 'T' */ {0,0,0x7E,0x18,0x18,0x18,0x18,0x18,0x18,0,0,0,0,0,0,0},
      |                                                              ^
kernel/font.c:63:62: note: (near initialization for ‘font8x16[564]’)
kernel/font.c:63:64: warning: excess elements in scalar initializer
   63 |     /* 0x54 'T' */ {0,0,0x7E,0x18,0x18,0x18,0x18,0x18,0x18,0,0,0,0,0,0,0},
      |                                                                ^
kernel/font.c:63:64: note: (near initialization for ‘font8x16[564]’)
kernel/font.c:63:66: warning: excess elements in scalar initializer
   63 |     /* 0x54 'T' */ {0,0,0x7E,0x18,0x18,0x18,0x18,0x18,0x18,0,0,0,0,0,0,0},
      |                                                                  ^
kernel/font.c:63:66: note: (near initialization for ‘font8x16[564]’)
kernel/font.c:63:68: warning: excess elements in scalar initializer
   63 |     /* 0x54 'T' */ {0,0,0x7E,0x18,0x18,0x18,0x18,0x18,0x18,0,0,0,0,0,0,0},
      |                                                                    ^
kernel/font.c:63:68: note: (near initialization for ‘font8x16[564]’)
kernel/font.c:63:70: warning: excess elements in scalar initializer
   63 |     /* 0x54 'T' */ {0,0,0x7E,0x18,0x18,0x18,0x18,0x18,0x18,0,0,0,0,0,0,0},
      |                                                                      ^
kernel/font.c:63:70: note: (near initialization for ‘font8x16[564]’)
kernel/font.c:63:72: warning: excess elements in scalar initializer
   63 |     /* 0x54 'T' */ {0,0,0x7E,0x18,0x18,0x18,0x18,0x18,0x18,0,0,0,0,0,0,0},
      |                                                                        ^
kernel/font.c:63:72: note: (near initialization for ‘font8x16[564]’)
kernel/font.c:64:20: warning: braces around scalar initializer
   64 |     /* 0x55 'U' */ {0,0,0x66,0x66,0x66,0x66,0x66,0x66,0x3C,0,0,0,0,0,0,0},
      |                    ^
kernel/font.c:64:20: note: (near initialization for ‘font8x16[565]’)
kernel/font.c:64:23: warning: excess elements in scalar initializer
   64 |     /* 0x55 'U' */ {0,0,0x66,0x66,0x66,0x66,0x66,0x66,0x3C,0,0,0,0,0,0,0},
      |                       ^
kernel/font.c:64:23: note: (near initialization for ‘font8x16[565]’)
kernel/font.c:64:25: warning: excess elements in scalar initializer
   64 |     /* 0x55 'U' */ {0,0,0x66,0x66,0x66,0x66,0x66,0x66,0x3C,0,0,0,0,0,0,0},
      |                         ^~~~
kernel/font.c:64:25: note: (near initialization for ‘font8x16[565]’)
kernel/font.c:64:30: warning: excess elements in scalar initializer
   64 |     /* 0x55 'U' */ {0,0,0x66,0x66,0x66,0x66,0x66,0x66,0x3C,0,0,0,0,0,0,0},
      |                              ^~~~
kernel/font.c:64:30: note: (near initialization for ‘font8x16[565]’)
kernel/font.c:64:35: warning: excess elements in scalar initializer
   64 |     /* 0x55 'U' */ {0,0,0x66,0x66,0x66,0x66,0x66,0x66,0x3C,0,0,0,0,0,0,0},
      |                                   ^~~~
kernel/font.c:64:35: note: (near initialization for ‘font8x16[565]’)
kernel/font.c:64:40: warning: excess elements in scalar initializer
   64 |     /* 0x55 'U' */ {0,0,0x66,0x66,0x66,0x66,0x66,0x66,0x3C,0,0,0,0,0,0,0},
      |                                        ^~~~
kernel/font.c:64:40: note: (near initialization for ‘font8x16[565]’)
kernel/font.c:64:45: warning: excess elements in scalar initializer
   64 |     /* 0x55 'U' */ {0,0,0x66,0x66,0x66,0x66,0x66,0x66,0x3C,0,0,0,0,0,0,0},
      |                                             ^~~~
kernel/font.c:64:45: note: (near initialization for ‘font8x16[565]’)
kernel/font.c:64:50: warning: excess elements in scalar initializer
   64 |     /* 0x55 'U' */ {0,0,0x66,0x66,0x66,0x66,0x66,0x66,0x3C,0,0,0,0,0,0,0},
      |                                                  ^~~~
kernel/font.c:64:50: note: (near initialization for ‘font8x16[565]’)
kernel/font.c:64:55: warning: excess elements in scalar initializer
   64 |     /* 0x55 'U' */ {0,0,0x66,0x66,0x66,0x66,0x66,0x66,0x3C,0,0,0,0,0,0,0},
      |                                                       ^~~~
kernel/font.c:64:55: note: (near initialization for ‘font8x16[565]’)
kernel/font.c:64:60: warning: excess elements in scalar initializer
   64 |     /* 0x55 'U' */ {0,0,0x66,0x66,0x66,0x66,0x66,0x66,0x3C,0,0,0,0,0,0,0},
      |                                                            ^
kernel/font.c:64:60: note: (near initialization for ‘font8x16[565]’)
kernel/font.c:64:62: warning: excess elements in scalar initializer
   64 |     /* 0x55 'U' */ {0,0,0x66,0x66,0x66,0x66,0x66,0x66,0x3C,0,0,0,0,0,0,0},
      |                                                              ^
kernel/font.c:64:62: note: (near initialization for ‘font8x16[565]’)
kernel/font.c:64:64: warning: excess elements in scalar initializer
   64 |     /* 0x55 'U' */ {0,0,0x66,0x66,0x66,0x66,0x66,0x66,0x3C,0,0,0,0,0,0,0},
      |                                                                ^
kernel/font.c:64:64: note: (near initialization for ‘font8x16[565]’)
kernel/font.c:64:66: warning: excess elements in scalar initializer
   64 |     /* 0x55 'U' */ {0,0,0x66,0x66,0x66,0x66,0x66,0x66,0x3C,0,0,0,0,0,0,0},
      |                                                                  ^
kernel/font.c:64:66: note: (near initialization for ‘font8x16[565]’)
kernel/font.c:64:68: warning: excess elements in scalar initializer
   64 |     /* 0x55 'U' */ {0,0,0x66,0x66,0x66,0x66,0x66,0x66,0x3C,0,0,0,0,0,0,0},
      |                                                                    ^
kernel/font.c:64:68: note: (near initialization for ‘font8x16[565]’)
kernel/font.c:64:70: warning: excess elements in scalar initializer
   64 |     /* 0x55 'U' */ {0,0,0x66,0x66,0x66,0x66,0x66,0x66,0x3C,0,0,0,0,0,0,0},
      |                                                                      ^
kernel/font.c:64:70: note: (near initialization for ‘font8x16[565]’)
kernel/font.c:64:72: warning: excess elements in scalar initializer
   64 |     /* 0x55 'U' */ {0,0,0x66,0x66,0x66,0x66,0x66,0x66,0x3C,0,0,0,0,0,0,0},
      |                                                                        ^
kernel/font.c:64:72: note: (near initialization for ‘font8x16[565]’)
kernel/font.c:65:20: warning: braces around scalar initializer
   65 |     /* 0x56 'V' */ {0,0,0x66,0x66,0x66,0x66,0x66,0x3C,0x18,0,0,0,0,0,0,0},
      |                    ^
kernel/font.c:65:20: note: (near initialization for ‘font8x16[566]’)
kernel/font.c:65:23: warning: excess elements in scalar initializer
   65 |     /* 0x56 'V' */ {0,0,0x66,0x66,0x66,0x66,0x66,0x3C,0x18,0,0,0,0,0,0,0},
      |                       ^
kernel/font.c:65:23: note: (near initialization for ‘font8x16[566]’)
kernel/font.c:65:25: warning: excess elements in scalar initializer
   65 |     /* 0x56 'V' */ {0,0,0x66,0x66,0x66,0x66,0x66,0x3C,0x18,0,0,0,0,0,0,0},
      |                         ^~~~
kernel/font.c:65:25: note: (near initialization for ‘font8x16[566]’)
kernel/font.c:65:30: warning: excess elements in scalar initializer
   65 |     /* 0x56 'V' */ {0,0,0x66,0x66,0x66,0x66,0x66,0x3C,0x18,0,0,0,0,0,0,0},
      |                              ^~~~
kernel/font.c:65:30: note: (near initialization for ‘font8x16[566]’)
kernel/font.c:65:35: warning: excess elements in scalar initializer
   65 |     /* 0x56 'V' */ {0,0,0x66,0x66,0x66,0x66,0x66,0x3C,0x18,0,0,0,0,0,0,0},
      |                                   ^~~~
kernel/font.c:65:35: note: (near initialization for ‘font8x16[566]’)
kernel/font.c:65:40: warning: excess elements in scalar initializer
   65 |     /* 0x56 'V' */ {0,0,0x66,0x66,0x66,0x66,0x66,0x3C,0x18,0,0,0,0,0,0,0},
      |                                        ^~~~
kernel/font.c:65:40: note: (near initialization for ‘font8x16[566]’)
kernel/font.c:65:45: warning: excess elements in scalar initializer
   65 |     /* 0x56 'V' */ {0,0,0x66,0x66,0x66,0x66,0x66,0x3C,0x18,0,0,0,0,0,0,0},
      |                                             ^~~~
kernel/font.c:65:45: note: (near initialization for ‘font8x16[566]’)
kernel/font.c:65:50: warning: excess elements in scalar initializer
   65 |     /* 0x56 'V' */ {0,0,0x66,0x66,0x66,0x66,0x66,0x3C,0x18,0,0,0,0,0,0,0},
      |                                                  ^~~~
kernel/font.c:65:50: note: (near initialization for ‘font8x16[566]’)
kernel/font.c:65:55: warning: excess elements in scalar initializer
   65 |     /* 0x56 'V' */ {0,0,0x66,0x66,0x66,0x66,0x66,0x3C,0x18,0,0,0,0,0,0,0},
      |                                                       ^~~~
kernel/font.c:65:55: note: (near initialization for ‘font8x16[566]’)
kernel/font.c:65:60: warning: excess elements in scalar initializer
   65 |     /* 0x56 'V' */ {0,0,0x66,0x66,0x66,0x66,0x66,0x3C,0x18,0,0,0,0,0,0,0},
      |                                                            ^
kernel/font.c:65:60: note: (near initialization for ‘font8x16[566]’)
kernel/font.c:65:62: warning: excess elements in scalar initializer
   65 |     /* 0x56 'V' */ {0,0,0x66,0x66,0x66,0x66,0x66,0x3C,0x18,0,0,0,0,0,0,0},
      |                                                              ^
kernel/font.c:65:62: note: (near initialization for ‘font8x16[566]’)
kernel/font.c:65:64: warning: excess elements in scalar initializer
   65 |     /* 0x56 'V' */ {0,0,0x66,0x66,0x66,0x66,0x66,0x3C,0x18,0,0,0,0,0,0,0},
      |                                                                ^
kernel/font.c:65:64: note: (near initialization for ‘font8x16[566]’)
kernel/font.c:65:66: warning: excess elements in scalar initializer
   65 |     /* 0x56 'V' */ {0,0,0x66,0x66,0x66,0x66,0x66,0x3C,0x18,0,0,0,0,0,0,0},
      |                                                                  ^
kernel/font.c:65:66: note: (near initialization for ‘font8x16[566]’)
kernel/font.c:65:68: warning: excess elements in scalar initializer
   65 |     /* 0x56 'V' */ {0,0,0x66,0x66,0x66,0x66,0x66,0x3C,0x18,0,0,0,0,0,0,0},
      |                                                                    ^
kernel/font.c:65:68: note: (near initialization for ‘font8x16[566]’)
kernel/font.c:65:70: warning: excess elements in scalar initializer
   65 |     /* 0x56 'V' */ {0,0,0x66,0x66,0x66,0x66,0x66,0x3C,0x18,0,0,0,0,0,0,0},
      |                                                                      ^
kernel/font.c:65:70: note: (near initialization for ‘font8x16[566]’)
kernel/font.c:65:72: warning: excess elements in scalar initializer
   65 |     /* 0x56 'V' */ {0,0,0x66,0x66,0x66,0x66,0x66,0x3C,0x18,0,0,0,0,0,0,0},
      |                                                                        ^
kernel/font.c:65:72: note: (near initialization for ‘font8x16[566]’)
kernel/font.c:66:20: warning: braces around scalar initializer
   66 |     /* 0x57 'W' */ {0,0,0x63,0x63,0x63,0x6B,0x7F,0x77,0x63,0,0,0,0,0,0,0},
      |                    ^
kernel/font.c:66:20: note: (near initialization for ‘font8x16[567]’)
kernel/font.c:66:23: warning: excess elements in scalar initializer
   66 |     /* 0x57 'W' */ {0,0,0x63,0x63,0x63,0x6B,0x7F,0x77,0x63,0,0,0,0,0,0,0},
      |                       ^
kernel/font.c:66:23: note: (near initialization for ‘font8x16[567]’)
kernel/font.c:66:25: warning: excess elements in scalar initializer
   66 |     /* 0x57 'W' */ {0,0,0x63,0x63,0x63,0x6B,0x7F,0x77,0x63,0,0,0,0,0,0,0},
      |                         ^~~~
kernel/font.c:66:25: note: (near initialization for ‘font8x16[567]’)
kernel/font.c:66:30: warning: excess elements in scalar initializer
   66 |     /* 0x57 'W' */ {0,0,0x63,0x63,0x63,0x6B,0x7F,0x77,0x63,0,0,0,0,0,0,0},
      |                              ^~~~
kernel/font.c:66:30: note: (near initialization for ‘font8x16[567]’)
kernel/font.c:66:35: warning: excess elements in scalar initializer
   66 |     /* 0x57 'W' */ {0,0,0x63,0x63,0x63,0x6B,0x7F,0x77,0x63,0,0,0,0,0,0,0},
      |                                   ^~~~
kernel/font.c:66:35: note: (near initialization for ‘font8x16[567]’)
kernel/font.c:66:40: warning: excess elements in scalar initializer
   66 |     /* 0x57 'W' */ {0,0,0x63,0x63,0x63,0x6B,0x7F,0x77,0x63,0,0,0,0,0,0,0},
      |                                        ^~~~
kernel/font.c:66:40: note: (near initialization for ‘font8x16[567]’)
kernel/font.c:66:45: warning: excess elements in scalar initializer
   66 |     /* 0x57 'W' */ {0,0,0x63,0x63,0x63,0x6B,0x7F,0x77,0x63,0,0,0,0,0,0,0},
      |                                             ^~~~
kernel/font.c:66:45: note: (near initialization for ‘font8x16[567]’)
kernel/font.c:66:50: warning: excess elements in scalar initializer
   66 |     /* 0x57 'W' */ {0,0,0x63,0x63,0x63,0x6B,0x7F,0x77,0x63,0,0,0,0,0,0,0},
      |                                                  ^~~~
kernel/font.c:66:50: note: (near initialization for ‘font8x16[567]’)
kernel/font.c:66:55: warning: excess elements in scalar initializer
   66 |     /* 0x57 'W' */ {0,0,0x63,0x63,0x63,0x6B,0x7F,0x77,0x63,0,0,0,0,0,0,0},
      |                                                       ^~~~
kernel/font.c:66:55: note: (near initialization for ‘font8x16[567]’)
kernel/font.c:66:60: warning: excess elements in scalar initializer
   66 |     /* 0x57 'W' */ {0,0,0x63,0x63,0x63,0x6B,0x7F,0x77,0x63,0,0,0,0,0,0,0},
      |                                                            ^
kernel/font.c:66:60: note: (near initialization for ‘font8x16[567]’)
kernel/font.c:66:62: warning: excess elements in scalar initializer
   66 |     /* 0x57 'W' */ {0,0,0x63,0x63,0x63,0x6B,0x7F,0x77,0x63,0,0,0,0,0,0,0},
      |                                                              ^
kernel/font.c:66:62: note: (near initialization for ‘font8x16[567]’)
kernel/font.c:66:64: warning: excess elements in scalar initializer
   66 |     /* 0x57 'W' */ {0,0,0x63,0x63,0x63,0x6B,0x7F,0x77,0x63,0,0,0,0,0,0,0},
      |                                                                ^
kernel/font.c:66:64: note: (near initialization for ‘font8x16[567]’)
kernel/font.c:66:66: warning: excess elements in scalar initializer
   66 |     /* 0x57 'W' */ {0,0,0x63,0x63,0x63,0x6B,0x7F,0x77,0x63,0,0,0,0,0,0,0},
      |                                                                  ^
kernel/font.c:66:66: note: (near initialization for ‘font8x16[567]’)
kernel/font.c:66:68: warning: excess elements in scalar initializer
   66 |     /* 0x57 'W' */ {0,0,0x63,0x63,0x63,0x6B,0x7F,0x77,0x63,0,0,0,0,0,0,0},
      |                                                                    ^
kernel/font.c:66:68: note: (near initialization for ‘font8x16[567]’)
kernel/font.c:66:70: warning: excess elements in scalar initializer
   66 |     /* 0x57 'W' */ {0,0,0x63,0x63,0x63,0x6B,0x7F,0x77,0x63,0,0,0,0,0,0,0},
      |                                                                      ^
kernel/font.c:66:70: note: (near initialization for ‘font8x16[567]’)
kernel/font.c:66:72: warning: excess elements in scalar initializer
   66 |     /* 0x57 'W' */ {0,0,0x63,0x63,0x63,0x6B,0x7F,0x77,0x63,0,0,0,0,0,0,0},
      |                                                                        ^
kernel/font.c:66:72: note: (near initialization for ‘font8x16[567]’)
kernel/font.c:67:20: warning: braces around scalar initializer
   67 |     /* 0x58 'X' */ {0,0,0x66,0x66,0x3C,0x18,0x3C,0x66,0x66,0,0,0,0,0,0,0},
      |                    ^
kernel/font.c:67:20: note: (near initialization for ‘font8x16[568]’)
kernel/font.c:67:23: warning: excess elements in scalar initializer
   67 |     /* 0x58 'X' */ {0,0,0x66,0x66,0x3C,0x18,0x3C,0x66,0x66,0,0,0,0,0,0,0},
      |                       ^
kernel/font.c:67:23: note: (near initialization for ‘font8x16[568]’)
kernel/font.c:67:25: warning: excess elements in scalar initializer
   67 |     /* 0x58 'X' */ {0,0,0x66,0x66,0x3C,0x18,0x3C,0x66,0x66,0,0,0,0,0,0,0},
      |                         ^~~~
kernel/font.c:67:25: note: (near initialization for ‘font8x16[568]’)
kernel/font.c:67:30: warning: excess elements in scalar initializer
   67 |     /* 0x58 'X' */ {0,0,0x66,0x66,0x3C,0x18,0x3C,0x66,0x66,0,0,0,0,0,0,0},
      |                              ^~~~
kernel/font.c:67:30: note: (near initialization for ‘font8x16[568]’)
kernel/font.c:67:35: warning: excess elements in scalar initializer
   67 |     /* 0x58 'X' */ {0,0,0x66,0x66,0x3C,0x18,0x3C,0x66,0x66,0,0,0,0,0,0,0},
      |                                   ^~~~
kernel/font.c:67:35: note: (near initialization for ‘font8x16[568]’)
kernel/font.c:67:40: warning: excess elements in scalar initializer
   67 |     /* 0x58 'X' */ {0,0,0x66,0x66,0x3C,0x18,0x3C,0x66,0x66,0,0,0,0,0,0,0},
      |                                        ^~~~
kernel/font.c:67:40: note: (near initialization for ‘font8x16[568]’)
kernel/font.c:67:45: warning: excess elements in scalar initializer
   67 |     /* 0x58 'X' */ {0,0,0x66,0x66,0x3C,0x18,0x3C,0x66,0x66,0,0,0,0,0,0,0},
      |                                             ^~~~
kernel/font.c:67:45: note: (near initialization for ‘font8x16[568]’)
kernel/font.c:67:50: warning: excess elements in scalar initializer
   67 |     /* 0x58 'X' */ {0,0,0x66,0x66,0x3C,0x18,0x3C,0x66,0x66,0,0,0,0,0,0,0},
      |                                                  ^~~~
kernel/font.c:67:50: note: (near initialization for ‘font8x16[568]’)
kernel/font.c:67:55: warning: excess elements in scalar initializer
   67 |     /* 0x58 'X' */ {0,0,0x66,0x66,0x3C,0x18,0x3C,0x66,0x66,0,0,0,0,0,0,0},
      |                                                       ^~~~
kernel/font.c:67:55: note: (near initialization for ‘font8x16[568]’)
kernel/font.c:67:60: warning: excess elements in scalar initializer
   67 |     /* 0x58 'X' */ {0,0,0x66,0x66,0x3C,0x18,0x3C,0x66,0x66,0,0,0,0,0,0,0},
      |                                                            ^
kernel/font.c:67:60: note: (near initialization for ‘font8x16[568]’)
kernel/font.c:67:62: warning: excess elements in scalar initializer
   67 |     /* 0x58 'X' */ {0,0,0x66,0x66,0x3C,0x18,0x3C,0x66,0x66,0,0,0,0,0,0,0},
      |                                                              ^
kernel/font.c:67:62: note: (near initialization for ‘font8x16[568]’)
kernel/font.c:67:64: warning: excess elements in scalar initializer
   67 |     /* 0x58 'X' */ {0,0,0x66,0x66,0x3C,0x18,0x3C,0x66,0x66,0,0,0,0,0,0,0},
      |                                                                ^
kernel/font.c:67:64: note: (near initialization for ‘font8x16[568]’)
kernel/font.c:67:66: warning: excess elements in scalar initializer
   67 |     /* 0x58 'X' */ {0,0,0x66,0x66,0x3C,0x18,0x3C,0x66,0x66,0,0,0,0,0,0,0},
      |                                                                  ^
kernel/font.c:67:66: note: (near initialization for ‘font8x16[568]’)
kernel/font.c:67:68: warning: excess elements in scalar initializer
   67 |     /* 0x58 'X' */ {0,0,0x66,0x66,0x3C,0x18,0x3C,0x66,0x66,0,0,0,0,0,0,0},
      |                                                                    ^
kernel/font.c:67:68: note: (near initialization for ‘font8x16[568]’)
kernel/font.c:67:70: warning: excess elements in scalar initializer
   67 |     /* 0x58 'X' */ {0,0,0x66,0x66,0x3C,0x18,0x3C,0x66,0x66,0,0,0,0,0,0,0},
      |                                                                      ^
kernel/font.c:67:70: note: (near initialization for ‘font8x16[568]’)
kernel/font.c:67:72: warning: excess elements in scalar initializer
   67 |     /* 0x58 'X' */ {0,0,0x66,0x66,0x3C,0x18,0x3C,0x66,0x66,0,0,0,0,0,0,0},
      |                                                                        ^
kernel/font.c:67:72: note: (near initialization for ‘font8x16[568]’)
kernel/font.c:68:20: warning: braces around scalar initializer
   68 |     /* 0x59 'Y' */ {0,0,0x66,0x66,0x66,0x3C,0x18,0x18,0x18,0,0,0,0,0,0,0},
      |                    ^
kernel/font.c:68:20: note: (near initialization for ‘font8x16[569]’)
kernel/font.c:68:23: warning: excess elements in scalar initializer
   68 |     /* 0x59 'Y' */ {0,0,0x66,0x66,0x66,0x3C,0x18,0x18,0x18,0,0,0,0,0,0,0},
      |                       ^
kernel/font.c:68:23: note: (near initialization for ‘font8x16[569]’)
kernel/font.c:68:25: warning: excess elements in scalar initializer
   68 |     /* 0x59 'Y' */ {0,0,0x66,0x66,0x66,0x3C,0x18,0x18,0x18,0,0,0,0,0,0,0},
      |                         ^~~~
kernel/font.c:68:25: note: (near initialization for ‘font8x16[569]’)
kernel/font.c:68:30: warning: excess elements in scalar initializer
   68 |     /* 0x59 'Y' */ {0,0,0x66,0x66,0x66,0x3C,0x18,0x18,0x18,0,0,0,0,0,0,0},
      |                              ^~~~
kernel/font.c:68:30: note: (near initialization for ‘font8x16[569]’)
kernel/font.c:68:35: warning: excess elements in scalar initializer
   68 |     /* 0x59 'Y' */ {0,0,0x66,0x66,0x66,0x3C,0x18,0x18,0x18,0,0,0,0,0,0,0},
      |                                   ^~~~
kernel/font.c:68:35: note: (near initialization for ‘font8x16[569]’)
kernel/font.c:68:40: warning: excess elements in scalar initializer
   68 |     /* 0x59 'Y' */ {0,0,0x66,0x66,0x66,0x3C,0x18,0x18,0x18,0,0,0,0,0,0,0},
      |                                        ^~~~
kernel/font.c:68:40: note: (near initialization for ‘font8x16[569]’)
kernel/font.c:68:45: warning: excess elements in scalar initializer
   68 |     /* 0x59 'Y' */ {0,0,0x66,0x66,0x66,0x3C,0x18,0x18,0x18,0,0,0,0,0,0,0},
      |                                             ^~~~
kernel/font.c:68:45: note: (near initialization for ‘font8x16[569]’)
kernel/font.c:68:50: warning: excess elements in scalar initializer
   68 |     /* 0x59 'Y' */ {0,0,0x66,0x66,0x66,0x3C,0x18,0x18,0x18,0,0,0,0,0,0,0},
      |                                                  ^~~~
kernel/font.c:68:50: note: (near initialization for ‘font8x16[569]’)
kernel/font.c:68:55: warning: excess elements in scalar initializer
   68 |     /* 0x59 'Y' */ {0,0,0x66,0x66,0x66,0x3C,0x18,0x18,0x18,0,0,0,0,0,0,0},
      |                                                       ^~~~
kernel/font.c:68:55: note: (near initialization for ‘font8x16[569]’)
kernel/font.c:68:60: warning: excess elements in scalar initializer
   68 |     /* 0x59 'Y' */ {0,0,0x66,0x66,0x66,0x3C,0x18,0x18,0x18,0,0,0,0,0,0,0},
      |                                                            ^
kernel/font.c:68:60: note: (near initialization for ‘font8x16[569]’)
kernel/font.c:68:62: warning: excess elements in scalar initializer
   68 |     /* 0x59 'Y' */ {0,0,0x66,0x66,0x66,0x3C,0x18,0x18,0x18,0,0,0,0,0,0,0},
      |                                                              ^
kernel/font.c:68:62: note: (near initialization for ‘font8x16[569]’)
kernel/font.c:68:64: warning: excess elements in scalar initializer
   68 |     /* 0x59 'Y' */ {0,0,0x66,0x66,0x66,0x3C,0x18,0x18,0x18,0,0,0,0,0,0,0},
      |                                                                ^
kernel/font.c:68:64: note: (near initialization for ‘font8x16[569]’)
kernel/font.c:68:66: warning: excess elements in scalar initializer
   68 |     /* 0x59 'Y' */ {0,0,0x66,0x66,0x66,0x3C,0x18,0x18,0x18,0,0,0,0,0,0,0},
      |                                                                  ^
kernel/font.c:68:66: note: (near initialization for ‘font8x16[569]’)
kernel/font.c:68:68: warning: excess elements in scalar initializer
   68 |     /* 0x59 'Y' */ {0,0,0x66,0x66,0x66,0x3C,0x18,0x18,0x18,0,0,0,0,0,0,0},
      |                                                                    ^
kernel/font.c:68:68: note: (near initialization for ‘font8x16[569]’)
kernel/font.c:68:70: warning: excess elements in scalar initializer
   68 |     /* 0x59 'Y' */ {0,0,0x66,0x66,0x66,0x3C,0x18,0x18,0x18,0,0,0,0,0,0,0},
      |                                                                      ^
kernel/font.c:68:70: note: (near initialization for ‘font8x16[569]’)
kernel/font.c:68:72: warning: excess elements in scalar initializer
   68 |     /* 0x59 'Y' */ {0,0,0x66,0x66,0x66,0x3C,0x18,0x18,0x18,0,0,0,0,0,0,0},
      |                                                                        ^
kernel/font.c:68:72: note: (near initialization for ‘font8x16[569]’)
kernel/font.c:69:20: warning: braces around scalar initializer
   69 |     /* 0x5A 'Z' */ {0,0,0x7E,0x06,0x0C,0x18,0x30,0x60,0x7E,0,0,0,0,0,0,0},
      |                    ^
kernel/font.c:69:20: note: (near initialization for ‘font8x16[570]’)
kernel/font.c:69:23: warning: excess elements in scalar initializer
   69 |     /* 0x5A 'Z' */ {0,0,0x7E,0x06,0x0C,0x18,0x30,0x60,0x7E,0,0,0,0,0,0,0},
      |                       ^
kernel/font.c:69:23: note: (near initialization for ‘font8x16[570]’)
kernel/font.c:69:25: warning: excess elements in scalar initializer
   69 |     /* 0x5A 'Z' */ {0,0,0x7E,0x06,0x0C,0x18,0x30,0x60,0x7E,0,0,0,0,0,0,0},
      |                         ^~~~
kernel/font.c:69:25: note: (near initialization for ‘font8x16[570]’)
kernel/font.c:69:30: warning: excess elements in scalar initializer
   69 |     /* 0x5A 'Z' */ {0,0,0x7E,0x06,0x0C,0x18,0x30,0x60,0x7E,0,0,0,0,0,0,0},
      |                              ^~~~
kernel/font.c:69:30: note: (near initialization for ‘font8x16[570]’)
kernel/font.c:69:35: warning: excess elements in scalar initializer
   69 |     /* 0x5A 'Z' */ {0,0,0x7E,0x06,0x0C,0x18,0x30,0x60,0x7E,0,0,0,0,0,0,0},
      |                                   ^~~~
kernel/font.c:69:35: note: (near initialization for ‘font8x16[570]’)
kernel/font.c:69:40: warning: excess elements in scalar initializer
   69 |     /* 0x5A 'Z' */ {0,0,0x7E,0x06,0x0C,0x18,0x30,0x60,0x7E,0,0,0,0,0,0,0},
      |                                        ^~~~
kernel/font.c:69:40: note: (near initialization for ‘font8x16[570]’)
kernel/font.c:69:45: warning: excess elements in scalar initializer
   69 |     /* 0x5A 'Z' */ {0,0,0x7E,0x06,0x0C,0x18,0x30,0x60,0x7E,0,0,0,0,0,0,0},
      |                                             ^~~~
kernel/font.c:69:45: note: (near initialization for ‘font8x16[570]’)
kernel/font.c:69:50: warning: excess elements in scalar initializer
   69 |     /* 0x5A 'Z' */ {0,0,0x7E,0x06,0x0C,0x18,0x30,0x60,0x7E,0,0,0,0,0,0,0},
      |                                                  ^~~~
kernel/font.c:69:50: note: (near initialization for ‘font8x16[570]’)
kernel/font.c:69:55: warning: excess elements in scalar initializer
   69 |     /* 0x5A 'Z' */ {0,0,0x7E,0x06,0x0C,0x18,0x30,0x60,0x7E,0,0,0,0,0,0,0},
      |                                                       ^~~~
kernel/font.c:69:55: note: (near initialization for ‘font8x16[570]’)
kernel/font.c:69:60: warning: excess elements in scalar initializer
   69 |     /* 0x5A 'Z' */ {0,0,0x7E,0x06,0x0C,0x18,0x30,0x60,0x7E,0,0,0,0,0,0,0},
      |                                                            ^
kernel/font.c:69:60: note: (near initialization for ‘font8x16[570]’)
kernel/font.c:69:62: warning: excess elements in scalar initializer
   69 |     /* 0x5A 'Z' */ {0,0,0x7E,0x06,0x0C,0x18,0x30,0x60,0x7E,0,0,0,0,0,0,0},
      |                                                              ^
kernel/font.c:69:62: note: (near initialization for ‘font8x16[570]’)
kernel/font.c:69:64: warning: excess elements in scalar initializer
   69 |     /* 0x5A 'Z' */ {0,0,0x7E,0x06,0x0C,0x18,0x30,0x60,0x7E,0,0,0,0,0,0,0},
      |                                                                ^
kernel/font.c:69:64: note: (near initialization for ‘font8x16[570]’)
kernel/font.c:69:66: warning: excess elements in scalar initializer
   69 |     /* 0x5A 'Z' */ {0,0,0x7E,0x06,0x0C,0x18,0x30,0x60,0x7E,0,0,0,0,0,0,0},
      |                                                                  ^
kernel/font.c:69:66: note: (near initialization for ‘font8x16[570]’)
kernel/font.c:69:68: warning: excess elements in scalar initializer
   69 |     /* 0x5A 'Z' */ {0,0,0x7E,0x06,0x0C,0x18,0x30,0x60,0x7E,0,0,0,0,0,0,0},
      |                                                                    ^
kernel/font.c:69:68: note: (near initialization for ‘font8x16[570]’)
kernel/font.c:69:70: warning: excess elements in scalar initializer
   69 |     /* 0x5A 'Z' */ {0,0,0x7E,0x06,0x0C,0x18,0x30,0x60,0x7E,0,0,0,0,0,0,0},
      |                                                                      ^
kernel/font.c:69:70: note: (near initialization for ‘font8x16[570]’)
kernel/font.c:69:72: warning: excess elements in scalar initializer
   69 |     /* 0x5A 'Z' */ {0,0,0x7E,0x06,0x0C,0x18,0x30,0x60,0x7E,0,0,0,0,0,0,0},
      |                                                                        ^
kernel/font.c:69:72: note: (near initialization for ‘font8x16[570]’)
kernel/font.c:70:20: warning: braces around scalar initializer
   70 |     /* 0x5B '[' */ {0,0,0x3C,0x30,0x30,0x30,0x30,0x30,0x3C,0,0,0,0,0,0,0},
      |                    ^
kernel/font.c:70:20: note: (near initialization for ‘font8x16[571]’)
kernel/font.c:70:23: warning: excess elements in scalar initializer
   70 |     /* 0x5B '[' */ {0,0,0x3C,0x30,0x30,0x30,0x30,0x30,0x3C,0,0,0,0,0,0,0},
      |                       ^
kernel/font.c:70:23: note: (near initialization for ‘font8x16[571]’)
kernel/font.c:70:25: warning: excess elements in scalar initializer
   70 |     /* 0x5B '[' */ {0,0,0x3C,0x30,0x30,0x30,0x30,0x30,0x3C,0,0,0,0,0,0,0},
      |                         ^~~~
kernel/font.c:70:25: note: (near initialization for ‘font8x16[571]’)
kernel/font.c:70:30: warning: excess elements in scalar initializer
   70 |     /* 0x5B '[' */ {0,0,0x3C,0x30,0x30,0x30,0x30,0x30,0x3C,0,0,0,0,0,0,0},
      |                              ^~~~
kernel/font.c:70:30: note: (near initialization for ‘font8x16[571]’)
kernel/font.c:70:35: warning: excess elements in scalar initializer
   70 |     /* 0x5B '[' */ {0,0,0x3C,0x30,0x30,0x30,0x30,0x30,0x3C,0,0,0,0,0,0,0},
      |                                   ^~~~
kernel/font.c:70:35: note: (near initialization for ‘font8x16[571]’)
kernel/font.c:70:40: warning: excess elements in scalar initializer
   70 |     /* 0x5B '[' */ {0,0,0x3C,0x30,0x30,0x30,0x30,0x30,0x3C,0,0,0,0,0,0,0},
      |                                        ^~~~
kernel/font.c:70:40: note: (near initialization for ‘font8x16[571]’)
kernel/font.c:70:45: warning: excess elements in scalar initializer
   70 |     /* 0x5B '[' */ {0,0,0x3C,0x30,0x30,0x30,0x30,0x30,0x3C,0,0,0,0,0,0,0},
      |                                             ^~~~
kernel/font.c:70:45: note: (near initialization for ‘font8x16[571]’)
kernel/font.c:70:50: warning: excess elements in scalar initializer
   70 |     /* 0x5B '[' */ {0,0,0x3C,0x30,0x30,0x30,0x30,0x30,0x3C,0,0,0,0,0,0,0},
      |                                                  ^~~~
kernel/font.c:70:50: note: (near initialization for ‘font8x16[571]’)
kernel/font.c:70:55: warning: excess elements in scalar initializer
   70 |     /* 0x5B '[' */ {0,0,0x3C,0x30,0x30,0x30,0x30,0x30,0x3C,0,0,0,0,0,0,0},
      |                                                       ^~~~
kernel/font.c:70:55: note: (near initialization for ‘font8x16[571]’)
kernel/font.c:70:60: warning: excess elements in scalar initializer
   70 |     /* 0x5B '[' */ {0,0,0x3C,0x30,0x30,0x30,0x30,0x30,0x3C,0,0,0,0,0,0,0},
      |                                                            ^
kernel/font.c:70:60: note: (near initialization for ‘font8x16[571]’)
kernel/font.c:70:62: warning: excess elements in scalar initializer
   70 |     /* 0x5B '[' */ {0,0,0x3C,0x30,0x30,0x30,0x30,0x30,0x3C,0,0,0,0,0,0,0},
      |                                                              ^
kernel/font.c:70:62: note: (near initialization for ‘font8x16[571]’)
kernel/font.c:70:64: warning: excess elements in scalar initializer
   70 |     /* 0x5B '[' */ {0,0,0x3C,0x30,0x30,0x30,0x30,0x30,0x3C,0,0,0,0,0,0,0},
      |                                                                ^
kernel/font.c:70:64: note: (near initialization for ‘font8x16[571]’)
kernel/font.c:70:66: warning: excess elements in scalar initializer
   70 |     /* 0x5B '[' */ {0,0,0x3C,0x30,0x30,0x30,0x30,0x30,0x3C,0,0,0,0,0,0,0},
      |                                                                  ^
kernel/font.c:70:66: note: (near initialization for ‘font8x16[571]’)
kernel/font.c:70:68: warning: excess elements in scalar initializer
   70 |     /* 0x5B '[' */ {0,0,0x3C,0x30,0x30,0x30,0x30,0x30,0x3C,0,0,0,0,0,0,0},
      |                                                                    ^
kernel/font.c:70:68: note: (near initialization for ‘font8x16[571]’)
kernel/font.c:70:70: warning: excess elements in scalar initializer
   70 |     /* 0x5B '[' */ {0,0,0x3C,0x30,0x30,0x30,0x30,0x30,0x3C,0,0,0,0,0,0,0},
      |                                                                      ^
kernel/font.c:70:70: note: (near initialization for ‘font8x16[571]’)
kernel/font.c:70:72: warning: excess elements in scalar initializer
   70 |     /* 0x5B '[' */ {0,0,0x3C,0x30,0x30,0x30,0x30,0x30,0x3C,0,0,0,0,0,0,0},
      |                                                                        ^
kernel/font.c:70:72: note: (near initialization for ‘font8x16[571]’)
kernel/font.c:71:21: warning: braces around scalar initializer
   71 |     /* 0x5C '\\' */ {0,0,0x60,0x30,0x18,0x0C,0x06,0x03,0,0,0,0,0,0,0,0},
      |                     ^
kernel/font.c:71:21: note: (near initialization for ‘font8x16[572]’)
kernel/font.c:71:24: warning: excess elements in scalar initializer
   71 |     /* 0x5C '\\' */ {0,0,0x60,0x30,0x18,0x0C,0x06,0x03,0,0,0,0,0,0,0,0},
      |                        ^
kernel/font.c:71:24: note: (near initialization for ‘font8x16[572]’)
kernel/font.c:71:26: warning: excess elements in scalar initializer
   71 |     /* 0x5C '\\' */ {0,0,0x60,0x30,0x18,0x0C,0x06,0x03,0,0,0,0,0,0,0,0},
      |                          ^~~~
kernel/font.c:71:26: note: (near initialization for ‘font8x16[572]’)
kernel/font.c:71:31: warning: excess elements in scalar initializer
   71 |     /* 0x5C '\\' */ {0,0,0x60,0x30,0x18,0x0C,0x06,0x03,0,0,0,0,0,0,0,0},
      |                               ^~~~
kernel/font.c:71:31: note: (near initialization for ‘font8x16[572]’)
kernel/font.c:71:36: warning: excess elements in scalar initializer
   71 |     /* 0x5C '\\' */ {0,0,0x60,0x30,0x18,0x0C,0x06,0x03,0,0,0,0,0,0,0,0},
      |                                    ^~~~
kernel/font.c:71:36: note: (near initialization for ‘font8x16[572]’)
kernel/font.c:71:41: warning: excess elements in scalar initializer
   71 |     /* 0x5C '\\' */ {0,0,0x60,0x30,0x18,0x0C,0x06,0x03,0,0,0,0,0,0,0,0},
      |                                         ^~~~
kernel/font.c:71:41: note: (near initialization for ‘font8x16[572]’)
kernel/font.c:71:46: warning: excess elements in scalar initializer
   71 |     /* 0x5C '\\' */ {0,0,0x60,0x30,0x18,0x0C,0x06,0x03,0,0,0,0,0,0,0,0},
      |                                              ^~~~
kernel/font.c:71:46: note: (near initialization for ‘font8x16[572]’)
kernel/font.c:71:51: warning: excess elements in scalar initializer
   71 |     /* 0x5C '\\' */ {0,0,0x60,0x30,0x18,0x0C,0x06,0x03,0,0,0,0,0,0,0,0},
      |                                                   ^~~~
kernel/font.c:71:51: note: (near initialization for ‘font8x16[572]’)
kernel/font.c:71:56: warning: excess elements in scalar initializer
   71 |     /* 0x5C '\\' */ {0,0,0x60,0x30,0x18,0x0C,0x06,0x03,0,0,0,0,0,0,0,0},
      |                                                        ^
kernel/font.c:71:56: note: (near initialization for ‘font8x16[572]’)
kernel/font.c:71:58: warning: excess elements in scalar initializer
   71 |     /* 0x5C '\\' */ {0,0,0x60,0x30,0x18,0x0C,0x06,0x03,0,0,0,0,0,0,0,0},
      |                                                          ^
kernel/font.c:71:58: note: (near initialization for ‘font8x16[572]’)
kernel/font.c:71:60: warning: excess elements in scalar initializer
   71 |     /* 0x5C '\\' */ {0,0,0x60,0x30,0x18,0x0C,0x06,0x03,0,0,0,0,0,0,0,0},
      |                                                            ^
kernel/font.c:71:60: note: (near initialization for ‘font8x16[572]’)
kernel/font.c:71:62: warning: excess elements in scalar initializer
   71 |     /* 0x5C '\\' */ {0,0,0x60,0x30,0x18,0x0C,0x06,0x03,0,0,0,0,0,0,0,0},
      |                                                              ^
kernel/font.c:71:62: note: (near initialization for ‘font8x16[572]’)
kernel/font.c:71:64: warning: excess elements in scalar initializer
   71 |     /* 0x5C '\\' */ {0,0,0x60,0x30,0x18,0x0C,0x06,0x03,0,0,0,0,0,0,0,0},
      |                                                                ^
kernel/font.c:71:64: note: (near initialization for ‘font8x16[572]’)
kernel/font.c:71:66: warning: excess elements in scalar initializer
   71 |     /* 0x5C '\\' */ {0,0,0x60,0x30,0x18,0x0C,0x06,0x03,0,0,0,0,0,0,0,0},
      |                                                                  ^
kernel/font.c:71:66: note: (near initialization for ‘font8x16[572]’)
kernel/font.c:71:68: warning: excess elements in scalar initializer
   71 |     /* 0x5C '\\' */ {0,0,0x60,0x30,0x18,0x0C,0x06,0x03,0,0,0,0,0,0,0,0},
      |                                                                    ^
kernel/font.c:71:68: note: (near initialization for ‘font8x16[572]’)
kernel/font.c:71:70: warning: excess elements in scalar initializer
   71 |     /* 0x5C '\\' */ {0,0,0x60,0x30,0x18,0x0C,0x06,0x03,0,0,0,0,0,0,0,0},
      |                                                                      ^
kernel/font.c:71:70: note: (near initialization for ‘font8x16[572]’)
kernel/font.c:72:20: warning: braces around scalar initializer
   72 |     /* 0x5D ']' */ {0,0,0x3C,0x0C,0x0C,0x0C,0x0C,0x0C,0x3C,0,0,0,0,0,0,0},
      |                    ^
kernel/font.c:72:20: note: (near initialization for ‘font8x16[573]’)
kernel/font.c:72:23: warning: excess elements in scalar initializer
   72 |     /* 0x5D ']' */ {0,0,0x3C,0x0C,0x0C,0x0C,0x0C,0x0C,0x3C,0,0,0,0,0,0,0},
      |                       ^
kernel/font.c:72:23: note: (near initialization for ‘font8x16[573]’)
kernel/font.c:72:25: warning: excess elements in scalar initializer
   72 |     /* 0x5D ']' */ {0,0,0x3C,0x0C,0x0C,0x0C,0x0C,0x0C,0x3C,0,0,0,0,0,0,0},
      |                         ^~~~
kernel/font.c:72:25: note: (near initialization for ‘font8x16[573]’)
kernel/font.c:72:30: warning: excess elements in scalar initializer
   72 |     /* 0x5D ']' */ {0,0,0x3C,0x0C,0x0C,0x0C,0x0C,0x0C,0x3C,0,0,0,0,0,0,0},
      |                              ^~~~
kernel/font.c:72:30: note: (near initialization for ‘font8x16[573]’)
kernel/font.c:72:35: warning: excess elements in scalar initializer
   72 |     /* 0x5D ']' */ {0,0,0x3C,0x0C,0x0C,0x0C,0x0C,0x0C,0x3C,0,0,0,0,0,0,0},
      |                                   ^~~~
kernel/font.c:72:35: note: (near initialization for ‘font8x16[573]’)
kernel/font.c:72:40: warning: excess elements in scalar initializer
   72 |     /* 0x5D ']' */ {0,0,0x3C,0x0C,0x0C,0x0C,0x0C,0x0C,0x3C,0,0,0,0,0,0,0},
      |                                        ^~~~
kernel/font.c:72:40: note: (near initialization for ‘font8x16[573]’)
kernel/font.c:72:45: warning: excess elements in scalar initializer
   72 |     /* 0x5D ']' */ {0,0,0x3C,0x0C,0x0C,0x0C,0x0C,0x0C,0x3C,0,0,0,0,0,0,0},
      |                                             ^~~~
kernel/font.c:72:45: note: (near initialization for ‘font8x16[573]’)
kernel/font.c:72:50: warning: excess elements in scalar initializer
   72 |     /* 0x5D ']' */ {0,0,0x3C,0x0C,0x0C,0x0C,0x0C,0x0C,0x3C,0,0,0,0,0,0,0},
      |                                                  ^~~~
kernel/font.c:72:50: note: (near initialization for ‘font8x16[573]’)
kernel/font.c:72:55: warning: excess elements in scalar initializer
   72 |     /* 0x5D ']' */ {0,0,0x3C,0x0C,0x0C,0x0C,0x0C,0x0C,0x3C,0,0,0,0,0,0,0},
      |                                                       ^~~~
kernel/font.c:72:55: note: (near initialization for ‘font8x16[573]’)
kernel/font.c:72:60: warning: excess elements in scalar initializer
   72 |     /* 0x5D ']' */ {0,0,0x3C,0x0C,0x0C,0x0C,0x0C,0x0C,0x3C,0,0,0,0,0,0,0},
      |                                                            ^
kernel/font.c:72:60: note: (near initialization for ‘font8x16[573]’)
kernel/font.c:72:62: warning: excess elements in scalar initializer
   72 |     /* 0x5D ']' */ {0,0,0x3C,0x0C,0x0C,0x0C,0x0C,0x0C,0x3C,0,0,0,0,0,0,0},
      |                                                              ^
kernel/font.c:72:62: note: (near initialization for ‘font8x16[573]’)
kernel/font.c:72:64: warning: excess elements in scalar initializer
   72 |     /* 0x5D ']' */ {0,0,0x3C,0x0C,0x0C,0x0C,0x0C,0x0C,0x3C,0,0,0,0,0,0,0},
      |                                                                ^
kernel/font.c:72:64: note: (near initialization for ‘font8x16[573]’)
kernel/font.c:72:66: warning: excess elements in scalar initializer
   72 |     /* 0x5D ']' */ {0,0,0x3C,0x0C,0x0C,0x0C,0x0C,0x0C,0x3C,0,0,0,0,0,0,0},
      |                                                                  ^
kernel/font.c:72:66: note: (near initialization for ‘font8x16[573]’)
kernel/font.c:72:68: warning: excess elements in scalar initializer
   72 |     /* 0x5D ']' */ {0,0,0x3C,0x0C,0x0C,0x0C,0x0C,0x0C,0x3C,0,0,0,0,0,0,0},
      |                                                                    ^
kernel/font.c:72:68: note: (near initialization for ‘font8x16[573]’)
kernel/font.c:72:70: warning: excess elements in scalar initializer
   72 |     /* 0x5D ']' */ {0,0,0x3C,0x0C,0x0C,0x0C,0x0C,0x0C,0x3C,0,0,0,0,0,0,0},
      |                                                                      ^
kernel/font.c:72:70: note: (near initialization for ‘font8x16[573]’)
kernel/font.c:72:72: warning: excess elements in scalar initializer
   72 |     /* 0x5D ']' */ {0,0,0x3C,0x0C,0x0C,0x0C,0x0C,0x0C,0x3C,0,0,0,0,0,0,0},
      |                                                                        ^
kernel/font.c:72:72: note: (near initialization for ‘font8x16[573]’)
kernel/font.c:73:20: warning: braces around scalar initializer
   73 |     /* 0x5E '^' */ {0,0,0x18,0x3C,0x66,0,0,0,0,0,0,0,0,0,0,0},
      |                    ^
kernel/font.c:73:20: note: (near initialization for ‘font8x16[574]’)
kernel/font.c:73:23: warning: excess elements in scalar initializer
   73 |     /* 0x5E '^' */ {0,0,0x18,0x3C,0x66,0,0,0,0,0,0,0,0,0,0,0},
      |                       ^
kernel/font.c:73:23: note: (near initialization for ‘font8x16[574]’)
kernel/font.c:73:25: warning: excess elements in scalar initializer
   73 |     /* 0x5E '^' */ {0,0,0x18,0x3C,0x66,0,0,0,0,0,0,0,0,0,0,0},
      |                         ^~~~
kernel/font.c:73:25: note: (near initialization for ‘font8x16[574]’)
kernel/font.c:73:30: warning: excess elements in scalar initializer
   73 |     /* 0x5E '^' */ {0,0,0x18,0x3C,0x66,0,0,0,0,0,0,0,0,0,0,0},
      |                              ^~~~
kernel/font.c:73:30: note: (near initialization for ‘font8x16[574]’)
kernel/font.c:73:35: warning: excess elements in scalar initializer
   73 |     /* 0x5E '^' */ {0,0,0x18,0x3C,0x66,0,0,0,0,0,0,0,0,0,0,0},
      |                                   ^~~~
kernel/font.c:73:35: note: (near initialization for ‘font8x16[574]’)
kernel/font.c:73:40: warning: excess elements in scalar initializer
   73 |     /* 0x5E '^' */ {0,0,0x18,0x3C,0x66,0,0,0,0,0,0,0,0,0,0,0},
      |                                        ^
kernel/font.c:73:40: note: (near initialization for ‘font8x16[574]’)
kernel/font.c:73:42: warning: excess elements in scalar initializer
   73 |     /* 0x5E '^' */ {0,0,0x18,0x3C,0x66,0,0,0,0,0,0,0,0,0,0,0},
      |                                          ^
kernel/font.c:73:42: note: (near initialization for ‘font8x16[574]’)
kernel/font.c:73:44: warning: excess elements in scalar initializer
   73 |     /* 0x5E '^' */ {0,0,0x18,0x3C,0x66,0,0,0,0,0,0,0,0,0,0,0},
      |                                            ^
kernel/font.c:73:44: note: (near initialization for ‘font8x16[574]’)
kernel/font.c:73:46: warning: excess elements in scalar initializer
   73 |     /* 0x5E '^' */ {0,0,0x18,0x3C,0x66,0,0,0,0,0,0,0,0,0,0,0},
      |                                              ^
kernel/font.c:73:46: note: (near initialization for ‘font8x16[574]’)
kernel/font.c:73:48: warning: excess elements in scalar initializer
   73 |     /* 0x5E '^' */ {0,0,0x18,0x3C,0x66,0,0,0,0,0,0,0,0,0,0,0},
      |                                                ^
kernel/font.c:73:48: note: (near initialization for ‘font8x16[574]’)
kernel/font.c:73:50: warning: excess elements in scalar initializer
   73 |     /* 0x5E '^' */ {0,0,0x18,0x3C,0x66,0,0,0,0,0,0,0,0,0,0,0},
      |                                                  ^
kernel/font.c:73:50: note: (near initialization for ‘font8x16[574]’)
kernel/font.c:73:52: warning: excess elements in scalar initializer
   73 |     /* 0x5E '^' */ {0,0,0x18,0x3C,0x66,0,0,0,0,0,0,0,0,0,0,0},
      |                                                    ^
kernel/font.c:73:52: note: (near initialization for ‘font8x16[574]’)
kernel/font.c:73:54: warning: excess elements in scalar initializer
   73 |     /* 0x5E '^' */ {0,0,0x18,0x3C,0x66,0,0,0,0,0,0,0,0,0,0,0},
      |                                                      ^
kernel/font.c:73:54: note: (near initialization for ‘font8x16[574]’)
kernel/font.c:73:56: warning: excess elements in scalar initializer
   73 |     /* 0x5E '^' */ {0,0,0x18,0x3C,0x66,0,0,0,0,0,0,0,0,0,0,0},
      |                                                        ^
kernel/font.c:73:56: note: (near initialization for ‘font8x16[574]’)
kernel/font.c:73:58: warning: excess elements in scalar initializer
   73 |     /* 0x5E '^' */ {0,0,0x18,0x3C,0x66,0,0,0,0,0,0,0,0,0,0,0},
      |                                                          ^
kernel/font.c:73:58: note: (near initialization for ‘font8x16[574]’)
kernel/font.c:73:60: warning: excess elements in scalar initializer
   73 |     /* 0x5E '^' */ {0,0,0x18,0x3C,0x66,0,0,0,0,0,0,0,0,0,0,0},
      |                                                            ^
kernel/font.c:73:60: note: (near initialization for ‘font8x16[574]’)
kernel/font.c:74:20: warning: braces around scalar initializer
   74 |     /* 0x5F '_' */ {0,0,0,0,0,0,0,0,0,0,0x7E,0,0,0,0,0},
      |                    ^
kernel/font.c:74:20: note: (near initialization for ‘font8x16[575]’)
kernel/font.c:74:23: warning: excess elements in scalar initializer
   74 |     /* 0x5F '_' */ {0,0,0,0,0,0,0,0,0,0,0x7E,0,0,0,0,0},
      |                       ^
kernel/font.c:74:23: note: (near initialization for ‘font8x16[575]’)
kernel/font.c:74:25: warning: excess elements in scalar initializer
   74 |     /* 0x5F '_' */ {0,0,0,0,0,0,0,0,0,0,0x7E,0,0,0,0,0},
      |                         ^
kernel/font.c:74:25: note: (near initialization for ‘font8x16[575]’)
kernel/font.c:74:27: warning: excess elements in scalar initializer
   74 |     /* 0x5F '_' */ {0,0,0,0,0,0,0,0,0,0,0x7E,0,0,0,0,0},
      |                           ^
kernel/font.c:74:27: note: (near initialization for ‘font8x16[575]’)
kernel/font.c:74:29: warning: excess elements in scalar initializer
   74 |     /* 0x5F '_' */ {0,0,0,0,0,0,0,0,0,0,0x7E,0,0,0,0,0},
      |                             ^
kernel/font.c:74:29: note: (near initialization for ‘font8x16[575]’)
kernel/font.c:74:31: warning: excess elements in scalar initializer
   74 |     /* 0x5F '_' */ {0,0,0,0,0,0,0,0,0,0,0x7E,0,0,0,0,0},
      |                               ^
kernel/font.c:74:31: note: (near initialization for ‘font8x16[575]’)
kernel/font.c:74:33: warning: excess elements in scalar initializer
   74 |     /* 0x5F '_' */ {0,0,0,0,0,0,0,0,0,0,0x7E,0,0,0,0,0},
      |                                 ^
kernel/font.c:74:33: note: (near initialization for ‘font8x16[575]’)
kernel/font.c:74:35: warning: excess elements in scalar initializer
   74 |     /* 0x5F '_' */ {0,0,0,0,0,0,0,0,0,0,0x7E,0,0,0,0,0},
      |                                   ^
kernel/font.c:74:35: note: (near initialization for ‘font8x16[575]’)
kernel/font.c:74:37: warning: excess elements in scalar initializer
   74 |     /* 0x5F '_' */ {0,0,0,0,0,0,0,0,0,0,0x7E,0,0,0,0,0},
      |                                     ^
kernel/font.c:74:37: note: (near initialization for ‘font8x16[575]’)
kernel/font.c:74:39: warning: excess elements in scalar initializer
   74 |     /* 0x5F '_' */ {0,0,0,0,0,0,0,0,0,0,0x7E,0,0,0,0,0},
      |                                       ^
kernel/font.c:74:39: note: (near initialization for ‘font8x16[575]’)
kernel/font.c:74:41: warning: excess elements in scalar initializer
   74 |     /* 0x5F '_' */ {0,0,0,0,0,0,0,0,0,0,0x7E,0,0,0,0,0},
      |                                         ^~~~
kernel/font.c:74:41: note: (near initialization for ‘font8x16[575]’)
kernel/font.c:74:46: warning: excess elements in scalar initializer
   74 |     /* 0x5F '_' */ {0,0,0,0,0,0,0,0,0,0,0x7E,0,0,0,0,0},
      |                                              ^
kernel/font.c:74:46: note: (near initialization for ‘font8x16[575]’)
kernel/font.c:74:48: warning: excess elements in scalar initializer
   74 |     /* 0x5F '_' */ {0,0,0,0,0,0,0,0,0,0,0x7E,0,0,0,0,0},
      |                                                ^
kernel/font.c:74:48: note: (near initialization for ‘font8x16[575]’)
kernel/font.c:74:50: warning: excess elements in scalar initializer
   74 |     /* 0x5F '_' */ {0,0,0,0,0,0,0,0,0,0,0x7E,0,0,0,0,0},
      |                                                  ^
kernel/font.c:74:50: note: (near initialization for ‘font8x16[575]’)
kernel/font.c:74:52: warning: excess elements in scalar initializer
   74 |     /* 0x5F '_' */ {0,0,0,0,0,0,0,0,0,0,0x7E,0,0,0,0,0},
      |                                                    ^
kernel/font.c:74:52: note: (near initialization for ‘font8x16[575]’)
kernel/font.c:74:54: warning: excess elements in scalar initializer
   74 |     /* 0x5F '_' */ {0,0,0,0,0,0,0,0,0,0,0x7E,0,0,0,0,0},
      |                                                      ^
kernel/font.c:74:54: note: (near initialization for ‘font8x16[575]’)
kernel/font.c:75:20: warning: braces around scalar initializer
   75 |     /* 0x60 '`' */ {0,0,0x18,0x18,0x0C,0,0,0,0,0,0,0,0,0,0,0},
      |                    ^
kernel/font.c:75:20: note: (near initialization for ‘font8x16[576]’)
kernel/font.c:75:23: warning: excess elements in scalar initializer
   75 |     /* 0x60 '`' */ {0,0,0x18,0x18,0x0C,0,0,0,0,0,0,0,0,0,0,0},
      |                       ^
kernel/font.c:75:23: note: (near initialization for ‘font8x16[576]’)
kernel/font.c:75:25: warning: excess elements in scalar initializer
   75 |     /* 0x60 '`' */ {0,0,0x18,0x18,0x0C,0,0,0,0,0,0,0,0,0,0,0},
      |                         ^~~~
kernel/font.c:75:25: note: (near initialization for ‘font8x16[576]’)
kernel/font.c:75:30: warning: excess elements in scalar initializer
   75 |     /* 0x60 '`' */ {0,0,0x18,0x18,0x0C,0,0,0,0,0,0,0,0,0,0,0},
      |                              ^~~~
kernel/font.c:75:30: note: (near initialization for ‘font8x16[576]’)
kernel/font.c:75:35: warning: excess elements in scalar initializer
   75 |     /* 0x60 '`' */ {0,0,0x18,0x18,0x0C,0,0,0,0,0,0,0,0,0,0,0},
      |                                   ^~~~
kernel/font.c:75:35: note: (near initialization for ‘font8x16[576]’)
kernel/font.c:75:40: warning: excess elements in scalar initializer
   75 |     /* 0x60 '`' */ {0,0,0x18,0x18,0x0C,0,0,0,0,0,0,0,0,0,0,0},
      |                                        ^
kernel/font.c:75:40: note: (near initialization for ‘font8x16[576]’)
kernel/font.c:75:42: warning: excess elements in scalar initializer
   75 |     /* 0x60 '`' */ {0,0,0x18,0x18,0x0C,0,0,0,0,0,0,0,0,0,0,0},
      |                                          ^
kernel/font.c:75:42: note: (near initialization for ‘font8x16[576]’)
kernel/font.c:75:44: warning: excess elements in scalar initializer
   75 |     /* 0x60 '`' */ {0,0,0x18,0x18,0x0C,0,0,0,0,0,0,0,0,0,0,0},
      |                                            ^
kernel/font.c:75:44: note: (near initialization for ‘font8x16[576]’)
kernel/font.c:75:46: warning: excess elements in scalar initializer
   75 |     /* 0x60 '`' */ {0,0,0x18,0x18,0x0C,0,0,0,0,0,0,0,0,0,0,0},
      |                                              ^
kernel/font.c:75:46: note: (near initialization for ‘font8x16[576]’)
kernel/font.c:75:48: warning: excess elements in scalar initializer
   75 |     /* 0x60 '`' */ {0,0,0x18,0x18,0x0C,0,0,0,0,0,0,0,0,0,0,0},
      |                                                ^
kernel/font.c:75:48: note: (near initialization for ‘font8x16[576]’)
kernel/font.c:75:50: warning: excess elements in scalar initializer
   75 |     /* 0x60 '`' */ {0,0,0x18,0x18,0x0C,0,0,0,0,0,0,0,0,0,0,0},
      |                                                  ^
kernel/font.c:75:50: note: (near initialization for ‘font8x16[576]’)
kernel/font.c:75:52: warning: excess elements in scalar initializer
   75 |     /* 0x60 '`' */ {0,0,0x18,0x18,0x0C,0,0,0,0,0,0,0,0,0,0,0},
      |                                                    ^
kernel/font.c:75:52: note: (near initialization for ‘font8x16[576]’)
kernel/font.c:75:54: warning: excess elements in scalar initializer
   75 |     /* 0x60 '`' */ {0,0,0x18,0x18,0x0C,0,0,0,0,0,0,0,0,0,0,0},
      |                                                      ^
kernel/font.c:75:54: note: (near initialization for ‘font8x16[576]’)
kernel/font.c:75:56: warning: excess elements in scalar initializer
   75 |     /* 0x60 '`' */ {0,0,0x18,0x18,0x0C,0,0,0,0,0,0,0,0,0,0,0},
      |                                                        ^
kernel/font.c:75:56: note: (near initialization for ‘font8x16[576]’)
kernel/font.c:75:58: warning: excess elements in scalar initializer
   75 |     /* 0x60 '`' */ {0,0,0x18,0x18,0x0C,0,0,0,0,0,0,0,0,0,0,0},
      |                                                          ^
kernel/font.c:75:58: note: (near initialization for ‘font8x16[576]’)
kernel/font.c:75:60: warning: excess elements in scalar initializer
   75 |     /* 0x60 '`' */ {0,0,0x18,0x18,0x0C,0,0,0,0,0,0,0,0,0,0,0},
      |                                                            ^
kernel/font.c:75:60: note: (near initialization for ‘font8x16[576]’)
kernel/font.c:76:20: warning: braces around scalar initializer
   76 |     /* 0x61 'a' */ {0,0,0,0,0x3C,0x06,0x3E,0x66,0x3B,0,0,0,0,0,0,0},
      |                    ^
kernel/font.c:76:20: note: (near initialization for ‘font8x16[577]’)
kernel/font.c:76:23: warning: excess elements in scalar initializer
   76 |     /* 0x61 'a' */ {0,0,0,0,0x3C,0x06,0x3E,0x66,0x3B,0,0,0,0,0,0,0},
      |                       ^
kernel/font.c:76:23: note: (near initialization for ‘font8x16[577]’)
kernel/font.c:76:25: warning: excess elements in scalar initializer
   76 |     /* 0x61 'a' */ {0,0,0,0,0x3C,0x06,0x3E,0x66,0x3B,0,0,0,0,0,0,0},
      |                         ^
kernel/font.c:76:25: note: (near initialization for ‘font8x16[577]’)
kernel/font.c:76:27: warning: excess elements in scalar initializer
   76 |     /* 0x61 'a' */ {0,0,0,0,0x3C,0x06,0x3E,0x66,0x3B,0,0,0,0,0,0,0},
      |                           ^
kernel/font.c:76:27: note: (near initialization for ‘font8x16[577]’)
kernel/font.c:76:29: warning: excess elements in scalar initializer
   76 |     /* 0x61 'a' */ {0,0,0,0,0x3C,0x06,0x3E,0x66,0x3B,0,0,0,0,0,0,0},
      |                             ^~~~
kernel/font.c:76:29: note: (near initialization for ‘font8x16[577]’)
kernel/font.c:76:34: warning: excess elements in scalar initializer
   76 |     /* 0x61 'a' */ {0,0,0,0,0x3C,0x06,0x3E,0x66,0x3B,0,0,0,0,0,0,0},
      |                                  ^~~~
kernel/font.c:76:34: note: (near initialization for ‘font8x16[577]’)
kernel/font.c:76:39: warning: excess elements in scalar initializer
   76 |     /* 0x61 'a' */ {0,0,0,0,0x3C,0x06,0x3E,0x66,0x3B,0,0,0,0,0,0,0},
      |                                       ^~~~
kernel/font.c:76:39: note: (near initialization for ‘font8x16[577]’)
kernel/font.c:76:44: warning: excess elements in scalar initializer
   76 |     /* 0x61 'a' */ {0,0,0,0,0x3C,0x06,0x3E,0x66,0x3B,0,0,0,0,0,0,0},
      |                                            ^~~~
kernel/font.c:76:44: note: (near initialization for ‘font8x16[577]’)
kernel/font.c:76:49: warning: excess elements in scalar initializer
   76 |     /* 0x61 'a' */ {0,0,0,0,0x3C,0x06,0x3E,0x66,0x3B,0,0,0,0,0,0,0},
      |                                                 ^~~~
kernel/font.c:76:49: note: (near initialization for ‘font8x16[577]’)
kernel/font.c:76:54: warning: excess elements in scalar initializer
   76 |     /* 0x61 'a' */ {0,0,0,0,0x3C,0x06,0x3E,0x66,0x3B,0,0,0,0,0,0,0},
      |                                                      ^
kernel/font.c:76:54: note: (near initialization for ‘font8x16[577]’)
kernel/font.c:76:56: warning: excess elements in scalar initializer
   76 |     /* 0x61 'a' */ {0,0,0,0,0x3C,0x06,0x3E,0x66,0x3B,0,0,0,0,0,0,0},
      |                                                        ^
kernel/font.c:76:56: note: (near initialization for ‘font8x16[577]’)
kernel/font.c:76:58: warning: excess elements in scalar initializer
   76 |     /* 0x61 'a' */ {0,0,0,0,0x3C,0x06,0x3E,0x66,0x3B,0,0,0,0,0,0,0},
      |                                                          ^
kernel/font.c:76:58: note: (near initialization for ‘font8x16[577]’)
kernel/font.c:76:60: warning: excess elements in scalar initializer
   76 |     /* 0x61 'a' */ {0,0,0,0,0x3C,0x06,0x3E,0x66,0x3B,0,0,0,0,0,0,0},
      |                                                            ^
kernel/font.c:76:60: note: (near initialization for ‘font8x16[577]’)
kernel/font.c:76:62: warning: excess elements in scalar initializer
   76 |     /* 0x61 'a' */ {0,0,0,0,0x3C,0x06,0x3E,0x66,0x3B,0,0,0,0,0,0,0},
      |                                                              ^
kernel/font.c:76:62: note: (near initialization for ‘font8x16[577]’)
kernel/font.c:76:64: warning: excess elements in scalar initializer
   76 |     /* 0x61 'a' */ {0,0,0,0,0x3C,0x06,0x3E,0x66,0x3B,0,0,0,0,0,0,0},
      |                                                                ^
kernel/font.c:76:64: note: (near initialization for ‘font8x16[577]’)
kernel/font.c:76:66: warning: excess elements in scalar initializer
   76 |     /* 0x61 'a' */ {0,0,0,0,0x3C,0x06,0x3E,0x66,0x3B,0,0,0,0,0,0,0},
      |                                                                  ^
kernel/font.c:76:66: note: (near initialization for ‘font8x16[577]’)
kernel/font.c:77:20: warning: braces around scalar initializer
   77 |     /* 0x62 'b' */ {0,0,0x60,0x60,0x7C,0x66,0x66,0x66,0x7C,0,0,0,0,0,0,0},
      |                    ^
kernel/font.c:77:20: note: (near initialization for ‘font8x16[578]’)
kernel/font.c:77:23: warning: excess elements in scalar initializer
   77 |     /* 0x62 'b' */ {0,0,0x60,0x60,0x7C,0x66,0x66,0x66,0x7C,0,0,0,0,0,0,0},
      |                       ^
kernel/font.c:77:23: note: (near initialization for ‘font8x16[578]’)
kernel/font.c:77:25: warning: excess elements in scalar initializer
   77 |     /* 0x62 'b' */ {0,0,0x60,0x60,0x7C,0x66,0x66,0x66,0x7C,0,0,0,0,0,0,0},
      |                         ^~~~
kernel/font.c:77:25: note: (near initialization for ‘font8x16[578]’)
kernel/font.c:77:30: warning: excess elements in scalar initializer
   77 |     /* 0x62 'b' */ {0,0,0x60,0x60,0x7C,0x66,0x66,0x66,0x7C,0,0,0,0,0,0,0},
      |                              ^~~~
kernel/font.c:77:30: note: (near initialization for ‘font8x16[578]’)
kernel/font.c:77:35: warning: excess elements in scalar initializer
   77 |     /* 0x62 'b' */ {0,0,0x60,0x60,0x7C,0x66,0x66,0x66,0x7C,0,0,0,0,0,0,0},
      |                                   ^~~~
kernel/font.c:77:35: note: (near initialization for ‘font8x16[578]’)
kernel/font.c:77:40: warning: excess elements in scalar initializer
   77 |     /* 0x62 'b' */ {0,0,0x60,0x60,0x7C,0x66,0x66,0x66,0x7C,0,0,0,0,0,0,0},
      |                                        ^~~~
kernel/font.c:77:40: note: (near initialization for ‘font8x16[578]’)
kernel/font.c:77:45: warning: excess elements in scalar initializer
   77 |     /* 0x62 'b' */ {0,0,0x60,0x60,0x7C,0x66,0x66,0x66,0x7C,0,0,0,0,0,0,0},
      |                                             ^~~~
kernel/font.c:77:45: note: (near initialization for ‘font8x16[578]’)
kernel/font.c:77:50: warning: excess elements in scalar initializer
   77 |     /* 0x62 'b' */ {0,0,0x60,0x60,0x7C,0x66,0x66,0x66,0x7C,0,0,0,0,0,0,0},
      |                                                  ^~~~
kernel/font.c:77:50: note: (near initialization for ‘font8x16[578]’)
kernel/font.c:77:55: warning: excess elements in scalar initializer
   77 |     /* 0x62 'b' */ {0,0,0x60,0x60,0x7C,0x66,0x66,0x66,0x7C,0,0,0,0,0,0,0},
      |                                                       ^~~~
kernel/font.c:77:55: note: (near initialization for ‘font8x16[578]’)
kernel/font.c:77:60: warning: excess elements in scalar initializer
   77 |     /* 0x62 'b' */ {0,0,0x60,0x60,0x7C,0x66,0x66,0x66,0x7C,0,0,0,0,0,0,0},
      |                                                            ^
kernel/font.c:77:60: note: (near initialization for ‘font8x16[578]’)
kernel/font.c:77:62: warning: excess elements in scalar initializer
   77 |     /* 0x62 'b' */ {0,0,0x60,0x60,0x7C,0x66,0x66,0x66,0x7C,0,0,0,0,0,0,0},
      |                                                              ^
kernel/font.c:77:62: note: (near initialization for ‘font8x16[578]’)
kernel/font.c:77:64: warning: excess elements in scalar initializer
   77 |     /* 0x62 'b' */ {0,0,0x60,0x60,0x7C,0x66,0x66,0x66,0x7C,0,0,0,0,0,0,0},
      |                                                                ^
kernel/font.c:77:64: note: (near initialization for ‘font8x16[578]’)
kernel/font.c:77:66: warning: excess elements in scalar initializer
   77 |     /* 0x62 'b' */ {0,0,0x60,0x60,0x7C,0x66,0x66,0x66,0x7C,0,0,0,0,0,0,0},
      |                                                                  ^
kernel/font.c:77:66: note: (near initialization for ‘font8x16[578]’)
kernel/font.c:77:68: warning: excess elements in scalar initializer
   77 |     /* 0x62 'b' */ {0,0,0x60,0x60,0x7C,0x66,0x66,0x66,0x7C,0,0,0,0,0,0,0},
      |                                                                    ^
kernel/font.c:77:68: note: (near initialization for ‘font8x16[578]’)
kernel/font.c:77:70: warning: excess elements in scalar initializer
   77 |     /* 0x62 'b' */ {0,0,0x60,0x60,0x7C,0x66,0x66,0x66,0x7C,0,0,0,0,0,0,0},
      |                                                                      ^
kernel/font.c:77:70: note: (near initialization for ‘font8x16[578]’)
kernel/font.c:77:72: warning: excess elements in scalar initializer
   77 |     /* 0x62 'b' */ {0,0,0x60,0x60,0x7C,0x66,0x66,0x66,0x7C,0,0,0,0,0,0,0},
      |                                                                        ^
kernel/font.c:77:72: note: (near initialization for ‘font8x16[578]’)
kernel/font.c:78:20: warning: braces around scalar initializer
   78 |     /* 0x63 'c' */ {0,0,0,0,0x3C,0x66,0x60,0x66,0x3C,0,0,0,0,0,0,0},
      |                    ^
kernel/font.c:78:20: note: (near initialization for ‘font8x16[579]’)
kernel/font.c:78:23: warning: excess elements in scalar initializer
   78 |     /* 0x63 'c' */ {0,0,0,0,0x3C,0x66,0x60,0x66,0x3C,0,0,0,0,0,0,0},
      |                       ^
kernel/font.c:78:23: note: (near initialization for ‘font8x16[579]’)
kernel/font.c:78:25: warning: excess elements in scalar initializer
   78 |     /* 0x63 'c' */ {0,0,0,0,0x3C,0x66,0x60,0x66,0x3C,0,0,0,0,0,0,0},
      |                         ^
kernel/font.c:78:25: note: (near initialization for ‘font8x16[579]’)
kernel/font.c:78:27: warning: excess elements in scalar initializer
   78 |     /* 0x63 'c' */ {0,0,0,0,0x3C,0x66,0x60,0x66,0x3C,0,0,0,0,0,0,0},
      |                           ^
kernel/font.c:78:27: note: (near initialization for ‘font8x16[579]’)
kernel/font.c:78:29: warning: excess elements in scalar initializer
   78 |     /* 0x63 'c' */ {0,0,0,0,0x3C,0x66,0x60,0x66,0x3C,0,0,0,0,0,0,0},
      |                             ^~~~
kernel/font.c:78:29: note: (near initialization for ‘font8x16[579]’)
kernel/font.c:78:34: warning: excess elements in scalar initializer
   78 |     /* 0x63 'c' */ {0,0,0,0,0x3C,0x66,0x60,0x66,0x3C,0,0,0,0,0,0,0},
      |                                  ^~~~
kernel/font.c:78:34: note: (near initialization for ‘font8x16[579]’)
kernel/font.c:78:39: warning: excess elements in scalar initializer
   78 |     /* 0x63 'c' */ {0,0,0,0,0x3C,0x66,0x60,0x66,0x3C,0,0,0,0,0,0,0},
      |                                       ^~~~
kernel/font.c:78:39: note: (near initialization for ‘font8x16[579]’)
kernel/font.c:78:44: warning: excess elements in scalar initializer
   78 |     /* 0x63 'c' */ {0,0,0,0,0x3C,0x66,0x60,0x66,0x3C,0,0,0,0,0,0,0},
      |                                            ^~~~
kernel/font.c:78:44: note: (near initialization for ‘font8x16[579]’)
kernel/font.c:78:49: warning: excess elements in scalar initializer
   78 |     /* 0x63 'c' */ {0,0,0,0,0x3C,0x66,0x60,0x66,0x3C,0,0,0,0,0,0,0},
      |                                                 ^~~~
kernel/font.c:78:49: note: (near initialization for ‘font8x16[579]’)
kernel/font.c:78:54: warning: excess elements in scalar initializer
   78 |     /* 0x63 'c' */ {0,0,0,0,0x3C,0x66,0x60,0x66,0x3C,0,0,0,0,0,0,0},
      |                                                      ^
kernel/font.c:78:54: note: (near initialization for ‘font8x16[579]’)
kernel/font.c:78:56: warning: excess elements in scalar initializer
   78 |     /* 0x63 'c' */ {0,0,0,0,0x3C,0x66,0x60,0x66,0x3C,0,0,0,0,0,0,0},
      |                                                        ^
kernel/font.c:78:56: note: (near initialization for ‘font8x16[579]’)
kernel/font.c:78:58: warning: excess elements in scalar initializer
   78 |     /* 0x63 'c' */ {0,0,0,0,0x3C,0x66,0x60,0x66,0x3C,0,0,0,0,0,0,0},
      |                                                          ^
kernel/font.c:78:58: note: (near initialization for ‘font8x16[579]’)
kernel/font.c:78:60: warning: excess elements in scalar initializer
   78 |     /* 0x63 'c' */ {0,0,0,0,0x3C,0x66,0x60,0x66,0x3C,0,0,0,0,0,0,0},
      |                                                            ^
kernel/font.c:78:60: note: (near initialization for ‘font8x16[579]’)
kernel/font.c:78:62: warning: excess elements in scalar initializer
   78 |     /* 0x63 'c' */ {0,0,0,0,0x3C,0x66,0x60,0x66,0x3C,0,0,0,0,0,0,0},
      |                                                              ^
kernel/font.c:78:62: note: (near initialization for ‘font8x16[579]’)
kernel/font.c:78:64: warning: excess elements in scalar initializer
   78 |     /* 0x63 'c' */ {0,0,0,0,0x3C,0x66,0x60,0x66,0x3C,0,0,0,0,0,0,0},
      |                                                                ^
kernel/font.c:78:64: note: (near initialization for ‘font8x16[579]’)
kernel/font.c:78:66: warning: excess elements in scalar initializer
   78 |     /* 0x63 'c' */ {0,0,0,0,0x3C,0x66,0x60,0x66,0x3C,0,0,0,0,0,0,0},
      |                                                                  ^
kernel/font.c:78:66: note: (near initialization for ‘font8x16[579]’)
kernel/font.c:79:20: warning: braces around scalar initializer
   79 |     /* 0x64 'd' */ {0,0,0x06,0x06,0x3E,0x66,0x66,0x66,0x3B,0,0,0,0,0,0,0},
      |                    ^
kernel/font.c:79:20: note: (near initialization for ‘font8x16[580]’)
kernel/font.c:79:23: warning: excess elements in scalar initializer
   79 |     /* 0x64 'd' */ {0,0,0x06,0x06,0x3E,0x66,0x66,0x66,0x3B,0,0,0,0,0,0,0},
      |                       ^
kernel/font.c:79:23: note: (near initialization for ‘font8x16[580]’)
kernel/font.c:79:25: warning: excess elements in scalar initializer
   79 |     /* 0x64 'd' */ {0,0,0x06,0x06,0x3E,0x66,0x66,0x66,0x3B,0,0,0,0,0,0,0},
      |                         ^~~~
kernel/font.c:79:25: note: (near initialization for ‘font8x16[580]’)
kernel/font.c:79:30: warning: excess elements in scalar initializer
   79 |     /* 0x64 'd' */ {0,0,0x06,0x06,0x3E,0x66,0x66,0x66,0x3B,0,0,0,0,0,0,0},
      |                              ^~~~
kernel/font.c:79:30: note: (near initialization for ‘font8x16[580]’)
kernel/font.c:79:35: warning: excess elements in scalar initializer
   79 |     /* 0x64 'd' */ {0,0,0x06,0x06,0x3E,0x66,0x66,0x66,0x3B,0,0,0,0,0,0,0},
      |                                   ^~~~
kernel/font.c:79:35: note: (near initialization for ‘font8x16[580]’)
kernel/font.c:79:40: warning: excess elements in scalar initializer
   79 |     /* 0x64 'd' */ {0,0,0x06,0x06,0x3E,0x66,0x66,0x66,0x3B,0,0,0,0,0,0,0},
      |                                        ^~~~
kernel/font.c:79:40: note: (near initialization for ‘font8x16[580]’)
kernel/font.c:79:45: warning: excess elements in scalar initializer
   79 |     /* 0x64 'd' */ {0,0,0x06,0x06,0x3E,0x66,0x66,0x66,0x3B,0,0,0,0,0,0,0},
      |                                             ^~~~
kernel/font.c:79:45: note: (near initialization for ‘font8x16[580]’)
kernel/font.c:79:50: warning: excess elements in scalar initializer
   79 |     /* 0x64 'd' */ {0,0,0x06,0x06,0x3E,0x66,0x66,0x66,0x3B,0,0,0,0,0,0,0},
      |                                                  ^~~~
kernel/font.c:79:50: note: (near initialization for ‘font8x16[580]’)
kernel/font.c:79:55: warning: excess elements in scalar initializer
   79 |     /* 0x64 'd' */ {0,0,0x06,0x06,0x3E,0x66,0x66,0x66,0x3B,0,0,0,0,0,0,0},
      |                                                       ^~~~
kernel/font.c:79:55: note: (near initialization for ‘font8x16[580]’)
kernel/font.c:79:60: warning: excess elements in scalar initializer
   79 |     /* 0x64 'd' */ {0,0,0x06,0x06,0x3E,0x66,0x66,0x66,0x3B,0,0,0,0,0,0,0},
      |                                                            ^
kernel/font.c:79:60: note: (near initialization for ‘font8x16[580]’)
kernel/font.c:79:62: warning: excess elements in scalar initializer
   79 |     /* 0x64 'd' */ {0,0,0x06,0x06,0x3E,0x66,0x66,0x66,0x3B,0,0,0,0,0,0,0},
      |                                                              ^
kernel/font.c:79:62: note: (near initialization for ‘font8x16[580]’)
kernel/font.c:79:64: warning: excess elements in scalar initializer
   79 |     /* 0x64 'd' */ {0,0,0x06,0x06,0x3E,0x66,0x66,0x66,0x3B,0,0,0,0,0,0,0},
      |                                                                ^
kernel/font.c:79:64: note: (near initialization for ‘font8x16[580]’)
kernel/font.c:79:66: warning: excess elements in scalar initializer
   79 |     /* 0x64 'd' */ {0,0,0x06,0x06,0x3E,0x66,0x66,0x66,0x3B,0,0,0,0,0,0,0},
      |                                                                  ^
kernel/font.c:79:66: note: (near initialization for ‘font8x16[580]’)
kernel/font.c:79:68: warning: excess elements in scalar initializer
   79 |     /* 0x64 'd' */ {0,0,0x06,0x06,0x3E,0x66,0x66,0x66,0x3B,0,0,0,0,0,0,0},
      |                                                                    ^
kernel/font.c:79:68: note: (near initialization for ‘font8x16[580]’)
kernel/font.c:79:70: warning: excess elements in scalar initializer
   79 |     /* 0x64 'd' */ {0,0,0x06,0x06,0x3E,0x66,0x66,0x66,0x3B,0,0,0,0,0,0,0},
      |                                                                      ^
kernel/font.c:79:70: note: (near initialization for ‘font8x16[580]’)
kernel/font.c:79:72: warning: excess elements in scalar initializer
   79 |     /* 0x64 'd' */ {0,0,0x06,0x06,0x3E,0x66,0x66,0x66,0x3B,0,0,0,0,0,0,0},
      |                                                                        ^
kernel/font.c:79:72: note: (near initialization for ‘font8x16[580]’)
kernel/font.c:80:20: warning: braces around scalar initializer
   80 |     /* 0x65 'e' */ {0,0,0,0,0x3C,0x66,0x7E,0x60,0x3C,0,0,0,0,0,0,0},
      |                    ^
kernel/font.c:80:20: note: (near initialization for ‘font8x16[581]’)
kernel/font.c:80:23: warning: excess elements in scalar initializer
   80 |     /* 0x65 'e' */ {0,0,0,0,0x3C,0x66,0x7E,0x60,0x3C,0,0,0,0,0,0,0},
      |                       ^
kernel/font.c:80:23: note: (near initialization for ‘font8x16[581]’)
kernel/font.c:80:25: warning: excess elements in scalar initializer
   80 |     /* 0x65 'e' */ {0,0,0,0,0x3C,0x66,0x7E,0x60,0x3C,0,0,0,0,0,0,0},
      |                         ^
kernel/font.c:80:25: note: (near initialization for ‘font8x16[581]’)
kernel/font.c:80:27: warning: excess elements in scalar initializer
   80 |     /* 0x65 'e' */ {0,0,0,0,0x3C,0x66,0x7E,0x60,0x3C,0,0,0,0,0,0,0},
      |                           ^
kernel/font.c:80:27: note: (near initialization for ‘font8x16[581]’)
kernel/font.c:80:29: warning: excess elements in scalar initializer
   80 |     /* 0x65 'e' */ {0,0,0,0,0x3C,0x66,0x7E,0x60,0x3C,0,0,0,0,0,0,0},
      |                             ^~~~
kernel/font.c:80:29: note: (near initialization for ‘font8x16[581]’)
kernel/font.c:80:34: warning: excess elements in scalar initializer
   80 |     /* 0x65 'e' */ {0,0,0,0,0x3C,0x66,0x7E,0x60,0x3C,0,0,0,0,0,0,0},
      |                                  ^~~~
kernel/font.c:80:34: note: (near initialization for ‘font8x16[581]’)
kernel/font.c:80:39: warning: excess elements in scalar initializer
   80 |     /* 0x65 'e' */ {0,0,0,0,0x3C,0x66,0x7E,0x60,0x3C,0,0,0,0,0,0,0},
      |                                       ^~~~
kernel/font.c:80:39: note: (near initialization for ‘font8x16[581]’)
kernel/font.c:80:44: warning: excess elements in scalar initializer
   80 |     /* 0x65 'e' */ {0,0,0,0,0x3C,0x66,0x7E,0x60,0x3C,0,0,0,0,0,0,0},
      |                                            ^~~~
kernel/font.c:80:44: note: (near initialization for ‘font8x16[581]’)
kernel/font.c:80:49: warning: excess elements in scalar initializer
   80 |     /* 0x65 'e' */ {0,0,0,0,0x3C,0x66,0x7E,0x60,0x3C,0,0,0,0,0,0,0},
      |                                                 ^~~~
kernel/font.c:80:49: note: (near initialization for ‘font8x16[581]’)
kernel/font.c:80:54: warning: excess elements in scalar initializer
   80 |     /* 0x65 'e' */ {0,0,0,0,0x3C,0x66,0x7E,0x60,0x3C,0,0,0,0,0,0,0},
      |                                                      ^
kernel/font.c:80:54: note: (near initialization for ‘font8x16[581]’)
kernel/font.c:80:56: warning: excess elements in scalar initializer
   80 |     /* 0x65 'e' */ {0,0,0,0,0x3C,0x66,0x7E,0x60,0x3C,0,0,0,0,0,0,0},
      |                                                        ^
kernel/font.c:80:56: note: (near initialization for ‘font8x16[581]’)
kernel/font.c:80:58: warning: excess elements in scalar initializer
   80 |     /* 0x65 'e' */ {0,0,0,0,0x3C,0x66,0x7E,0x60,0x3C,0,0,0,0,0,0,0},
      |                                                          ^
kernel/font.c:80:58: note: (near initialization for ‘font8x16[581]’)
kernel/font.c:80:60: warning: excess elements in scalar initializer
   80 |     /* 0x65 'e' */ {0,0,0,0,0x3C,0x66,0x7E,0x60,0x3C,0,0,0,0,0,0,0},
      |                                                            ^
kernel/font.c:80:60: note: (near initialization for ‘font8x16[581]’)
kernel/font.c:80:62: warning: excess elements in scalar initializer
   80 |     /* 0x65 'e' */ {0,0,0,0,0x3C,0x66,0x7E,0x60,0x3C,0,0,0,0,0,0,0},
      |                                                              ^
kernel/font.c:80:62: note: (near initialization for ‘font8x16[581]’)
kernel/font.c:80:64: warning: excess elements in scalar initializer
   80 |     /* 0x65 'e' */ {0,0,0,0,0x3C,0x66,0x7E,0x60,0x3C,0,0,0,0,0,0,0},
      |                                                                ^
kernel/font.c:80:64: note: (near initialization for ‘font8x16[581]’)
kernel/font.c:80:66: warning: excess elements in scalar initializer
   80 |     /* 0x65 'e' */ {0,0,0,0,0x3C,0x66,0x7E,0x60,0x3C,0,0,0,0,0,0,0},
      |                                                                  ^
kernel/font.c:80:66: note: (near initialization for ‘font8x16[581]’)
kernel/font.c:81:20: warning: braces around scalar initializer
   81 |     /* 0x66 'f' */ {0,0,0x1C,0x30,0x7C,0x30,0x30,0x30,0x30,0,0,0,0,0,0,0},
      |                    ^
kernel/font.c:81:20: note: (near initialization for ‘font8x16[582]’)
kernel/font.c:81:23: warning: excess elements in scalar initializer
   81 |     /* 0x66 'f' */ {0,0,0x1C,0x30,0x7C,0x30,0x30,0x30,0x30,0,0,0,0,0,0,0},
      |                       ^
kernel/font.c:81:23: note: (near initialization for ‘font8x16[582]’)
kernel/font.c:81:25: warning: excess elements in scalar initializer
   81 |     /* 0x66 'f' */ {0,0,0x1C,0x30,0x7C,0x30,0x30,0x30,0x30,0,0,0,0,0,0,0},
      |                         ^~~~
kernel/font.c:81:25: note: (near initialization for ‘font8x16[582]’)
kernel/font.c:81:30: warning: excess elements in scalar initializer
   81 |     /* 0x66 'f' */ {0,0,0x1C,0x30,0x7C,0x30,0x30,0x30,0x30,0,0,0,0,0,0,0},
      |                              ^~~~
kernel/font.c:81:30: note: (near initialization for ‘font8x16[582]’)
kernel/font.c:81:35: warning: excess elements in scalar initializer
   81 |     /* 0x66 'f' */ {0,0,0x1C,0x30,0x7C,0x30,0x30,0x30,0x30,0,0,0,0,0,0,0},
      |                                   ^~~~
kernel/font.c:81:35: note: (near initialization for ‘font8x16[582]’)
kernel/font.c:81:40: warning: excess elements in scalar initializer
   81 |     /* 0x66 'f' */ {0,0,0x1C,0x30,0x7C,0x30,0x30,0x30,0x30,0,0,0,0,0,0,0},
      |                                        ^~~~
kernel/font.c:81:40: note: (near initialization for ‘font8x16[582]’)
kernel/font.c:81:45: warning: excess elements in scalar initializer
   81 |     /* 0x66 'f' */ {0,0,0x1C,0x30,0x7C,0x30,0x30,0x30,0x30,0,0,0,0,0,0,0},
      |                                             ^~~~
kernel/font.c:81:45: note: (near initialization for ‘font8x16[582]’)
kernel/font.c:81:50: warning: excess elements in scalar initializer
   81 |     /* 0x66 'f' */ {0,0,0x1C,0x30,0x7C,0x30,0x30,0x30,0x30,0,0,0,0,0,0,0},
      |                                                  ^~~~
kernel/font.c:81:50: note: (near initialization for ‘font8x16[582]’)
kernel/font.c:81:55: warning: excess elements in scalar initializer
   81 |     /* 0x66 'f' */ {0,0,0x1C,0x30,0x7C,0x30,0x30,0x30,0x30,0,0,0,0,0,0,0},
      |                                                       ^~~~
kernel/font.c:81:55: note: (near initialization for ‘font8x16[582]’)
kernel/font.c:81:60: warning: excess elements in scalar initializer
   81 |     /* 0x66 'f' */ {0,0,0x1C,0x30,0x7C,0x30,0x30,0x30,0x30,0,0,0,0,0,0,0},
      |                                                            ^
kernel/font.c:81:60: note: (near initialization for ‘font8x16[582]’)
kernel/font.c:81:62: warning: excess elements in scalar initializer
   81 |     /* 0x66 'f' */ {0,0,0x1C,0x30,0x7C,0x30,0x30,0x30,0x30,0,0,0,0,0,0,0},
      |                                                              ^
kernel/font.c:81:62: note: (near initialization for ‘font8x16[582]’)
kernel/font.c:81:64: warning: excess elements in scalar initializer
   81 |     /* 0x66 'f' */ {0,0,0x1C,0x30,0x7C,0x30,0x30,0x30,0x30,0,0,0,0,0,0,0},
      |                                                                ^
kernel/font.c:81:64: note: (near initialization for ‘font8x16[582]’)
kernel/font.c:81:66: warning: excess elements in scalar initializer
   81 |     /* 0x66 'f' */ {0,0,0x1C,0x30,0x7C,0x30,0x30,0x30,0x30,0,0,0,0,0,0,0},
      |                                                                  ^
kernel/font.c:81:66: note: (near initialization for ‘font8x16[582]’)
kernel/font.c:81:68: warning: excess elements in scalar initializer
   81 |     /* 0x66 'f' */ {0,0,0x1C,0x30,0x7C,0x30,0x30,0x30,0x30,0,0,0,0,0,0,0},
      |                                                                    ^
kernel/font.c:81:68: note: (near initialization for ‘font8x16[582]’)
kernel/font.c:81:70: warning: excess elements in scalar initializer
   81 |     /* 0x66 'f' */ {0,0,0x1C,0x30,0x7C,0x30,0x30,0x30,0x30,0,0,0,0,0,0,0},
      |                                                                      ^
kernel/font.c:81:70: note: (near initialization for ‘font8x16[582]’)
kernel/font.c:81:72: warning: excess elements in scalar initializer
   81 |     /* 0x66 'f' */ {0,0,0x1C,0x30,0x7C,0x30,0x30,0x30,0x30,0,0,0,0,0,0,0},
      |                                                                        ^
kernel/font.c:81:72: note: (near initialization for ‘font8x16[582]’)
kernel/font.c:82:20: warning: braces around scalar initializer
   82 |     /* 0x67 'g' */ {0,0,0,0,0x3B,0x66,0x66,0x3E,0x06,0x66,0x3C,0,0,0,0,0},
      |                    ^
kernel/font.c:82:20: note: (near initialization for ‘font8x16[583]’)
kernel/font.c:82:23: warning: excess elements in scalar initializer
   82 |     /* 0x67 'g' */ {0,0,0,0,0x3B,0x66,0x66,0x3E,0x06,0x66,0x3C,0,0,0,0,0},
      |                       ^
kernel/font.c:82:23: note: (near initialization for ‘font8x16[583]’)
kernel/font.c:82:25: warning: excess elements in scalar initializer
   82 |     /* 0x67 'g' */ {0,0,0,0,0x3B,0x66,0x66,0x3E,0x06,0x66,0x3C,0,0,0,0,0},
      |                         ^
kernel/font.c:82:25: note: (near initialization for ‘font8x16[583]’)
kernel/font.c:82:27: warning: excess elements in scalar initializer
   82 |     /* 0x67 'g' */ {0,0,0,0,0x3B,0x66,0x66,0x3E,0x06,0x66,0x3C,0,0,0,0,0},
      |                           ^
kernel/font.c:82:27: note: (near initialization for ‘font8x16[583]’)
kernel/font.c:82:29: warning: excess elements in scalar initializer
   82 |     /* 0x67 'g' */ {0,0,0,0,0x3B,0x66,0x66,0x3E,0x06,0x66,0x3C,0,0,0,0,0},
      |                             ^~~~
kernel/font.c:82:29: note: (near initialization for ‘font8x16[583]’)
kernel/font.c:82:34: warning: excess elements in scalar initializer
   82 |     /* 0x67 'g' */ {0,0,0,0,0x3B,0x66,0x66,0x3E,0x06,0x66,0x3C,0,0,0,0,0},
      |                                  ^~~~
kernel/font.c:82:34: note: (near initialization for ‘font8x16[583]’)
kernel/font.c:82:39: warning: excess elements in scalar initializer
   82 |     /* 0x67 'g' */ {0,0,0,0,0x3B,0x66,0x66,0x3E,0x06,0x66,0x3C,0,0,0,0,0},
      |                                       ^~~~
kernel/font.c:82:39: note: (near initialization for ‘font8x16[583]’)
kernel/font.c:82:44: warning: excess elements in scalar initializer
   82 |     /* 0x67 'g' */ {0,0,0,0,0x3B,0x66,0x66,0x3E,0x06,0x66,0x3C,0,0,0,0,0},
      |                                            ^~~~
kernel/font.c:82:44: note: (near initialization for ‘font8x16[583]’)
kernel/font.c:82:49: warning: excess elements in scalar initializer
   82 |     /* 0x67 'g' */ {0,0,0,0,0x3B,0x66,0x66,0x3E,0x06,0x66,0x3C,0,0,0,0,0},
      |                                                 ^~~~
kernel/font.c:82:49: note: (near initialization for ‘font8x16[583]’)
kernel/font.c:82:54: warning: excess elements in scalar initializer
   82 |     /* 0x67 'g' */ {0,0,0,0,0x3B,0x66,0x66,0x3E,0x06,0x66,0x3C,0,0,0,0,0},
      |                                                      ^~~~
kernel/font.c:82:54: note: (near initialization for ‘font8x16[583]’)
kernel/font.c:82:59: warning: excess elements in scalar initializer
   82 |     /* 0x67 'g' */ {0,0,0,0,0x3B,0x66,0x66,0x3E,0x06,0x66,0x3C,0,0,0,0,0},
      |                                                           ^~~~
kernel/font.c:82:59: note: (near initialization for ‘font8x16[583]’)
kernel/font.c:82:64: warning: excess elements in scalar initializer
   82 |     /* 0x67 'g' */ {0,0,0,0,0x3B,0x66,0x66,0x3E,0x06,0x66,0x3C,0,0,0,0,0},
      |                                                                ^
kernel/font.c:82:64: note: (near initialization for ‘font8x16[583]’)
kernel/font.c:82:66: warning: excess elements in scalar initializer
   82 |     /* 0x67 'g' */ {0,0,0,0,0x3B,0x66,0x66,0x3E,0x06,0x66,0x3C,0,0,0,0,0},
      |                                                                  ^
kernel/font.c:82:66: note: (near initialization for ‘font8x16[583]’)
kernel/font.c:82:68: warning: excess elements in scalar initializer
   82 |     /* 0x67 'g' */ {0,0,0,0,0x3B,0x66,0x66,0x3E,0x06,0x66,0x3C,0,0,0,0,0},
      |                                                                    ^
kernel/font.c:82:68: note: (near initialization for ‘font8x16[583]’)
kernel/font.c:82:70: warning: excess elements in scalar initializer
   82 |     /* 0x67 'g' */ {0,0,0,0,0x3B,0x66,0x66,0x3E,0x06,0x66,0x3C,0,0,0,0,0},
      |                                                                      ^
kernel/font.c:82:70: note: (near initialization for ‘font8x16[583]’)
kernel/font.c:82:72: warning: excess elements in scalar initializer
   82 |     /* 0x67 'g' */ {0,0,0,0,0x3B,0x66,0x66,0x3E,0x06,0x66,0x3C,0,0,0,0,0},
      |                                                                        ^
kernel/font.c:82:72: note: (near initialization for ‘font8x16[583]’)
kernel/font.c:83:20: warning: braces around scalar initializer
   83 |     /* 0x68 'h' */ {0,0,0x60,0x60,0x7C,0x66,0x66,0x66,0x66,0,0,0,0,0,0,0},
      |                    ^
kernel/font.c:83:20: note: (near initialization for ‘font8x16[584]’)
kernel/font.c:83:23: warning: excess elements in scalar initializer
   83 |     /* 0x68 'h' */ {0,0,0x60,0x60,0x7C,0x66,0x66,0x66,0x66,0,0,0,0,0,0,0},
      |                       ^
kernel/font.c:83:23: note: (near initialization for ‘font8x16[584]’)
kernel/font.c:83:25: warning: excess elements in scalar initializer
   83 |     /* 0x68 'h' */ {0,0,0x60,0x60,0x7C,0x66,0x66,0x66,0x66,0,0,0,0,0,0,0},
      |                         ^~~~
kernel/font.c:83:25: note: (near initialization for ‘font8x16[584]’)
kernel/font.c:83:30: warning: excess elements in scalar initializer
   83 |     /* 0x68 'h' */ {0,0,0x60,0x60,0x7C,0x66,0x66,0x66,0x66,0,0,0,0,0,0,0},
      |                              ^~~~
kernel/font.c:83:30: note: (near initialization for ‘font8x16[584]’)
kernel/font.c:83:35: warning: excess elements in scalar initializer
   83 |     /* 0x68 'h' */ {0,0,0x60,0x60,0x7C,0x66,0x66,0x66,0x66,0,0,0,0,0,0,0},
      |                                   ^~~~
kernel/font.c:83:35: note: (near initialization for ‘font8x16[584]’)
kernel/font.c:83:40: warning: excess elements in scalar initializer
   83 |     /* 0x68 'h' */ {0,0,0x60,0x60,0x7C,0x66,0x66,0x66,0x66,0,0,0,0,0,0,0},
      |                                        ^~~~
kernel/font.c:83:40: note: (near initialization for ‘font8x16[584]’)
kernel/font.c:83:45: warning: excess elements in scalar initializer
   83 |     /* 0x68 'h' */ {0,0,0x60,0x60,0x7C,0x66,0x66,0x66,0x66,0,0,0,0,0,0,0},
      |                                             ^~~~
kernel/font.c:83:45: note: (near initialization for ‘font8x16[584]’)
kernel/font.c:83:50: warning: excess elements in scalar initializer
   83 |     /* 0x68 'h' */ {0,0,0x60,0x60,0x7C,0x66,0x66,0x66,0x66,0,0,0,0,0,0,0},
      |                                                  ^~~~
kernel/font.c:83:50: note: (near initialization for ‘font8x16[584]’)
kernel/font.c:83:55: warning: excess elements in scalar initializer
   83 |     /* 0x68 'h' */ {0,0,0x60,0x60,0x7C,0x66,0x66,0x66,0x66,0,0,0,0,0,0,0},
      |                                                       ^~~~
kernel/font.c:83:55: note: (near initialization for ‘font8x16[584]’)
kernel/font.c:83:60: warning: excess elements in scalar initializer
   83 |     /* 0x68 'h' */ {0,0,0x60,0x60,0x7C,0x66,0x66,0x66,0x66,0,0,0,0,0,0,0},
      |                                                            ^
kernel/font.c:83:60: note: (near initialization for ‘font8x16[584]’)
kernel/font.c:83:62: warning: excess elements in scalar initializer
   83 |     /* 0x68 'h' */ {0,0,0x60,0x60,0x7C,0x66,0x66,0x66,0x66,0,0,0,0,0,0,0},
      |                                                              ^
kernel/font.c:83:62: note: (near initialization for ‘font8x16[584]’)
kernel/font.c:83:64: warning: excess elements in scalar initializer
   83 |     /* 0x68 'h' */ {0,0,0x60,0x60,0x7C,0x66,0x66,0x66,0x66,0,0,0,0,0,0,0},
      |                                                                ^
kernel/font.c:83:64: note: (near initialization for ‘font8x16[584]’)
kernel/font.c:83:66: warning: excess elements in scalar initializer
   83 |     /* 0x68 'h' */ {0,0,0x60,0x60,0x7C,0x66,0x66,0x66,0x66,0,0,0,0,0,0,0},
      |                                                                  ^
kernel/font.c:83:66: note: (near initialization for ‘font8x16[584]’)
kernel/font.c:83:68: warning: excess elements in scalar initializer
   83 |     /* 0x68 'h' */ {0,0,0x60,0x60,0x7C,0x66,0x66,0x66,0x66,0,0,0,0,0,0,0},
      |                                                                    ^
kernel/font.c:83:68: note: (near initialization for ‘font8x16[584]’)
kernel/font.c:83:70: warning: excess elements in scalar initializer
   83 |     /* 0x68 'h' */ {0,0,0x60,0x60,0x7C,0x66,0x66,0x66,0x66,0,0,0,0,0,0,0},
      |                                                                      ^
kernel/font.c:83:70: note: (near initialization for ‘font8x16[584]’)
kernel/font.c:83:72: warning: excess elements in scalar initializer
   83 |     /* 0x68 'h' */ {0,0,0x60,0x60,0x7C,0x66,0x66,0x66,0x66,0,0,0,0,0,0,0},
      |                                                                        ^
kernel/font.c:83:72: note: (near initialization for ‘font8x16[584]’)
kernel/font.c:84:20: warning: braces around scalar initializer
   84 |     /* 0x69 'i' */ {0,0,0x18,0,0x38,0x18,0x18,0x18,0x3C,0,0,0,0,0,0,0},
      |                    ^
kernel/font.c:84:20: note: (near initialization for ‘font8x16[585]’)
kernel/font.c:84:23: warning: excess elements in scalar initializer
   84 |     /* 0x69 'i' */ {0,0,0x18,0,0x38,0x18,0x18,0x18,0x3C,0,0,0,0,0,0,0},
      |                       ^
kernel/font.c:84:23: note: (near initialization for ‘font8x16[585]’)
kernel/font.c:84:25: warning: excess elements in scalar initializer
   84 |     /* 0x69 'i' */ {0,0,0x18,0,0x38,0x18,0x18,0x18,0x3C,0,0,0,0,0,0,0},
      |                         ^~~~
kernel/font.c:84:25: note: (near initialization for ‘font8x16[585]’)
kernel/font.c:84:30: warning: excess elements in scalar initializer
   84 |     /* 0x69 'i' */ {0,0,0x18,0,0x38,0x18,0x18,0x18,0x3C,0,0,0,0,0,0,0},
      |                              ^
kernel/font.c:84:30: note: (near initialization for ‘font8x16[585]’)
kernel/font.c:84:32: warning: excess elements in scalar initializer
   84 |     /* 0x69 'i' */ {0,0,0x18,0,0x38,0x18,0x18,0x18,0x3C,0,0,0,0,0,0,0},
      |                                ^~~~
kernel/font.c:84:32: note: (near initialization for ‘font8x16[585]’)
kernel/font.c:84:37: warning: excess elements in scalar initializer
   84 |     /* 0x69 'i' */ {0,0,0x18,0,0x38,0x18,0x18,0x18,0x3C,0,0,0,0,0,0,0},
      |                                     ^~~~
kernel/font.c:84:37: note: (near initialization for ‘font8x16[585]’)
kernel/font.c:84:42: warning: excess elements in scalar initializer
   84 |     /* 0x69 'i' */ {0,0,0x18,0,0x38,0x18,0x18,0x18,0x3C,0,0,0,0,0,0,0},
      |                                          ^~~~
kernel/font.c:84:42: note: (near initialization for ‘font8x16[585]’)
kernel/font.c:84:47: warning: excess elements in scalar initializer
   84 |     /* 0x69 'i' */ {0,0,0x18,0,0x38,0x18,0x18,0x18,0x3C,0,0,0,0,0,0,0},
      |                                               ^~~~
kernel/font.c:84:47: note: (near initialization for ‘font8x16[585]’)
kernel/font.c:84:52: warning: excess elements in scalar initializer
   84 |     /* 0x69 'i' */ {0,0,0x18,0,0x38,0x18,0x18,0x18,0x3C,0,0,0,0,0,0,0},
      |                                                    ^~~~
kernel/font.c:84:52: note: (near initialization for ‘font8x16[585]’)
kernel/font.c:84:57: warning: excess elements in scalar initializer
   84 |     /* 0x69 'i' */ {0,0,0x18,0,0x38,0x18,0x18,0x18,0x3C,0,0,0,0,0,0,0},
      |                                                         ^
kernel/font.c:84:57: note: (near initialization for ‘font8x16[585]’)
kernel/font.c:84:59: warning: excess elements in scalar initializer
   84 |     /* 0x69 'i' */ {0,0,0x18,0,0x38,0x18,0x18,0x18,0x3C,0,0,0,0,0,0,0},
      |                                                           ^
kernel/font.c:84:59: note: (near initialization for ‘font8x16[585]’)
kernel/font.c:84:61: warning: excess elements in scalar initializer
   84 |     /* 0x69 'i' */ {0,0,0x18,0,0x38,0x18,0x18,0x18,0x3C,0,0,0,0,0,0,0},
      |                                                             ^
kernel/font.c:84:61: note: (near initialization for ‘font8x16[585]’)
kernel/font.c:84:63: warning: excess elements in scalar initializer
   84 |     /* 0x69 'i' */ {0,0,0x18,0,0x38,0x18,0x18,0x18,0x3C,0,0,0,0,0,0,0},
      |                                                               ^
kernel/font.c:84:63: note: (near initialization for ‘font8x16[585]’)
kernel/font.c:84:65: warning: excess elements in scalar initializer
   84 |     /* 0x69 'i' */ {0,0,0x18,0,0x38,0x18,0x18,0x18,0x3C,0,0,0,0,0,0,0},
      |                                                                 ^
kernel/font.c:84:65: note: (near initialization for ‘font8x16[585]’)
kernel/font.c:84:67: warning: excess elements in scalar initializer
   84 |     /* 0x69 'i' */ {0,0,0x18,0,0x38,0x18,0x18,0x18,0x3C,0,0,0,0,0,0,0},
      |                                                                   ^
kernel/font.c:84:67: note: (near initialization for ‘font8x16[585]’)
kernel/font.c:84:69: warning: excess elements in scalar initializer
   84 |     /* 0x69 'i' */ {0,0,0x18,0,0x38,0x18,0x18,0x18,0x3C,0,0,0,0,0,0,0},
      |                                                                     ^
kernel/font.c:84:69: note: (near initialization for ‘font8x16[585]’)
kernel/font.c:85:20: warning: braces around scalar initializer
   85 |     /* 0x6A 'j' */ {0,0,0x06,0,0x06,0x06,0x06,0x06,0x66,0x3C,0,0,0,0,0,0},
      |                    ^
kernel/font.c:85:20: note: (near initialization for ‘font8x16[586]’)
kernel/font.c:85:23: warning: excess elements in scalar initializer
   85 |     /* 0x6A 'j' */ {0,0,0x06,0,0x06,0x06,0x06,0x06,0x66,0x3C,0,0,0,0,0,0},
      |                       ^
kernel/font.c:85:23: note: (near initialization for ‘font8x16[586]’)
kernel/font.c:85:25: warning: excess elements in scalar initializer
   85 |     /* 0x6A 'j' */ {0,0,0x06,0,0x06,0x06,0x06,0x06,0x66,0x3C,0,0,0,0,0,0},
      |                         ^~~~
kernel/font.c:85:25: note: (near initialization for ‘font8x16[586]’)
kernel/font.c:85:30: warning: excess elements in scalar initializer
   85 |     /* 0x6A 'j' */ {0,0,0x06,0,0x06,0x06,0x06,0x06,0x66,0x3C,0,0,0,0,0,0},
      |                              ^
kernel/font.c:85:30: note: (near initialization for ‘font8x16[586]’)
kernel/font.c:85:32: warning: excess elements in scalar initializer
   85 |     /* 0x6A 'j' */ {0,0,0x06,0,0x06,0x06,0x06,0x06,0x66,0x3C,0,0,0,0,0,0},
      |                                ^~~~
kernel/font.c:85:32: note: (near initialization for ‘font8x16[586]’)
kernel/font.c:85:37: warning: excess elements in scalar initializer
   85 |     /* 0x6A 'j' */ {0,0,0x06,0,0x06,0x06,0x06,0x06,0x66,0x3C,0,0,0,0,0,0},
      |                                     ^~~~
kernel/font.c:85:37: note: (near initialization for ‘font8x16[586]’)
kernel/font.c:85:42: warning: excess elements in scalar initializer
   85 |     /* 0x6A 'j' */ {0,0,0x06,0,0x06,0x06,0x06,0x06,0x66,0x3C,0,0,0,0,0,0},
      |                                          ^~~~
kernel/font.c:85:42: note: (near initialization for ‘font8x16[586]’)
kernel/font.c:85:47: warning: excess elements in scalar initializer
   85 |     /* 0x6A 'j' */ {0,0,0x06,0,0x06,0x06,0x06,0x06,0x66,0x3C,0,0,0,0,0,0},
      |                                               ^~~~
kernel/font.c:85:47: note: (near initialization for ‘font8x16[586]’)
kernel/font.c:85:52: warning: excess elements in scalar initializer
   85 |     /* 0x6A 'j' */ {0,0,0x06,0,0x06,0x06,0x06,0x06,0x66,0x3C,0,0,0,0,0,0},
      |                                                    ^~~~
kernel/font.c:85:52: note: (near initialization for ‘font8x16[586]’)
kernel/font.c:85:57: warning: excess elements in scalar initializer
   85 |     /* 0x6A 'j' */ {0,0,0x06,0,0x06,0x06,0x06,0x06,0x66,0x3C,0,0,0,0,0,0},
      |                                                         ^~~~
kernel/font.c:85:57: note: (near initialization for ‘font8x16[586]’)
kernel/font.c:85:62: warning: excess elements in scalar initializer
   85 |     /* 0x6A 'j' */ {0,0,0x06,0,0x06,0x06,0x06,0x06,0x66,0x3C,0,0,0,0,0,0},
      |                                                              ^
kernel/font.c:85:62: note: (near initialization for ‘font8x16[586]’)
In file included from include/kernel.h:4,
                 from kernel/pty.c:1:
include/types.h:34: warning: "offsetof" redefined
   34 | #define offsetof(type, member) ((size_t)&((type *)0)->member)
      | 
kernel/font.c:85:64: warning: excess elements in scalar initializer
   85 |     /* 0x6A 'j' */ {0,0,0x06,0,0x06,0x06,0x06,0x06,0x66,0x3C,0,0,0,0,0,0},
      |                                                                ^
kernel/font.c:85:64: note: (near initialization for ‘font8x16[586]’)
kernel/font.c:85:66: warning: excess elements in scalar initializer
   85 |     /* 0x6A 'j' */ {0,0,0x06,0,0x06,0x06,0x06,0x06,0x66,0x3C,0,0,0,0,0,0},
      |                                                                  ^
kernel/font.c:85:66: note: (near initialization for ‘font8x16[586]’)
kernel/font.c:85:68: warning: excess elements in scalar initializer
   85 |     /* 0x6A 'j' */ {0,0,0x06,0,0x06,0x06,0x06,0x06,0x66,0x3C,0,0,0,0,0,0},
      |                                                                    ^
kernel/font.c:85:68: note: (near initialization for ‘font8x16[586]’)
In file included from include/types.h:7,
                 from include/kernel.h:4,
                 from kernel/pty.c:1:
/usr/lib/gcc/x86_64-linux-gnu/11/include/stddef.h:406: note: this is the location of the previous definition
  406 | #define offsetof(TYPE, MEMBER) __builtin_offsetof (TYPE, MEMBER)
      | 
kernel/font.c:85:70: warning: excess elements in scalar initializer
   85 |     /* 0x6A 'j' */ {0,0,0x06,0,0x06,0x06,0x06,0x06,0x66,0x3C,0,0,0,0,0,0},
      |                                                                      ^
kernel/font.c:85:70: note: (near initialization for ‘font8x16[586]’)
kernel/font.c:85:72: warning: excess elements in scalar initializer
   85 |     /* 0x6A 'j' */ {0,0,0x06,0,0x06,0x06,0x06,0x06,0x66,0x3C,0,0,0,0,0,0},
      |                                                                        ^
kernel/font.c:85:72: note: (near initialization for ‘font8x16[586]’)
kernel/font.c:86:20: warning: braces around scalar initializer
   86 |     /* 0x6B 'k' */ {0,0,0x60,0x60,0x66,0x6C,0x78,0x6C,0x66,0,0,0,0,0,0,0},
      |                    ^
kernel/font.c:86:20: note: (near initialization for ‘font8x16[587]’)
kernel/font.c:86:23: warning: excess elements in scalar initializer
   86 |     /* 0x6B 'k' */ {0,0,0x60,0x60,0x66,0x6C,0x78,0x6C,0x66,0,0,0,0,0,0,0},
      |                       ^
kernel/font.c:86:23: note: (near initialization for ‘font8x16[587]’)
kernel/font.c:86:25: warning: excess elements in scalar initializer
   86 |     /* 0x6B 'k' */ {0,0,0x60,0x60,0x66,0x6C,0x78,0x6C,0x66,0,0,0,0,0,0,0},
      |                         ^~~~
kernel/font.c:86:25: note: (near initialization for ‘font8x16[587]’)
kernel/font.c:86:30: warning: excess elements in scalar initializer
   86 |     /* 0x6B 'k' */ {0,0,0x60,0x60,0x66,0x6C,0x78,0x6C,0x66,0,0,0,0,0,0,0},
      |                              ^~~~
kernel/font.c:86:30: note: (near initialization for ‘font8x16[587]’)
kernel/font.c:86:35: warning: excess elements in scalar initializer
   86 |     /* 0x6B 'k' */ {0,0,0x60,0x60,0x66,0x6C,0x78,0x6C,0x66,0,0,0,0,0,0,0},
      |                                   ^~~~
kernel/font.c:86:35: note: (near initialization for ‘font8x16[587]’)
kernel/font.c:86:40: warning: excess elements in scalar initializer
   86 |     /* 0x6B 'k' */ {0,0,0x60,0x60,0x66,0x6C,0x78,0x6C,0x66,0,0,0,0,0,0,0},
      |                                        ^~~~
kernel/font.c:86:40: note: (near initialization for ‘font8x16[587]’)
kernel/font.c:86:45: warning: excess elements in scalar initializer
   86 |     /* 0x6B 'k' */ {0,0,0x60,0x60,0x66,0x6C,0x78,0x6C,0x66,0,0,0,0,0,0,0},
      |                                             ^~~~
kernel/font.c:86:45: note: (near initialization for ‘font8x16[587]’)
kernel/font.c:86:50: warning: excess elements in scalar initializer
   86 |     /* 0x6B 'k' */ {0,0,0x60,0x60,0x66,0x6C,0x78,0x6C,0x66,0,0,0,0,0,0,0},
      |                                                  ^~~~
kernel/font.c:86:50: note: (near initialization for ‘font8x16[587]’)
kernel/font.c:86:55: warning: excess elements in scalar initializer
   86 |     /* 0x6B 'k' */ {0,0,0x60,0x60,0x66,0x6C,0x78,0x6C,0x66,0,0,0,0,0,0,0},
      |                                                       ^~~~
kernel/font.c:86:55: note: (near initialization for ‘font8x16[587]’)
kernel/font.c:86:60: warning: excess elements in scalar initializer
   86 |     /* 0x6B 'k' */ {0,0,0x60,0x60,0x66,0x6C,0x78,0x6C,0x66,0,0,0,0,0,0,0},
      |                                                            ^
kernel/font.c:86:60: note: (near initialization for ‘font8x16[587]’)
kernel/font.c:86:62: warning: excess elements in scalar initializer
   86 |     /* 0x6B 'k' */ {0,0,0x60,0x60,0x66,0x6C,0x78,0x6C,0x66,0,0,0,0,0,0,0},
      |                                                              ^
kernel/font.c:86:62: note: (near initialization for ‘font8x16[587]’)
kernel/font.c:86:64: warning: excess elements in scalar initializer
   86 |     /* 0x6B 'k' */ {0,0,0x60,0x60,0x66,0x6C,0x78,0x6C,0x66,0,0,0,0,0,0,0},
      |                                                                ^
kernel/font.c:86:64: note: (near initialization for ‘font8x16[587]’)
kernel/font.c:86:66: warning: excess elements in scalar initializer
   86 |     /* 0x6B 'k' */ {0,0,0x60,0x60,0x66,0x6C,0x78,0x6C,0x66,0,0,0,0,0,0,0},
      |                                                                  ^
kernel/font.c:86:66: note: (near initialization for ‘font8x16[587]’)
kernel/font.c:86:68: warning: excess elements in scalar initializer
   86 |     /* 0x6B 'k' */ {0,0,0x60,0x60,0x66,0x6C,0x78,0x6C,0x66,0,0,0,0,0,0,0},
      |                                                                    ^
kernel/font.c:86:68: note: (near initialization for ‘font8x16[587]’)
kernel/font.c:86:70: warning: excess elements in scalar initializer
   86 |     /* 0x6B 'k' */ {0,0,0x60,0x60,0x66,0x6C,0x78,0x6C,0x66,0,0,0,0,0,0,0},
      |                                                                      ^
kernel/font.c:86:70: note: (near initialization for ‘font8x16[587]’)
kernel/font.c:86:72: warning: excess elements in scalar initializer
   86 |     /* 0x6B 'k' */ {0,0,0x60,0x60,0x66,0x6C,0x78,0x6C,0x66,0,0,0,0,0,0,0},
      |                                                                        ^
kernel/font.c:86:72: note: (near initialization for ‘font8x16[587]’)
kernel/font.c:87:20: warning: braces around scalar initializer
   87 |     /* 0x6C 'l' */ {0,0,0x38,0x18,0x18,0x18,0x18,0x18,0x3C,0,0,0,0,0,0,0},
      |                    ^
kernel/font.c:87:20: note: (near initialization for ‘font8x16[588]’)
kernel/font.c:87:23: warning: excess elements in scalar initializer
   87 |     /* 0x6C 'l' */ {0,0,0x38,0x18,0x18,0x18,0x18,0x18,0x3C,0,0,0,0,0,0,0},
      |                       ^
kernel/font.c:87:23: note: (near initialization for ‘font8x16[588]’)
kernel/font.c:87:25: warning: excess elements in scalar initializer
   87 |     /* 0x6C 'l' */ {0,0,0x38,0x18,0x18,0x18,0x18,0x18,0x3C,0,0,0,0,0,0,0},
      |                         ^~~~
kernel/font.c:87:25: note: (near initialization for ‘font8x16[588]’)
kernel/font.c:87:30: warning: excess elements in scalar initializer
   87 |     /* 0x6C 'l' */ {0,0,0x38,0x18,0x18,0x18,0x18,0x18,0x3C,0,0,0,0,0,0,0},
      |                              ^~~~
kernel/font.c:87:30: note: (near initialization for ‘font8x16[588]’)
kernel/font.c:87:35: warning: excess elements in scalar initializer
   87 |     /* 0x6C 'l' */ {0,0,0x38,0x18,0x18,0x18,0x18,0x18,0x3C,0,0,0,0,0,0,0},
      |                                   ^~~~
kernel/font.c:87:35: note: (near initialization for ‘font8x16[588]’)
kernel/font.c:87:40: warning: excess elements in scalar initializer
   87 |     /* 0x6C 'l' */ {0,0,0x38,0x18,0x18,0x18,0x18,0x18,0x3C,0,0,0,0,0,0,0},
      |                                        ^~~~
kernel/font.c:87:40: note: (near initialization for ‘font8x16[588]’)
kernel/font.c:87:45: warning: excess elements in scalar initializer
   87 |     /* 0x6C 'l' */ {0,0,0x38,0x18,0x18,0x18,0x18,0x18,0x3C,0,0,0,0,0,0,0},
      |                                             ^~~~
kernel/font.c:87:45: note: (near initialization for ‘font8x16[588]’)
kernel/font.c:87:50: warning: excess elements in scalar initializer
   87 |     /* 0x6C 'l' */ {0,0,0x38,0x18,0x18,0x18,0x18,0x18,0x3C,0,0,0,0,0,0,0},
      |                                                  ^~~~
kernel/font.c:87:50: note: (near initialization for ‘font8x16[588]’)
kernel/font.c:87:55: warning: excess elements in scalar initializer
   87 |     /* 0x6C 'l' */ {0,0,0x38,0x18,0x18,0x18,0x18,0x18,0x3C,0,0,0,0,0,0,0},
      |                                                       ^~~~
kernel/font.c:87:55: note: (near initialization for ‘font8x16[588]’)
kernel/font.c:87:60: warning: excess elements in scalar initializer
   87 |     /* 0x6C 'l' */ {0,0,0x38,0x18,0x18,0x18,0x18,0x18,0x3C,0,0,0,0,0,0,0},
      |                                                            ^
kernel/font.c:87:60: note: (near initialization for ‘font8x16[588]’)
kernel/font.c:87:62: warning: excess elements in scalar initializer
   87 |     /* 0x6C 'l' */ {0,0,0x38,0x18,0x18,0x18,0x18,0x18,0x3C,0,0,0,0,0,0,0},
      |                                                              ^
kernel/font.c:87:62: note: (near initialization for ‘font8x16[588]’)
kernel/font.c:87:64: warning: excess elements in scalar initializer
   87 |     /* 0x6C 'l' */ {0,0,0x38,0x18,0x18,0x18,0x18,0x18,0x3C,0,0,0,0,0,0,0},
      |                                                                ^
kernel/font.c:87:64: note: (near initialization for ‘font8x16[588]’)
kernel/font.c:87:66: warning: excess elements in scalar initializer
   87 |     /* 0x6C 'l' */ {0,0,0x38,0x18,0x18,0x18,0x18,0x18,0x3C,0,0,0,0,0,0,0},
      |                                                                  ^
kernel/font.c:87:66: note: (near initialization for ‘font8x16[588]’)
kernel/font.c:87:68: warning: excess elements in scalar initializer
   87 |     /* 0x6C 'l' */ {0,0,0x38,0x18,0x18,0x18,0x18,0x18,0x3C,0,0,0,0,0,0,0},
      |                                                                    ^
kernel/font.c:87:68: note: (near initialization for ‘font8x16[588]’)
kernel/font.c:87:70: warning: excess elements in scalar initializer
   87 |     /* 0x6C 'l' */ {0,0,0x38,0x18,0x18,0x18,0x18,0x18,0x3C,0,0,0,0,0,0,0},
      |                                                                      ^
kernel/font.c:87:70: note: (near initialization for ‘font8x16[588]’)
kernel/font.c:87:72: warning: excess elements in scalar initializer
   87 |     /* 0x6C 'l' */ {0,0,0x38,0x18,0x18,0x18,0x18,0x18,0x3C,0,0,0,0,0,0,0},
      |                                                                        ^
kernel/font.c:87:72: note: (near initialization for ‘font8x16[588]’)
kernel/font.c:88:20: warning: braces around scalar initializer
   88 |     /* 0x6D 'm' */ {0,0,0,0,0x66,0x7F,0x7F,0x6B,0x63,0,0,0,0,0,0,0},
      |                    ^
kernel/font.c:88:20: note: (near initialization for ‘font8x16[589]’)
kernel/font.c:88:23: warning: excess elements in scalar initializer
   88 |     /* 0x6D 'm' */ {0,0,0,0,0x66,0x7F,0x7F,0x6B,0x63,0,0,0,0,0,0,0},
      |                       ^
kernel/font.c:88:23: note: (near initialization for ‘font8x16[589]’)
kernel/font.c:88:25: warning: excess elements in scalar initializer
   88 |     /* 0x6D 'm' */ {0,0,0,0,0x66,0x7F,0x7F,0x6B,0x63,0,0,0,0,0,0,0},
      |                         ^
kernel/font.c:88:25: note: (near initialization for ‘font8x16[589]’)
kernel/font.c:88:27: warning: excess elements in scalar initializer
   88 |     /* 0x6D 'm' */ {0,0,0,0,0x66,0x7F,0x7F,0x6B,0x63,0,0,0,0,0,0,0},
      |                           ^
kernel/font.c:88:27: note: (near initialization for ‘font8x16[589]’)
kernel/font.c:88:29: warning: excess elements in scalar initializer
   88 |     /* 0x6D 'm' */ {0,0,0,0,0x66,0x7F,0x7F,0x6B,0x63,0,0,0,0,0,0,0},
      |                             ^~~~
kernel/font.c:88:29: note: (near initialization for ‘font8x16[589]’)
kernel/font.c:88:34: warning: excess elements in scalar initializer
   88 |     /* 0x6D 'm' */ {0,0,0,0,0x66,0x7F,0x7F,0x6B,0x63,0,0,0,0,0,0,0},
      |                                  ^~~~
kernel/font.c:88:34: note: (near initialization for ‘font8x16[589]’)
kernel/font.c:88:39: warning: excess elements in scalar initializer
   88 |     /* 0x6D 'm' */ {0,0,0,0,0x66,0x7F,0x7F,0x6B,0x63,0,0,0,0,0,0,0},
      |                                       ^~~~
kernel/font.c:88:39: note: (near initialization for ‘font8x16[589]’)
kernel/font.c:88:44: warning: excess elements in scalar initializer
   88 |     /* 0x6D 'm' */ {0,0,0,0,0x66,0x7F,0x7F,0x6B,0x63,0,0,0,0,0,0,0},
      |                                            ^~~~
kernel/font.c:88:44: note: (near initialization for ‘font8x16[589]’)
kernel/font.c:88:49: warning: excess elements in scalar initializer
   88 |     /* 0x6D 'm' */ {0,0,0,0,0x66,0x7F,0x7F,0x6B,0x63,0,0,0,0,0,0,0},
      |                                                 ^~~~
kernel/font.c:88:49: note: (near initialization for ‘font8x16[589]’)
kernel/font.c:88:54: warning: excess elements in scalar initializer
   88 |     /* 0x6D 'm' */ {0,0,0,0,0x66,0x7F,0x7F,0x6B,0x63,0,0,0,0,0,0,0},
      |                                                      ^
kernel/font.c:88:54: note: (near initialization for ‘font8x16[589]’)
kernel/font.c:88:56: warning: excess elements in scalar initializer
   88 |     /* 0x6D 'm' */ {0,0,0,0,0x66,0x7F,0x7F,0x6B,0x63,0,0,0,0,0,0,0},
      |                                                        ^
kernel/font.c:88:56: note: (near initialization for ‘font8x16[589]’)
kernel/font.c:88:58: warning: excess elements in scalar initializer
   88 |     /* 0x6D 'm' */ {0,0,0,0,0x66,0x7F,0x7F,0x6B,0x63,0,0,0,0,0,0,0},
      |                                                          ^
kernel/font.c:88:58: note: (near initialization for ‘font8x16[589]’)
kernel/font.c:88:60: warning: excess elements in scalar initializer
   88 |     /* 0x6D 'm' */ {0,0,0,0,0x66,0x7F,0x7F,0x6B,0x63,0,0,0,0,0,0,0},
      |                                                            ^
kernel/font.c:88:60: note: (near initialization for ‘font8x16[589]’)
kernel/font.c:88:62: warning: excess elements in scalar initializer
   88 |     /* 0x6D 'm' */ {0,0,0,0,0x66,0x7F,0x7F,0x6B,0x63,0,0,0,0,0,0,0},
      |                                                              ^
kernel/font.c:88:62: note: (near initialization for ‘font8x16[589]’)
kernel/font.c:88:64: warning: excess elements in scalar initializer
   88 |     /* 0x6D 'm' */ {0,0,0,0,0x66,0x7F,0x7F,0x6B,0x63,0,0,0,0,0,0,0},
      |                                                                ^
kernel/font.c:88:64: note: (near initialization for ‘font8x16[589]’)
kernel/font.c:88:66: warning: excess elements in scalar initializer
   88 |     /* 0x6D 'm' */ {0,0,0,0,0x66,0x7F,0x7F,0x6B,0x63,0,0,0,0,0,0,0},
      |                                                                  ^
kernel/font.c:88:66: note: (near initialization for ‘font8x16[589]’)
kernel/font.c:89:20: warning: braces around scalar initializer
   89 |     /* 0x6E 'n' */ {0,0,0,0,0x7C,0x66,0x66,0x66,0x66,0,0,0,0,0,0,0},
      |                    ^
kernel/font.c:89:20: note: (near initialization for ‘font8x16[590]’)
kernel/font.c:89:23: warning: excess elements in scalar initializer
   89 |     /* 0x6E 'n' */ {0,0,0,0,0x7C,0x66,0x66,0x66,0x66,0,0,0,0,0,0,0},
      |                       ^
kernel/font.c:89:23: note: (near initialization for ‘font8x16[590]’)
kernel/font.c:89:25: warning: excess elements in scalar initializer
   89 |     /* 0x6E 'n' */ {0,0,0,0,0x7C,0x66,0x66,0x66,0x66,0,0,0,0,0,0,0},
      |                         ^
kernel/font.c:89:25: note: (near initialization for ‘font8x16[590]’)
kernel/font.c:89:27: warning: excess elements in scalar initializer
   89 |     /* 0x6E 'n' */ {0,0,0,0,0x7C,0x66,0x66,0x66,0x66,0,0,0,0,0,0,0},
      |                           ^
kernel/font.c:89:27: note: (near initialization for ‘font8x16[590]’)
kernel/font.c:89:29: warning: excess elements in scalar initializer
   89 |     /* 0x6E 'n' */ {0,0,0,0,0x7C,0x66,0x66,0x66,0x66,0,0,0,0,0,0,0},
      |                             ^~~~
kernel/font.c:89:29: note: (near initialization for ‘font8x16[590]’)
kernel/font.c:89:34: warning: excess elements in scalar initializer
   89 |     /* 0x6E 'n' */ {0,0,0,0,0x7C,0x66,0x66,0x66,0x66,0,0,0,0,0,0,0},
      |                                  ^~~~
kernel/font.c:89:34: note: (near initialization for ‘font8x16[590]’)
kernel/font.c:89:39: warning: excess elements in scalar initializer
   89 |     /* 0x6E 'n' */ {0,0,0,0,0x7C,0x66,0x66,0x66,0x66,0,0,0,0,0,0,0},
      |                                       ^~~~
kernel/font.c:89:39: note: (near initialization for ‘font8x16[590]’)
kernel/font.c:89:44: warning: excess elements in scalar initializer
   89 |     /* 0x6E 'n' */ {0,0,0,0,0x7C,0x66,0x66,0x66,0x66,0,0,0,0,0,0,0},
      |                                            ^~~~
kernel/font.c:89:44: note: (near initialization for ‘font8x16[590]’)
kernel/font.c:89:49: warning: excess elements in scalar initializer
   89 |     /* 0x6E 'n' */ {0,0,0,0,0x7C,0x66,0x66,0x66,0x66,0,0,0,0,0,0,0},
      |                                                 ^~~~
kernel/font.c:89:49: note: (near initialization for ‘font8x16[590]’)
kernel/font.c:89:54: warning: excess elements in scalar initializer
   89 |     /* 0x6E 'n' */ {0,0,0,0,0x7C,0x66,0x66,0x66,0x66,0,0,0,0,0,0,0},
      |                                                      ^
kernel/font.c:89:54: note: (near initialization for ‘font8x16[590]’)
kernel/font.c:89:56: warning: excess elements in scalar initializer
   89 |     /* 0x6E 'n' */ {0,0,0,0,0x7C,0x66,0x66,0x66,0x66,0,0,0,0,0,0,0},
      |                                                        ^
kernel/font.c:89:56: note: (near initialization for ‘font8x16[590]’)
kernel/font.c:89:58: warning: excess elements in scalar initializer
   89 |     /* 0x6E 'n' */ {0,0,0,0,0x7C,0x66,0x66,0x66,0x66,0,0,0,0,0,0,0},
      |                                                          ^
kernel/font.c:89:58: note: (near initialization for ‘font8x16[590]’)
kernel/font.c:89:60: warning: excess elements in scalar initializer
   89 |     /* 0x6E 'n' */ {0,0,0,0,0x7C,0x66,0x66,0x66,0x66,0,0,0,0,0,0,0},
      |                                                            ^
kernel/font.c:89:60: note: (near initialization for ‘font8x16[590]’)
kernel/font.c:89:62: warning: excess elements in scalar initializer
   89 |     /* 0x6E 'n' */ {0,0,0,0,0x7C,0x66,0x66,0x66,0x66,0,0,0,0,0,0,0},
      |                                                              ^
kernel/font.c:89:62: note: (near initialization for ‘font8x16[590]’)
kernel/font.c:89:64: warning: excess elements in scalar initializer
   89 |     /* 0x6E 'n' */ {0,0,0,0,0x7C,0x66,0x66,0x66,0x66,0,0,0,0,0,0,0},
      |                                                                ^
kernel/font.c:89:64: note: (near initialization for ‘font8x16[590]’)
kernel/font.c:89:66: warning: excess elements in scalar initializer
   89 |     /* 0x6E 'n' */ {0,0,0,0,0x7C,0x66,0x66,0x66,0x66,0,0,0,0,0,0,0},
      |                                                                  ^
kernel/font.c:89:66: note: (near initialization for ‘font8x16[590]’)
kernel/font.c:90:20: warning: braces around scalar initializer
   90 |     /* 0x6F 'o' */ {0,0,0,0,0x3C,0x66,0x66,0x66,0x3C,0,0,0,0,0,0,0},
      |                    ^
kernel/font.c:90:20: note: (near initialization for ‘font8x16[591]’)
kernel/font.c:90:23: warning: excess elements in scalar initializer
   90 |     /* 0x6F 'o' */ {0,0,0,0,0x3C,0x66,0x66,0x66,0x3C,0,0,0,0,0,0,0},
      |                       ^
kernel/font.c:90:23: note: (near initialization for ‘font8x16[591]’)
kernel/font.c:90:25: warning: excess elements in scalar initializer
   90 |     /* 0x6F 'o' */ {0,0,0,0,0x3C,0x66,0x66,0x66,0x3C,0,0,0,0,0,0,0},
      |                         ^
kernel/font.c:90:25: note: (near initialization for ‘font8x16[591]’)
kernel/font.c:90:27: warning: excess elements in scalar initializer
   90 |     /* 0x6F 'o' */ {0,0,0,0,0x3C,0x66,0x66,0x66,0x3C,0,0,0,0,0,0,0},
      |                           ^
kernel/font.c:90:27: note: (near initialization for ‘font8x16[591]’)
kernel/font.c:90:29: warning: excess elements in scalar initializer
   90 |     /* 0x6F 'o' */ {0,0,0,0,0x3C,0x66,0x66,0x66,0x3C,0,0,0,0,0,0,0},
      |                             ^~~~
kernel/font.c:90:29: note: (near initialization for ‘font8x16[591]’)
kernel/font.c:90:34: warning: excess elements in scalar initializer
   90 |     /* 0x6F 'o' */ {0,0,0,0,0x3C,0x66,0x66,0x66,0x3C,0,0,0,0,0,0,0},
      |                                  ^~~~
kernel/font.c:90:34: note: (near initialization for ‘font8x16[591]’)
kernel/font.c:90:39: warning: excess elements in scalar initializer
   90 |     /* 0x6F 'o' */ {0,0,0,0,0x3C,0x66,0x66,0x66,0x3C,0,0,0,0,0,0,0},
      |                                       ^~~~
kernel/font.c:90:39: note: (near initialization for ‘font8x16[591]’)
kernel/font.c:90:44: warning: excess elements in scalar initializer
   90 |     /* 0x6F 'o' */ {0,0,0,0,0x3C,0x66,0x66,0x66,0x3C,0,0,0,0,0,0,0},
      |                                            ^~~~
kernel/font.c:90:44: note: (near initialization for ‘font8x16[591]’)
kernel/font.c:90:49: warning: excess elements in scalar initializer
   90 |     /* 0x6F 'o' */ {0,0,0,0,0x3C,0x66,0x66,0x66,0x3C,0,0,0,0,0,0,0},
      |                                                 ^~~~
kernel/font.c:90:49: note: (near initialization for ‘font8x16[591]’)
kernel/font.c:90:54: warning: excess elements in scalar initializer
   90 |     /* 0x6F 'o' */ {0,0,0,0,0x3C,0x66,0x66,0x66,0x3C,0,0,0,0,0,0,0},
      |                                                      ^
kernel/font.c:90:54: note: (near initialization for ‘font8x16[591]’)
kernel/font.c:90:56: warning: excess elements in scalar initializer
   90 |     /* 0x6F 'o' */ {0,0,0,0,0x3C,0x66,0x66,0x66,0x3C,0,0,0,0,0,0,0},
      |                                                        ^
kernel/font.c:90:56: note: (near initialization for ‘font8x16[591]’)
kernel/font.c:90:58: warning: excess elements in scalar initializer
   90 |     /* 0x6F 'o' */ {0,0,0,0,0x3C,0x66,0x66,0x66,0x3C,0,0,0,0,0,0,0},
      |                                                          ^
kernel/font.c:90:58: note: (near initialization for ‘font8x16[591]’)
kernel/font.c:90:60: warning: excess elements in scalar initializer
   90 |     /* 0x6F 'o' */ {0,0,0,0,0x3C,0x66,0x66,0x66,0x3C,0,0,0,0,0,0,0},
      |                                                            ^
kernel/font.c:90:60: note: (near initialization for ‘font8x16[591]’)
kernel/font.c:90:62: warning: excess elements in scalar initializer
   90 |     /* 0x6F 'o' */ {0,0,0,0,0x3C,0x66,0x66,0x66,0x3C,0,0,0,0,0,0,0},
      |                                                              ^
kernel/font.c:90:62: note: (near initialization for ‘font8x16[591]’)
kernel/font.c:90:64: warning: excess elements in scalar initializer
   90 |     /* 0x6F 'o' */ {0,0,0,0,0x3C,0x66,0x66,0x66,0x3C,0,0,0,0,0,0,0},
      |                                                                ^
kernel/font.c:90:64: note: (near initialization for ‘font8x16[591]’)
kernel/font.c:90:66: warning: excess elements in scalar initializer
   90 |     /* 0x6F 'o' */ {0,0,0,0,0x3C,0x66,0x66,0x66,0x3C,0,0,0,0,0,0,0},
      |                                                                  ^
kernel/font.c:90:66: note: (near initialization for ‘font8x16[591]’)
kernel/font.c:91:20: warning: braces around scalar initializer
   91 |     /* 0x70 'p' */ {0,0,0,0,0x7C,0x66,0x66,0x7C,0x60,0x60,0x60,0,0,0,0,0},
      |                    ^
kernel/font.c:91:20: note: (near initialization for ‘font8x16[592]’)
kernel/font.c:91:23: warning: excess elements in scalar initializer
   91 |     /* 0x70 'p' */ {0,0,0,0,0x7C,0x66,0x66,0x7C,0x60,0x60,0x60,0,0,0,0,0},
      |                       ^
kernel/font.c:91:23: note: (near initialization for ‘font8x16[592]’)
kernel/font.c:91:25: warning: excess elements in scalar initializer
   91 |     /* 0x70 'p' */ {0,0,0,0,0x7C,0x66,0x66,0x7C,0x60,0x60,0x60,0,0,0,0,0},
      |                         ^
kernel/font.c:91:25: note: (near initialization for ‘font8x16[592]’)
kernel/font.c:91:27: warning: excess elements in scalar initializer
   91 |     /* 0x70 'p' */ {0,0,0,0,0x7C,0x66,0x66,0x7C,0x60,0x60,0x60,0,0,0,0,0},
      |                           ^
kernel/font.c:91:27: note: (near initialization for ‘font8x16[592]’)
kernel/font.c:91:29: warning: excess elements in scalar initializer
   91 |     /* 0x70 'p' */ {0,0,0,0,0x7C,0x66,0x66,0x7C,0x60,0x60,0x60,0,0,0,0,0},
      |                             ^~~~
kernel/font.c:91:29: note: (near initialization for ‘font8x16[592]’)
kernel/font.c:91:34: warning: excess elements in scalar initializer
   91 |     /* 0x70 'p' */ {0,0,0,0,0x7C,0x66,0x66,0x7C,0x60,0x60,0x60,0,0,0,0,0},
      |                                  ^~~~
kernel/font.c:91:34: note: (near initialization for ‘font8x16[592]’)
kernel/font.c:91:39: warning: excess elements in scalar initializer
   91 |     /* 0x70 'p' */ {0,0,0,0,0x7C,0x66,0x66,0x7C,0x60,0x60,0x60,0,0,0,0,0},
      |                                       ^~~~
kernel/font.c:91:39: note: (near initialization for ‘font8x16[592]’)
kernel/font.c:91:44: warning: excess elements in scalar initializer
   91 |     /* 0x70 'p' */ {0,0,0,0,0x7C,0x66,0x66,0x7C,0x60,0x60,0x60,0,0,0,0,0},
      |                                            ^~~~
kernel/font.c:91:44: note: (near initialization for ‘font8x16[592]’)
kernel/font.c:91:49: warning: excess elements in scalar initializer
   91 |     /* 0x70 'p' */ {0,0,0,0,0x7C,0x66,0x66,0x7C,0x60,0x60,0x60,0,0,0,0,0},
      |                                                 ^~~~
kernel/font.c:91:49: note: (near initialization for ‘font8x16[592]’)
kernel/font.c:91:54: warning: excess elements in scalar initializer
   91 |     /* 0x70 'p' */ {0,0,0,0,0x7C,0x66,0x66,0x7C,0x60,0x60,0x60,0,0,0,0,0},
      |                                                      ^~~~
kernel/font.c:91:54: note: (near initialization for ‘font8x16[592]’)
kernel/font.c:91:59: warning: excess elements in scalar initializer
   91 |     /* 0x70 'p' */ {0,0,0,0,0x7C,0x66,0x66,0x7C,0x60,0x60,0x60,0,0,0,0,0},
      |                                                           ^~~~
kernel/font.c:91:59: note: (near initialization for ‘font8x16[592]’)
kernel/font.c:91:64: warning: excess elements in scalar initializer
   91 |     /* 0x70 'p' */ {0,0,0,0,0x7C,0x66,0x66,0x7C,0x60,0x60,0x60,0,0,0,0,0},
      |                                                                ^
kernel/font.c:91:64: note: (near initialization for ‘font8x16[592]’)
kernel/font.c:91:66: warning: excess elements in scalar initializer
   91 |     /* 0x70 'p' */ {0,0,0,0,0x7C,0x66,0x66,0x7C,0x60,0x60,0x60,0,0,0,0,0},
      |                                                                  ^
kernel/font.c:91:66: note: (near initialization for ‘font8x16[592]’)
kernel/font.c:91:68: warning: excess elements in scalar initializer
   91 |     /* 0x70 'p' */ {0,0,0,0,0x7C,0x66,0x66,0x7C,0x60,0x60,0x60,0,0,0,0,0},
      |                                                                    ^
kernel/font.c:91:68: note: (near initialization for ‘font8x16[592]’)
kernel/font.c:91:70: warning: excess elements in scalar initializer
   91 |     /* 0x70 'p' */ {0,0,0,0,0x7C,0x66,0x66,0x7C,0x60,0x60,0x60,0,0,0,0,0},
      |                                                                      ^
kernel/font.c:91:70: note: (near initialization for ‘font8x16[592]’)
kernel/font.c:91:72: warning: excess elements in scalar initializer
   91 |     /* 0x70 'p' */ {0,0,0,0,0x7C,0x66,0x66,0x7C,0x60,0x60,0x60,0,0,0,0,0},
      |                                                                        ^
kernel/font.c:91:72: note: (near initialization for ‘font8x16[592]’)
kernel/font.c:92:20: warning: braces around scalar initializer
   92 |     /* 0x71 'q' */ {0,0,0,0,0x3B,0x66,0x66,0x3E,0x06,0x06,0x06,0,0,0,0,0},
      |                    ^
kernel/font.c:92:20: note: (near initialization for ‘font8x16[593]’)
kernel/font.c:92:23: warning: excess elements in scalar initializer
   92 |     /* 0x71 'q' */ {0,0,0,0,0x3B,0x66,0x66,0x3E,0x06,0x06,0x06,0,0,0,0,0},
      |                       ^
kernel/font.c:92:23: note: (near initialization for ‘font8x16[593]’)
kernel/font.c:92:25: warning: excess elements in scalar initializer
   92 |     /* 0x71 'q' */ {0,0,0,0,0x3B,0x66,0x66,0x3E,0x06,0x06,0x06,0,0,0,0,0},
      |                         ^
kernel/font.c:92:25: note: (near initialization for ‘font8x16[593]’)
kernel/font.c:92:27: warning: excess elements in scalar initializer
   92 |     /* 0x71 'q' */ {0,0,0,0,0x3B,0x66,0x66,0x3E,0x06,0x06,0x06,0,0,0,0,0},
      |                           ^
kernel/font.c:92:27: note: (near initialization for ‘font8x16[593]’)
kernel/font.c:92:29: warning: excess elements in scalar initializer
   92 |     /* 0x71 'q' */ {0,0,0,0,0x3B,0x66,0x66,0x3E,0x06,0x06,0x06,0,0,0,0,0},
      |                             ^~~~
kernel/font.c:92:29: note: (near initialization for ‘font8x16[593]’)
kernel/font.c:92:34: warning: excess elements in scalar initializer
   92 |     /* 0x71 'q' */ {0,0,0,0,0x3B,0x66,0x66,0x3E,0x06,0x06,0x06,0,0,0,0,0},
      |                                  ^~~~
kernel/font.c:92:34: note: (near initialization for ‘font8x16[593]’)
kernel/font.c:92:39: warning: excess elements in scalar initializer
   92 |     /* 0x71 'q' */ {0,0,0,0,0x3B,0x66,0x66,0x3E,0x06,0x06,0x06,0,0,0,0,0},
      |                                       ^~~~
kernel/font.c:92:39: note: (near initialization for ‘font8x16[593]’)
kernel/font.c:92:44: warning: excess elements in scalar initializer
   92 |     /* 0x71 'q' */ {0,0,0,0,0x3B,0x66,0x66,0x3E,0x06,0x06,0x06,0,0,0,0,0},
      |                                            ^~~~
kernel/font.c:92:44: note: (near initialization for ‘font8x16[593]’)
kernel/font.c:92:49: warning: excess elements in scalar initializer
   92 |     /* 0x71 'q' */ {0,0,0,0,0x3B,0x66,0x66,0x3E,0x06,0x06,0x06,0,0,0,0,0},
      |                                                 ^~~~
kernel/font.c:92:49: note: (near initialization for ‘font8x16[593]’)
kernel/font.c:92:54: warning: excess elements in scalar initializer
   92 |     /* 0x71 'q' */ {0,0,0,0,0x3B,0x66,0x66,0x3E,0x06,0x06,0x06,0,0,0,0,0},
      |                                                      ^~~~
kernel/font.c:92:54: note: (near initialization for ‘font8x16[593]’)
kernel/font.c:92:59: warning: excess elements in scalar initializer
   92 |     /* 0x71 'q' */ {0,0,0,0,0x3B,0x66,0x66,0x3E,0x06,0x06,0x06,0,0,0,0,0},
      |                                                           ^~~~
kernel/font.c:92:59: note: (near initialization for ‘font8x16[593]’)
kernel/font.c:92:64: warning: excess elements in scalar initializer
   92 |     /* 0x71 'q' */ {0,0,0,0,0x3B,0x66,0x66,0x3E,0x06,0x06,0x06,0,0,0,0,0},
      |                                                                ^
kernel/font.c:92:64: note: (near initialization for ‘font8x16[593]’)
kernel/font.c:92:66: warning: excess elements in scalar initializer
   92 |     /* 0x71 'q' */ {0,0,0,0,0x3B,0x66,0x66,0x3E,0x06,0x06,0x06,0,0,0,0,0},
      |                                                                  ^
kernel/font.c:92:66: note: (near initialization for ‘font8x16[593]’)
kernel/font.c:92:68: warning: excess elements in scalar initializer
   92 |     /* 0x71 'q' */ {0,0,0,0,0x3B,0x66,0x66,0x3E,0x06,0x06,0x06,0,0,0,0,0},
      |                                                                    ^
kernel/font.c:92:68: note: (near initialization for ‘font8x16[593]’)
kernel/font.c:92:70: warning: excess elements in scalar initializer
   92 |     /* 0x71 'q' */ {0,0,0,0,0x3B,0x66,0x66,0x3E,0x06,0x06,0x06,0,0,0,0,0},
      |                                                                      ^
kernel/font.c:92:70: note: (near initialization for ‘font8x16[593]’)
kernel/font.c:92:72: warning: excess elements in scalar initializer
   92 |     /* 0x71 'q' */ {0,0,0,0,0x3B,0x66,0x66,0x3E,0x06,0x06,0x06,0,0,0,0,0},
      |                                                                        ^
kernel/font.c:92:72: note: (near initialization for ‘font8x16[593]’)
kernel/font.c:93:20: warning: braces around scalar initializer
   93 |     /* 0x72 'r' */ {0,0,0,0,0x7C,0x66,0x60,0x60,0x60,0,0,0,0,0,0,0},
      |                    ^
kernel/font.c:93:20: note: (near initialization for ‘font8x16[594]’)
kernel/font.c:93:23: warning: excess elements in scalar initializer
   93 |     /* 0x72 'r' */ {0,0,0,0,0x7C,0x66,0x60,0x60,0x60,0,0,0,0,0,0,0},
      |                       ^
kernel/font.c:93:23: note: (near initialization for ‘font8x16[594]’)
kernel/font.c:93:25: warning: excess elements in scalar initializer
   93 |     /* 0x72 'r' */ {0,0,0,0,0x7C,0x66,0x60,0x60,0x60,0,0,0,0,0,0,0},
      |                         ^
kernel/font.c:93:25: note: (near initialization for ‘font8x16[594]’)
kernel/font.c:93:27: warning: excess elements in scalar initializer
   93 |     /* 0x72 'r' */ {0,0,0,0,0x7C,0x66,0x60,0x60,0x60,0,0,0,0,0,0,0},
      |                           ^
kernel/font.c:93:27: note: (near initialization for ‘font8x16[594]’)
kernel/font.c:93:29: warning: excess elements in scalar initializer
   93 |     /* 0x72 'r' */ {0,0,0,0,0x7C,0x66,0x60,0x60,0x60,0,0,0,0,0,0,0},
      |                             ^~~~
kernel/font.c:93:29: note: (near initialization for ‘font8x16[594]’)
kernel/font.c:93:34: warning: excess elements in scalar initializer
   93 |     /* 0x72 'r' */ {0,0,0,0,0x7C,0x66,0x60,0x60,0x60,0,0,0,0,0,0,0},
      |                                  ^~~~
kernel/font.c:93:34: note: (near initialization for ‘font8x16[594]’)
kernel/font.c:93:39: warning: excess elements in scalar initializer
   93 |     /* 0x72 'r' */ {0,0,0,0,0x7C,0x66,0x60,0x60,0x60,0,0,0,0,0,0,0},
      |                                       ^~~~
kernel/font.c:93:39: note: (near initialization for ‘font8x16[594]’)
kernel/font.c:93:44: warning: excess elements in scalar initializer
   93 |     /* 0x72 'r' */ {0,0,0,0,0x7C,0x66,0x60,0x60,0x60,0,0,0,0,0,0,0},
      |                                            ^~~~
kernel/font.c:93:44: note: (near initialization for ‘font8x16[594]’)
kernel/font.c:93:49: warning: excess elements in scalar initializer
   93 |     /* 0x72 'r' */ {0,0,0,0,0x7C,0x66,0x60,0x60,0x60,0,0,0,0,0,0,0},
      |                                                 ^~~~
kernel/font.c:93:49: note: (near initialization for ‘font8x16[594]’)
kernel/font.c:93:54: warning: excess elements in scalar initializer
   93 |     /* 0x72 'r' */ {0,0,0,0,0x7C,0x66,0x60,0x60,0x60,0,0,0,0,0,0,0},
      |                                                      ^
kernel/font.c:93:54: note: (near initialization for ‘font8x16[594]’)
kernel/font.c:93:56: warning: excess elements in scalar initializer
   93 |     /* 0x72 'r' */ {0,0,0,0,0x7C,0x66,0x60,0x60,0x60,0,0,0,0,0,0,0},
      |                                                        ^
kernel/font.c:93:56: note: (near initialization for ‘font8x16[594]’)
kernel/font.c:93:58: warning: excess elements in scalar initializer
   93 |     /* 0x72 'r' */ {0,0,0,0,0x7C,0x66,0x60,0x60,0x60,0,0,0,0,0,0,0},
      |                                                          ^
kernel/font.c:93:58: note: (near initialization for ‘font8x16[594]’)
kernel/font.c:93:60: warning: excess elements in scalar initializer
   93 |     /* 0x72 'r' */ {0,0,0,0,0x7C,0x66,0x60,0x60,0x60,0,0,0,0,0,0,0},
      |                                                            ^
kernel/font.c:93:60: note: (near initialization for ‘font8x16[594]’)
kernel/font.c:93:62: warning: excess elements in scalar initializer
   93 |     /* 0x72 'r' */ {0,0,0,0,0x7C,0x66,0x60,0x60,0x60,0,0,0,0,0,0,0},
      |                                                              ^
kernel/font.c:93:62: note: (near initialization for ‘font8x16[594]’)
kernel/font.c:93:64: warning: excess elements in scalar initializer
   93 |     /* 0x72 'r' */ {0,0,0,0,0x7C,0x66,0x60,0x60,0x60,0,0,0,0,0,0,0},
      |                                                                ^
kernel/font.c:93:64: note: (near initialization for ‘font8x16[594]’)
kernel/font.c:93:66: warning: excess elements in scalar initializer
   93 |     /* 0x72 'r' */ {0,0,0,0,0x7C,0x66,0x60,0x60,0x60,0,0,0,0,0,0,0},
      |                                                                  ^
kernel/font.c:93:66: note: (near initialization for ‘font8x16[594]’)
kernel/font.c:94:20: warning: braces around scalar initializer
   94 |     /* 0x73 's' */ {0,0,0,0,0x3E,0x60,0x3C,0x06,0x7C,0,0,0,0,0,0,0},
      |                    ^
kernel/font.c:94:20: note: (near initialization for ‘font8x16[595]’)
kernel/font.c:94:23: warning: excess elements in scalar initializer
   94 |     /* 0x73 's' */ {0,0,0,0,0x3E,0x60,0x3C,0x06,0x7C,0,0,0,0,0,0,0},
      |                       ^
kernel/font.c:94:23: note: (near initialization for ‘font8x16[595]’)
kernel/font.c:94:25: warning: excess elements in scalar initializer
   94 |     /* 0x73 's' */ {0,0,0,0,0x3E,0x60,0x3C,0x06,0x7C,0,0,0,0,0,0,0},
      |                         ^
kernel/font.c:94:25: note: (near initialization for ‘font8x16[595]’)
kernel/font.c:94:27: warning: excess elements in scalar initializer
   94 |     /* 0x73 's' */ {0,0,0,0,0x3E,0x60,0x3C,0x06,0x7C,0,0,0,0,0,0,0},
      |                           ^
kernel/font.c:94:27: note: (near initialization for ‘font8x16[595]’)
kernel/font.c:94:29: warning: excess elements in scalar initializer
   94 |     /* 0x73 's' */ {0,0,0,0,0x3E,0x60,0x3C,0x06,0x7C,0,0,0,0,0,0,0},
      |                             ^~~~
kernel/font.c:94:29: note: (near initialization for ‘font8x16[595]’)
kernel/font.c:94:34: warning: excess elements in scalar initializer
   94 |     /* 0x73 's' */ {0,0,0,0,0x3E,0x60,0x3C,0x06,0x7C,0,0,0,0,0,0,0},
      |                                  ^~~~
kernel/font.c:94:34: note: (near initialization for ‘font8x16[595]’)
kernel/font.c:94:39: warning: excess elements in scalar initializer
   94 |     /* 0x73 's' */ {0,0,0,0,0x3E,0x60,0x3C,0x06,0x7C,0,0,0,0,0,0,0},
      |                                       ^~~~
kernel/font.c:94:39: note: (near initialization for ‘font8x16[595]’)
kernel/font.c:94:44: warning: excess elements in scalar initializer
   94 |     /* 0x73 's' */ {0,0,0,0,0x3E,0x60,0x3C,0x06,0x7C,0,0,0,0,0,0,0},
      |                                            ^~~~
kernel/font.c:94:44: note: (near initialization for ‘font8x16[595]’)
kernel/font.c:94:49: warning: excess elements in scalar initializer
   94 |     /* 0x73 's' */ {0,0,0,0,0x3E,0x60,0x3C,0x06,0x7C,0,0,0,0,0,0,0},
      |                                                 ^~~~
kernel/font.c:94:49: note: (near initialization for ‘font8x16[595]’)
kernel/font.c:94:54: warning: excess elements in scalar initializer
   94 |     /* 0x73 's' */ {0,0,0,0,0x3E,0x60,0x3C,0x06,0x7C,0,0,0,0,0,0,0},
      |                                                      ^
kernel/font.c:94:54: note: (near initialization for ‘font8x16[595]’)
kernel/font.c:94:56: warning: excess elements in scalar initializer
   94 |     /* 0x73 's' */ {0,0,0,0,0x3E,0x60,0x3C,0x06,0x7C,0,0,0,0,0,0,0},
      |                                                        ^
kernel/font.c:94:56: note: (near initialization for ‘font8x16[595]’)
kernel/font.c:94:58: warning: excess elements in scalar initializer
   94 |     /* 0x73 's' */ {0,0,0,0,0x3E,0x60,0x3C,0x06,0x7C,0,0,0,0,0,0,0},
      |                                                          ^
kernel/font.c:94:58: note: (near initialization for ‘font8x16[595]’)
kernel/font.c:94:60: warning: excess elements in scalar initializer
   94 |     /* 0x73 's' */ {0,0,0,0,0x3E,0x60,0x3C,0x06,0x7C,0,0,0,0,0,0,0},
      |                                                            ^
kernel/font.c:94:60: note: (near initialization for ‘font8x16[595]’)
kernel/font.c:94:62: warning: excess elements in scalar initializer
   94 |     /* 0x73 's' */ {0,0,0,0,0x3E,0x60,0x3C,0x06,0x7C,0,0,0,0,0,0,0},
      |                                                              ^
kernel/font.c:94:62: note: (near initialization for ‘font8x16[595]’)
kernel/font.c:94:64: warning: excess elements in scalar initializer
   94 |     /* 0x73 's' */ {0,0,0,0,0x3E,0x60,0x3C,0x06,0x7C,0,0,0,0,0,0,0},
      |                                                                ^
kernel/font.c:94:64: note: (near initialization for ‘font8x16[595]’)
kernel/font.c:94:66: warning: excess elements in scalar initializer
   94 |     /* 0x73 's' */ {0,0,0,0,0x3E,0x60,0x3C,0x06,0x7C,0,0,0,0,0,0,0},
      |                                                                  ^
kernel/font.c:94:66: note: (near initialization for ‘font8x16[595]’)
kernel/font.c:95:20: warning: braces around scalar initializer
   95 |     /* 0x74 't' */ {0,0,0x30,0x30,0x7E,0x30,0x30,0x30,0x1E,0,0,0,0,0,0,0},
      |                    ^
kernel/pty.c:134:17: warning: ‘sys_pty_create’ defined but not used [-Wunused-function]
  134 | static uint64_t sys_pty_create(uint64_t unused1, uint64_t unused2, uint64_t unused3, uint64_t unused4, uint64_t unused5) {
      |                 ^~~~~~~~~~~~~~
kernel/font.c:95:20: note: (near initialization for ‘font8x16[596]’)
kernel/font.c:95:23: warning: excess elements in scalar initializer
   95 |     /* 0x74 't' */ {0,0,0x30,0x30,0x7E,0x30,0x30,0x30,0x1E,0,0,0,0,0,0,0},
      |                       ^
kernel/font.c:95:23: note: (near initialization for ‘font8x16[596]’)
kernel/font.c:95:25: warning: excess elements in scalar initializer
   95 |     /* 0x74 't' */ {0,0,0x30,0x30,0x7E,0x30,0x30,0x30,0x1E,0,0,0,0,0,0,0},
      |                         ^~~~
kernel/font.c:95:25: note: (near initialization for ‘font8x16[596]’)
kernel/font.c:95:30: warning: excess elements in scalar initializer
   95 |     /* 0x74 't' */ {0,0,0x30,0x30,0x7E,0x30,0x30,0x30,0x1E,0,0,0,0,0,0,0},
      |                              ^~~~
kernel/font.c:95:30: note: (near initialization for ‘font8x16[596]’)
kernel/font.c:95:35: warning: excess elements in scalar initializer
   95 |     /* 0x74 't' */ {0,0,0x30,0x30,0x7E,0x30,0x30,0x30,0x1E,0,0,0,0,0,0,0},
      |                                   ^~~~
kernel/font.c:95:35: note: (near initialization for ‘font8x16[596]’)
kernel/font.c:95:40: warning: excess elements in scalar initializer
   95 |     /* 0x74 't' */ {0,0,0x30,0x30,0x7E,0x30,0x30,0x30,0x1E,0,0,0,0,0,0,0},
      |                                        ^~~~
kernel/font.c:95:40: note: (near initialization for ‘font8x16[596]’)
kernel/font.c:95:45: warning: excess elements in scalar initializer
   95 |     /* 0x74 't' */ {0,0,0x30,0x30,0x7E,0x30,0x30,0x30,0x1E,0,0,0,0,0,0,0},
      |                                             ^~~~
kernel/font.c:95:45: note: (near initialization for ‘font8x16[596]’)
kernel/font.c:95:50: warning: excess elements in scalar initializer
   95 |     /* 0x74 't' */ {0,0,0x30,0x30,0x7E,0x30,0x30,0x30,0x1E,0,0,0,0,0,0,0},
      |                                                  ^~~~
kernel/font.c:95:50: note: (near initialization for ‘font8x16[596]’)
kernel/font.c:95:55: warning: excess elements in scalar initializer
   95 |     /* 0x74 't' */ {0,0,0x30,0x30,0x7E,0x30,0x30,0x30,0x1E,0,0,0,0,0,0,0},
      |                                                       ^~~~
kernel/font.c:95:55: note: (near initialization for ‘font8x16[596]’)
kernel/font.c:95:60: warning: excess elements in scalar initializer
   95 |     /* 0x74 't' */ {0,0,0x30,0x30,0x7E,0x30,0x30,0x30,0x1E,0,0,0,0,0,0,0},
      |                                                            ^
kernel/font.c:95:60: note: (near initialization for ‘font8x16[596]’)
kernel/font.c:95:62: warning: excess elements in scalar initializer
   95 |     /* 0x74 't' */ {0,0,0x30,0x30,0x7E,0x30,0x30,0x30,0x1E,0,0,0,0,0,0,0},
      |                                                              ^
kernel/font.c:95:62: note: (near initialization for ‘font8x16[596]’)
kernel/font.c:95:64: warning: excess elements in scalar initializer
   95 |     /* 0x74 't' */ {0,0,0x30,0x30,0x7E,0x30,0x30,0x30,0x1E,0,0,0,0,0,0,0},
      |                                                                ^
kernel/font.c:95:64: note: (near initialization for ‘font8x16[596]’)
kernel/font.c:95:66: warning: excess elements in scalar initializer
   95 |     /* 0x74 't' */ {0,0,0x30,0x30,0x7E,0x30,0x30,0x30,0x1E,0,0,0,0,0,0,0},
      |                                                                  ^
kernel/font.c:95:66: note: (near initialization for ‘font8x16[596]’)
kernel/font.c:95:68: warning: excess elements in scalar initializer
   95 |     /* 0x74 't' */ {0,0,0x30,0x30,0x7E,0x30,0x30,0x30,0x1E,0,0,0,0,0,0,0},
      |                                                                    ^
kernel/font.c:95:68: note: (near initialization for ‘font8x16[596]’)
kernel/font.c:95:70: warning: excess elements in scalar initializer
   95 |     /* 0x74 't' */ {0,0,0x30,0x30,0x7E,0x30,0x30,0x30,0x1E,0,0,0,0,0,0,0},
      |                                                                      ^
kernel/font.c:95:70: note: (near initialization for ‘font8x16[596]’)
kernel/font.c:95:72: warning: excess elements in scalar initializer
   95 |     /* 0x74 't' */ {0,0,0x30,0x30,0x7E,0x30,0x30,0x30,0x1E,0,0,0,0,0,0,0},
      |                                                                        ^
kernel/font.c:95:72: note: (near initialization for ‘font8x16[596]’)
kernel/font.c:96:20: warning: braces around scalar initializer
   96 |     /* 0x75 'u' */ {0,0,0,0,0x66,0x66,0x66,0x66,0x3B,0,0,0,0,0,0,0},
      |                    ^
kernel/font.c:96:20: note: (near initialization for ‘font8x16[597]’)
kernel/font.c:96:23: warning: excess elements in scalar initializer
   96 |     /* 0x75 'u' */ {0,0,0,0,0x66,0x66,0x66,0x66,0x3B,0,0,0,0,0,0,0},
      |                       ^
kernel/font.c:96:23: note: (near initialization for ‘font8x16[597]’)
kernel/font.c:96:25: warning: excess elements in scalar initializer
   96 |     /* 0x75 'u' */ {0,0,0,0,0x66,0x66,0x66,0x66,0x3B,0,0,0,0,0,0,0},
      |                         ^
kernel/font.c:96:25: note: (near initialization for ‘font8x16[597]’)
kernel/font.c:96:27: warning: excess elements in scalar initializer
   96 |     /* 0x75 'u' */ {0,0,0,0,0x66,0x66,0x66,0x66,0x3B,0,0,0,0,0,0,0},
      |                           ^
kernel/font.c:96:27: note: (near initialization for ‘font8x16[597]’)
kernel/font.c:96:29: warning: excess elements in scalar initializer
   96 |     /* 0x75 'u' */ {0,0,0,0,0x66,0x66,0x66,0x66,0x3B,0,0,0,0,0,0,0},
      |                             ^~~~
kernel/font.c:96:29: note: (near initialization for ‘font8x16[597]’)
kernel/font.c:96:34: warning: excess elements in scalar initializer
   96 |     /* 0x75 'u' */ {0,0,0,0,0x66,0x66,0x66,0x66,0x3B,0,0,0,0,0,0,0},
      |                                  ^~~~
kernel/font.c:96:34: note: (near initialization for ‘font8x16[597]’)
kernel/font.c:96:39: warning: excess elements in scalar initializer
   96 |     /* 0x75 'u' */ {0,0,0,0,0x66,0x66,0x66,0x66,0x3B,0,0,0,0,0,0,0},
      |                                       ^~~~
kernel/font.c:96:39: note: (near initialization for ‘font8x16[597]’)
kernel/font.c:96:44: warning: excess elements in scalar initializer
   96 |     /* 0x75 'u' */ {0,0,0,0,0x66,0x66,0x66,0x66,0x3B,0,0,0,0,0,0,0},
      |                                            ^~~~
kernel/font.c:96:44: note: (near initialization for ‘font8x16[597]’)
kernel/font.c:96:49: warning: excess elements in scalar initializer
   96 |     /* 0x75 'u' */ {0,0,0,0,0x66,0x66,0x66,0x66,0x3B,0,0,0,0,0,0,0},
      |                                                 ^~~~
kernel/font.c:96:49: note: (near initialization for ‘font8x16[597]’)
kernel/font.c:96:54: warning: excess elements in scalar initializer
   96 |     /* 0x75 'u' */ {0,0,0,0,0x66,0x66,0x66,0x66,0x3B,0,0,0,0,0,0,0},
      |                                                      ^
kernel/font.c:96:54: note: (near initialization for ‘font8x16[597]’)
kernel/font.c:96:56: warning: excess elements in scalar initializer
   96 |     /* 0x75 'u' */ {0,0,0,0,0x66,0x66,0x66,0x66,0x3B,0,0,0,0,0,0,0},
      |                                                        ^
kernel/font.c:96:56: note: (near initialization for ‘font8x16[597]’)
kernel/font.c:96:58: warning: excess elements in scalar initializer
   96 |     /* 0x75 'u' */ {0,0,0,0,0x66,0x66,0x66,0x66,0x3B,0,0,0,0,0,0,0},
      |                                                          ^
kernel/font.c:96:58: note: (near initialization for ‘font8x16[597]’)
kernel/font.c:96:60: warning: excess elements in scalar initializer
   96 |     /* 0x75 'u' */ {0,0,0,0,0x66,0x66,0x66,0x66,0x3B,0,0,0,0,0,0,0},
      |                                                            ^
kernel/font.c:96:60: note: (near initialization for ‘font8x16[597]’)
kernel/font.c:96:62: warning: excess elements in scalar initializer
   96 |     /* 0x75 'u' */ {0,0,0,0,0x66,0x66,0x66,0x66,0x3B,0,0,0,0,0,0,0},
      |                                                              ^
kernel/font.c:96:62: note: (near initialization for ‘font8x16[597]’)
kernel/font.c:96:64: warning: excess elements in scalar initializer
   96 |     /* 0x75 'u' */ {0,0,0,0,0x66,0x66,0x66,0x66,0x3B,0,0,0,0,0,0,0},
      |                                                                ^
kernel/font.c:96:64: note: (near initialization for ‘font8x16[597]’)
kernel/font.c:96:66: warning: excess elements in scalar initializer
   96 |     /* 0x75 'u' */ {0,0,0,0,0x66,0x66,0x66,0x66,0x3B,0,0,0,0,0,0,0},
      |                                                                  ^
kernel/font.c:96:66: note: (near initialization for ‘font8x16[597]’)
kernel/font.c:97:20: warning: braces around scalar initializer
   97 |     /* 0x76 'v' */ {0,0,0,0,0x66,0x66,0x66,0x3C,0x18,0,0,0,0,0,0,0},
      |                    ^
kernel/font.c:97:20: note: (near initialization for ‘font8x16[598]’)
kernel/font.c:97:23: warning: excess elements in scalar initializer
   97 |     /* 0x76 'v' */ {0,0,0,0,0x66,0x66,0x66,0x3C,0x18,0,0,0,0,0,0,0},
      |                       ^
kernel/font.c:97:23: note: (near initialization for ‘font8x16[598]’)
kernel/font.c:97:25: warning: excess elements in scalar initializer
   97 |     /* 0x76 'v' */ {0,0,0,0,0x66,0x66,0x66,0x3C,0x18,0,0,0,0,0,0,0},
      |                         ^
kernel/font.c:97:25: note: (near initialization for ‘font8x16[598]’)
kernel/font.c:97:27: warning: excess elements in scalar initializer
   97 |     /* 0x76 'v' */ {0,0,0,0,0x66,0x66,0x66,0x3C,0x18,0,0,0,0,0,0,0},
      |                           ^
kernel/font.c:97:27: note: (near initialization for ‘font8x16[598]’)
kernel/font.c:97:29: warning: excess elements in scalar initializer
   97 |     /* 0x76 'v' */ {0,0,0,0,0x66,0x66,0x66,0x3C,0x18,0,0,0,0,0,0,0},
      |                             ^~~~
kernel/font.c:97:29: note: (near initialization for ‘font8x16[598]’)
kernel/font.c:97:34: warning: excess elements in scalar initializer
   97 |     /* 0x76 'v' */ {0,0,0,0,0x66,0x66,0x66,0x3C,0x18,0,0,0,0,0,0,0},
      |                                  ^~~~
kernel/font.c:97:34: note: (near initialization for ‘font8x16[598]’)
kernel/font.c:97:39: warning: excess elements in scalar initializer
   97 |     /* 0x76 'v' */ {0,0,0,0,0x66,0x66,0x66,0x3C,0x18,0,0,0,0,0,0,0},
      |                                       ^~~~
kernel/font.c:97:39: note: (near initialization for ‘font8x16[598]’)
kernel/font.c:97:44: warning: excess elements in scalar initializer
   97 |     /* 0x76 'v' */ {0,0,0,0,0x66,0x66,0x66,0x3C,0x18,0,0,0,0,0,0,0},
      |                                            ^~~~
kernel/font.c:97:44: note: (near initialization for ‘font8x16[598]’)
kernel/font.c:97:49: warning: excess elements in scalar initializer
   97 |     /* 0x76 'v' */ {0,0,0,0,0x66,0x66,0x66,0x3C,0x18,0,0,0,0,0,0,0},
      |                                                 ^~~~
kernel/font.c:97:49: note: (near initialization for ‘font8x16[598]’)
kernel/font.c:97:54: warning: excess elements in scalar initializer
   97 |     /* 0x76 'v' */ {0,0,0,0,0x66,0x66,0x66,0x3C,0x18,0,0,0,0,0,0,0},
      |                                                      ^
kernel/font.c:97:54: note: (near initialization for ‘font8x16[598]’)
kernel/font.c:97:56: warning: excess elements in scalar initializer
   97 |     /* 0x76 'v' */ {0,0,0,0,0x66,0x66,0x66,0x3C,0x18,0,0,0,0,0,0,0},
      |                                                        ^
kernel/font.c:97:56: note: (near initialization for ‘font8x16[598]’)
kernel/font.c:97:58: warning: excess elements in scalar initializer
   97 |     /* 0x76 'v' */ {0,0,0,0,0x66,0x66,0x66,0x3C,0x18,0,0,0,0,0,0,0},
      |                                                          ^
kernel/font.c:97:58: note: (near initialization for ‘font8x16[598]’)
kernel/font.c:97:60: warning: excess elements in scalar initializer
   97 |     /* 0x76 'v' */ {0,0,0,0,0x66,0x66,0x66,0x3C,0x18,0,0,0,0,0,0,0},
      |                                                            ^
kernel/font.c:97:60: note: (near initialization for ‘font8x16[598]’)
kernel/font.c:97:62: warning: excess elements in scalar initializer
   97 |     /* 0x76 'v' */ {0,0,0,0,0x66,0x66,0x66,0x3C,0x18,0,0,0,0,0,0,0},
      |                                                              ^
kernel/font.c:97:62: note: (near initialization for ‘font8x16[598]’)
kernel/font.c:97:64: warning: excess elements in scalar initializer
   97 |     /* 0x76 'v' */ {0,0,0,0,0x66,0x66,0x66,0x3C,0x18,0,0,0,0,0,0,0},
      |                                                                ^
kernel/font.c:97:64: note: (near initialization for ‘font8x16[598]’)
kernel/font.c:97:66: warning: excess elements in scalar initializer
   97 |     /* 0x76 'v' */ {0,0,0,0,0x66,0x66,0x66,0x3C,0x18,0,0,0,0,0,0,0},
      |                                                                  ^
kernel/font.c:97:66: note: (near initialization for ‘font8x16[598]’)
kernel/font.c:98:20: warning: braces around scalar initializer
   98 |     /* 0x77 'w' */ {0,0,0,0,0x63,0x6B,0x7F,0x3E,0x36,0,0,0,0,0,0,0},
      |                    ^
kernel/font.c:98:20: note: (near initialization for ‘font8x16[599]’)
kernel/font.c:98:23: warning: excess elements in scalar initializer
   98 |     /* 0x77 'w' */ {0,0,0,0,0x63,0x6B,0x7F,0x3E,0x36,0,0,0,0,0,0,0},
      |                       ^
kernel/font.c:98:23: note: (near initialization for ‘font8x16[599]’)
kernel/font.c:98:25: warning: excess elements in scalar initializer
   98 |     /* 0x77 'w' */ {0,0,0,0,0x63,0x6B,0x7F,0x3E,0x36,0,0,0,0,0,0,0},
      |                         ^
kernel/font.c:98:25: note: (near initialization for ‘font8x16[599]’)
kernel/font.c:98:27: warning: excess elements in scalar initializer
   98 |     /* 0x77 'w' */ {0,0,0,0,0x63,0x6B,0x7F,0x3E,0x36,0,0,0,0,0,0,0},
      |                           ^
kernel/font.c:98:27: note: (near initialization for ‘font8x16[599]’)
kernel/font.c:98:29: warning: excess elements in scalar initializer
   98 |     /* 0x77 'w' */ {0,0,0,0,0x63,0x6B,0x7F,0x3E,0x36,0,0,0,0,0,0,0},
      |                             ^~~~
kernel/font.c:98:29: note: (near initialization for ‘font8x16[599]’)
kernel/font.c:98:34: warning: excess elements in scalar initializer
   98 |     /* 0x77 'w' */ {0,0,0,0,0x63,0x6B,0x7F,0x3E,0x36,0,0,0,0,0,0,0},
      |                                  ^~~~
kernel/font.c:98:34: note: (near initialization for ‘font8x16[599]’)
kernel/font.c:98:39: warning: excess elements in scalar initializer
   98 |     /* 0x77 'w' */ {0,0,0,0,0x63,0x6B,0x7F,0x3E,0x36,0,0,0,0,0,0,0},
      |                                       ^~~~
kernel/font.c:98:39: note: (near initialization for ‘font8x16[599]’)
kernel/font.c:98:44: warning: excess elements in scalar initializer
   98 |     /* 0x77 'w' */ {0,0,0,0,0x63,0x6B,0x7F,0x3E,0x36,0,0,0,0,0,0,0},
      |                                            ^~~~
kernel/font.c:98:44: note: (near initialization for ‘font8x16[599]’)
kernel/font.c:98:49: warning: excess elements in scalar initializer
   98 |     /* 0x77 'w' */ {0,0,0,0,0x63,0x6B,0x7F,0x3E,0x36,0,0,0,0,0,0,0},
      |                                                 ^~~~
kernel/font.c:98:49: note: (near initialization for ‘font8x16[599]’)
kernel/font.c:98:54: warning: excess elements in scalar initializer
   98 |     /* 0x77 'w' */ {0,0,0,0,0x63,0x6B,0x7F,0x3E,0x36,0,0,0,0,0,0,0},
      |                                                      ^
kernel/font.c:98:54: note: (near initialization for ‘font8x16[599]’)
kernel/font.c:98:56: warning: excess elements in scalar initializer
   98 |     /* 0x77 'w' */ {0,0,0,0,0x63,0x6B,0x7F,0x3E,0x36,0,0,0,0,0,0,0},
      |                                                        ^
kernel/font.c:98:56: note: (near initialization for ‘font8x16[599]’)
kernel/font.c:98:58: warning: excess elements in scalar initializer
   98 |     /* 0x77 'w' */ {0,0,0,0,0x63,0x6B,0x7F,0x3E,0x36,0,0,0,0,0,0,0},
      |                                                          ^
kernel/font.c:98:58: note: (near initialization for ‘font8x16[599]’)
kernel/font.c:98:60: warning: excess elements in scalar initializer
   98 |     /* 0x77 'w' */ {0,0,0,0,0x63,0x6B,0x7F,0x3E,0x36,0,0,0,0,0,0,0},
      |                                                            ^
kernel/font.c:98:60: note: (near initialization for ‘font8x16[599]’)
kernel/font.c:98:62: warning: excess elements in scalar initializer
   98 |     /* 0x77 'w' */ {0,0,0,0,0x63,0x6B,0x7F,0x3E,0x36,0,0,0,0,0,0,0},
      |                                                              ^
kernel/font.c:98:62: note: (near initialization for ‘font8x16[599]’)
kernel/font.c:98:64: warning: excess elements in scalar initializer
   98 |     /* 0x77 'w' */ {0,0,0,0,0x63,0x6B,0x7F,0x3E,0x36,0,0,0,0,0,0,0},
      |                                                                ^
kernel/font.c:98:64: note: (near initialization for ‘font8x16[599]’)
kernel/font.c:98:66: warning: excess elements in scalar initializer
   98 |     /* 0x77 'w' */ {0,0,0,0,0x63,0x6B,0x7F,0x3E,0x36,0,0,0,0,0,0,0},
      |                                                                  ^
kernel/font.c:98:66: note: (near initialization for ‘font8x16[599]’)
kernel/font.c:99:20: warning: braces around scalar initializer
   99 |     /* 0x78 'x' */ {0,0,0,0,0x66,0x3C,0x18,0x3C,0x66,0,0,0,0,0,0,0},
      |                    ^
kernel/font.c:99:20: note: (near initialization for ‘font8x16[600]’)
kernel/font.c:99:23: warning: excess elements in scalar initializer
   99 |     /* 0x78 'x' */ {0,0,0,0,0x66,0x3C,0x18,0x3C,0x66,0,0,0,0,0,0,0},
      |                       ^
kernel/font.c:99:23: note: (near initialization for ‘font8x16[600]’)
kernel/font.c:99:25: warning: excess elements in scalar initializer
   99 |     /* 0x78 'x' */ {0,0,0,0,0x66,0x3C,0x18,0x3C,0x66,0,0,0,0,0,0,0},
      |                         ^
kernel/font.c:99:25: note: (near initialization for ‘font8x16[600]’)
kernel/font.c:99:27: warning: excess elements in scalar initializer
   99 |     /* 0x78 'x' */ {0,0,0,0,0x66,0x3C,0x18,0x3C,0x66,0,0,0,0,0,0,0},
      |                           ^
kernel/font.c:99:27: note: (near initialization for ‘font8x16[600]’)
kernel/font.c:99:29: warning: excess elements in scalar initializer
   99 |     /* 0x78 'x' */ {0,0,0,0,0x66,0x3C,0x18,0x3C,0x66,0,0,0,0,0,0,0},
      |                             ^~~~
kernel/font.c:99:29: note: (near initialization for ‘font8x16[600]’)
kernel/font.c:99:34: warning: excess elements in scalar initializer
   99 |     /* 0x78 'x' */ {0,0,0,0,0x66,0x3C,0x18,0x3C,0x66,0,0,0,0,0,0,0},
      |                                  ^~~~
kernel/font.c:99:34: note: (near initialization for ‘font8x16[600]’)
kernel/font.c:99:39: warning: excess elements in scalar initializer
   99 |     /* 0x78 'x' */ {0,0,0,0,0x66,0x3C,0x18,0x3C,0x66,0,0,0,0,0,0,0},
      |                                       ^~~~
kernel/font.c:99:39: note: (near initialization for ‘font8x16[600]’)
kernel/font.c:99:44: warning: excess elements in scalar initializer
   99 |     /* 0x78 'x' */ {0,0,0,0,0x66,0x3C,0x18,0x3C,0x66,0,0,0,0,0,0,0},
      |                                            ^~~~
kernel/font.c:99:44: note: (near initialization for ‘font8x16[600]’)
kernel/font.c:99:49: warning: excess elements in scalar initializer
   99 |     /* 0x78 'x' */ {0,0,0,0,0x66,0x3C,0x18,0x3C,0x66,0,0,0,0,0,0,0},
      |                                                 ^~~~
kernel/font.c:99:49: note: (near initialization for ‘font8x16[600]’)
kernel/font.c:99:54: warning: excess elements in scalar initializer
   99 |     /* 0x78 'x' */ {0,0,0,0,0x66,0x3C,0x18,0x3C,0x66,0,0,0,0,0,0,0},
      |                                                      ^
kernel/font.c:99:54: note: (near initialization for ‘font8x16[600]’)
kernel/font.c:99:56: warning: excess elements in scalar initializer
   99 |     /* 0x78 'x' */ {0,0,0,0,0x66,0x3C,0x18,0x3C,0x66,0,0,0,0,0,0,0},
      |                                                        ^
kernel/font.c:99:56: note: (near initialization for ‘font8x16[600]’)
kernel/font.c:99:58: warning: excess elements in scalar initializer
   99 |     /* 0x78 'x' */ {0,0,0,0,0x66,0x3C,0x18,0x3C,0x66,0,0,0,0,0,0,0},
      |                                                          ^
kernel/font.c:99:58: note: (near initialization for ‘font8x16[600]’)
kernel/font.c:99:60: warning: excess elements in scalar initializer
   99 |     /* 0x78 'x' */ {0,0,0,0,0x66,0x3C,0x18,0x3C,0x66,0,0,0,0,0,0,0},
      |                                                            ^
kernel/font.c:99:60: note: (near initialization for ‘font8x16[600]’)
kernel/font.c:99:62: warning: excess elements in scalar initializer
   99 |     /* 0x78 'x' */ {0,0,0,0,0x66,0x3C,0x18,0x3C,0x66,0,0,0,0,0,0,0},
      |                                                              ^
kernel/font.c:99:62: note: (near initialization for ‘font8x16[600]’)
kernel/font.c:99:64: warning: excess elements in scalar initializer
   99 |     /* 0x78 'x' */ {0,0,0,0,0x66,0x3C,0x18,0x3C,0x66,0,0,0,0,0,0,0},
      |                                                                ^
kernel/font.c:99:64: note: (near initialization for ‘font8x16[600]’)
kernel/font.c:99:66: warning: excess elements in scalar initializer
   99 |     /* 0x78 'x' */ {0,0,0,0,0x66,0x3C,0x18,0x3C,0x66,0,0,0,0,0,0,0},
      |                                                                  ^
kernel/font.c:99:66: note: (near initialization for ‘font8x16[600]’)
kernel/font.c:100:20: warning: braces around scalar initializer
  100 |     /* 0x79 'y' */ {0,0,0,0,0x66,0x66,0x3E,0x06,0x3C,0,0,0,0,0,0,0},
      |                    ^
kernel/font.c:100:20: note: (near initialization for ‘font8x16[601]’)
kernel/font.c:100:23: warning: excess elements in scalar initializer
  100 |     /* 0x79 'y' */ {0,0,0,0,0x66,0x66,0x3E,0x06,0x3C,0,0,0,0,0,0,0},
      |                       ^
kernel/font.c:100:23: note: (near initialization for ‘font8x16[601]’)
kernel/font.c:100:25: warning: excess elements in scalar initializer
  100 |     /* 0x79 'y' */ {0,0,0,0,0x66,0x66,0x3E,0x06,0x3C,0,0,0,0,0,0,0},
      |                         ^
kernel/font.c:100:25: note: (near initialization for ‘font8x16[601]’)
kernel/font.c:100:27: warning: excess elements in scalar initializer
  100 |     /* 0x79 'y' */ {0,0,0,0,0x66,0x66,0x3E,0x06,0x3C,0,0,0,0,0,0,0},
      |                           ^
kernel/font.c:100:27: note: (near initialization for ‘font8x16[601]’)
kernel/font.c:100:29: warning: excess elements in scalar initializer
  100 |     /* 0x79 'y' */ {0,0,0,0,0x66,0x66,0x3E,0x06,0x3C,0,0,0,0,0,0,0},
      |                             ^~~~
kernel/font.c:100:29: note: (near initialization for ‘font8x16[601]’)
kernel/font.c:100:34: warning: excess elements in scalar initializer
  100 |     /* 0x79 'y' */ {0,0,0,0,0x66,0x66,0x3E,0x06,0x3C,0,0,0,0,0,0,0},
      |                                  ^~~~
kernel/font.c:100:34: note: (near initialization for ‘font8x16[601]’)
kernel/font.c:100:39: warning: excess elements in scalar initializer
  100 |     /* 0x79 'y' */ {0,0,0,0,0x66,0x66,0x3E,0x06,0x3C,0,0,0,0,0,0,0},
      |                                       ^~~~
kernel/font.c:100:39: note: (near initialization for ‘font8x16[601]’)
kernel/font.c:100:44: warning: excess elements in scalar initializer
  100 |     /* 0x79 'y' */ {0,0,0,0,0x66,0x66,0x3E,0x06,0x3C,0,0,0,0,0,0,0},
      |                                            ^~~~
kernel/font.c:100:44: note: (near initialization for ‘font8x16[601]’)
kernel/font.c:100:49: warning: excess elements in scalar initializer
  100 |     /* 0x79 'y' */ {0,0,0,0,0x66,0x66,0x3E,0x06,0x3C,0,0,0,0,0,0,0},
      |                                                 ^~~~
kernel/font.c:100:49: note: (near initialization for ‘font8x16[601]’)
kernel/font.c:100:54: warning: excess elements in scalar initializer
  100 |     /* 0x79 'y' */ {0,0,0,0,0x66,0x66,0x3E,0x06,0x3C,0,0,0,0,0,0,0},
      |                                                      ^
kernel/font.c:100:54: note: (near initialization for ‘font8x16[601]’)
kernel/font.c:100:56: warning: excess elements in scalar initializer
  100 |     /* 0x79 'y' */ {0,0,0,0,0x66,0x66,0x3E,0x06,0x3C,0,0,0,0,0,0,0},
      |                                                        ^
kernel/font.c:100:56: note: (near initialization for ‘font8x16[601]’)
kernel/font.c:100:58: warning: excess elements in scalar initializer
  100 |     /* 0x79 'y' */ {0,0,0,0,0x66,0x66,0x3E,0x06,0x3C,0,0,0,0,0,0,0},
      |                                                          ^
kernel/font.c:100:58: note: (near initialization for ‘font8x16[601]’)
kernel/font.c:100:60: warning: excess elements in scalar initializer
  100 |     /* 0x79 'y' */ {0,0,0,0,0x66,0x66,0x3E,0x06,0x3C,0,0,0,0,0,0,0},
      |                                                            ^
kernel/font.c:100:60: note: (near initialization for ‘font8x16[601]’)
kernel/font.c:100:62: warning: excess elements in scalar initializer
  100 |     /* 0x79 'y' */ {0,0,0,0,0x66,0x66,0x3E,0x06,0x3C,0,0,0,0,0,0,0},
      |                                                              ^
kernel/font.c:100:62: note: (near initialization for ‘font8x16[601]’)
kernel/font.c:100:64: warning: excess elements in scalar initializer
  100 |     /* 0x79 'y' */ {0,0,0,0,0x66,0x66,0x3E,0x06,0x3C,0,0,0,0,0,0,0},
      |                                                                ^
kernel/font.c:100:64: note: (near initialization for ‘font8x16[601]’)
kernel/font.c:100:66: warning: excess elements in scalar initializer
  100 |     /* 0x79 'y' */ {0,0,0,0,0x66,0x66,0x3E,0x06,0x3C,0,0,0,0,0,0,0},
      |                                                                  ^
kernel/font.c:100:66: note: (near initialization for ‘font8x16[601]’)
kernel/font.c:101:20: warning: braces around scalar initializer
  101 |     /* 0x7A 'z' */ {0,0,0,0,0x7E,0x0C,0x18,0x30,0x7E,0,0,0,0,0,0,0},
      |                    ^
kernel/font.c:101:20: note: (near initialization for ‘font8x16[602]’)
kernel/font.c:101:23: warning: excess elements in scalar initializer
  101 |     /* 0x7A 'z' */ {0,0,0,0,0x7E,0x0C,0x18,0x30,0x7E,0,0,0,0,0,0,0},
      |                       ^
kernel/font.c:101:23: note: (near initialization for ‘font8x16[602]’)
kernel/font.c:101:25: warning: excess elements in scalar initializer
  101 |     /* 0x7A 'z' */ {0,0,0,0,0x7E,0x0C,0x18,0x30,0x7E,0,0,0,0,0,0,0},
      |                         ^
kernel/font.c:101:25: note: (near initialization for ‘font8x16[602]’)
kernel/font.c:101:27: warning: excess elements in scalar initializer
  101 |     /* 0x7A 'z' */ {0,0,0,0,0x7E,0x0C,0x18,0x30,0x7E,0,0,0,0,0,0,0},
      |                           ^
kernel/font.c:101:27: note: (near initialization for ‘font8x16[602]’)
kernel/font.c:101:29: warning: excess elements in scalar initializer
  101 |     /* 0x7A 'z' */ {0,0,0,0,0x7E,0x0C,0x18,0x30,0x7E,0,0,0,0,0,0,0},
      |                             ^~~~
kernel/font.c:101:29: note: (near initialization for ‘font8x16[602]’)
kernel/font.c:101:34: warning: excess elements in scalar initializer
  101 |     /* 0x7A 'z' */ {0,0,0,0,0x7E,0x0C,0x18,0x30,0x7E,0,0,0,0,0,0,0},
      |                                  ^~~~
kernel/font.c:101:34: note: (near initialization for ‘font8x16[602]’)
kernel/font.c:101:39: warning: excess elements in scalar initializer
  101 |     /* 0x7A 'z' */ {0,0,0,0,0x7E,0x0C,0x18,0x30,0x7E,0,0,0,0,0,0,0},
      |                                       ^~~~
kernel/font.c:101:39: note: (near initialization for ‘font8x16[602]’)
kernel/font.c:101:44: warning: excess elements in scalar initializer
  101 |     /* 0x7A 'z' */ {0,0,0,0,0x7E,0x0C,0x18,0x30,0x7E,0,0,0,0,0,0,0},
      |                                            ^~~~
kernel/font.c:101:44: note: (near initialization for ‘font8x16[602]’)
kernel/font.c:101:49: warning: excess elements in scalar initializer
  101 |     /* 0x7A 'z' */ {0,0,0,0,0x7E,0x0C,0x18,0x30,0x7E,0,0,0,0,0,0,0},
      |                                                 ^~~~
kernel/font.c:101:49: note: (near initialization for ‘font8x16[602]’)
kernel/font.c:101:54: warning: excess elements in scalar initializer
  101 |     /* 0x7A 'z' */ {0,0,0,0,0x7E,0x0C,0x18,0x30,0x7E,0,0,0,0,0,0,0},
      |                                                      ^
kernel/font.c:101:54: note: (near initialization for ‘font8x16[602]’)
kernel/font.c:101:56: warning: excess elements in scalar initializer
  101 |     /* 0x7A 'z' */ {0,0,0,0,0x7E,0x0C,0x18,0x30,0x7E,0,0,0,0,0,0,0},
      |                                                        ^
kernel/font.c:101:56: note: (near initialization for ‘font8x16[602]’)
kernel/font.c:101:58: warning: excess elements in scalar initializer
  101 |     /* 0x7A 'z' */ {0,0,0,0,0x7E,0x0C,0x18,0x30,0x7E,0,0,0,0,0,0,0},
      |                                                          ^
kernel/font.c:101:58: note: (near initialization for ‘font8x16[602]’)
kernel/font.c:101:60: warning: excess elements in scalar initializer
  101 |     /* 0x7A 'z' */ {0,0,0,0,0x7E,0x0C,0x18,0x30,0x7E,0,0,0,0,0,0,0},
      |                                                            ^
kernel/font.c:101:60: note: (near initialization for ‘font8x16[602]’)
kernel/font.c:101:62: warning: excess elements in scalar initializer
  101 |     /* 0x7A 'z' */ {0,0,0,0,0x7E,0x0C,0x18,0x30,0x7E,0,0,0,0,0,0,0},
      |                                                              ^
kernel/font.c:101:62: note: (near initialization for ‘font8x16[602]’)
kernel/font.c:101:64: warning: excess elements in scalar initializer
  101 |     /* 0x7A 'z' */ {0,0,0,0,0x7E,0x0C,0x18,0x30,0x7E,0,0,0,0,0,0,0},
      |                                                                ^
kernel/font.c:101:64: note: (near initialization for ‘font8x16[602]’)
kernel/font.c:101:66: warning: excess elements in scalar initializer
  101 |     /* 0x7A 'z' */ {0,0,0,0,0x7E,0x0C,0x18,0x30,0x7E,0,0,0,0,0,0,0},
      |                                                                  ^
kernel/font.c:101:66: note: (near initialization for ‘font8x16[602]’)
kernel/font.c:102:20: warning: braces around scalar initializer
  102 |     /* 0x7B '{' */ {0,0,0x0E,0x18,0x18,0x70,0x18,0x18,0x0E,0,0,0,0,0,0,0},
      |                    ^
kernel/font.c:102:20: note: (near initialization for ‘font8x16[603]’)
kernel/font.c:102:23: warning: excess elements in scalar initializer
  102 |     /* 0x7B '{' */ {0,0,0x0E,0x18,0x18,0x70,0x18,0x18,0x0E,0,0,0,0,0,0,0},
      |                       ^
kernel/font.c:102:23: note: (near initialization for ‘font8x16[603]’)
kernel/font.c:102:25: warning: excess elements in scalar initializer
  102 |     /* 0x7B '{' */ {0,0,0x0E,0x18,0x18,0x70,0x18,0x18,0x0E,0,0,0,0,0,0,0},
      |                         ^~~~
kernel/font.c:102:25: note: (near initialization for ‘font8x16[603]’)
kernel/font.c:102:30: warning: excess elements in scalar initializer
  102 |     /* 0x7B '{' */ {0,0,0x0E,0x18,0x18,0x70,0x18,0x18,0x0E,0,0,0,0,0,0,0},
      |                              ^~~~
kernel/font.c:102:30: note: (near initialization for ‘font8x16[603]’)
kernel/font.c:102:35: warning: excess elements in scalar initializer
  102 |     /* 0x7B '{' */ {0,0,0x0E,0x18,0x18,0x70,0x18,0x18,0x0E,0,0,0,0,0,0,0},
      |                                   ^~~~
kernel/font.c:102:35: note: (near initialization for ‘font8x16[603]’)
kernel/font.c:102:40: warning: excess elements in scalar initializer
  102 |     /* 0x7B '{' */ {0,0,0x0E,0x18,0x18,0x70,0x18,0x18,0x0E,0,0,0,0,0,0,0},
      |                                        ^~~~
kernel/font.c:102:40: note: (near initialization for ‘font8x16[603]’)
kernel/font.c:102:45: warning: excess elements in scalar initializer
  102 |     /* 0x7B '{' */ {0,0,0x0E,0x18,0x18,0x70,0x18,0x18,0x0E,0,0,0,0,0,0,0},
      |                                             ^~~~
kernel/font.c:102:45: note: (near initialization for ‘font8x16[603]’)
kernel/font.c:102:50: warning: excess elements in scalar initializer
  102 |     /* 0x7B '{' */ {0,0,0x0E,0x18,0x18,0x70,0x18,0x18,0x0E,0,0,0,0,0,0,0},
      |                                                  ^~~~
kernel/font.c:102:50: note: (near initialization for ‘font8x16[603]’)
kernel/font.c:102:55: warning: excess elements in scalar initializer
  102 |     /* 0x7B '{' */ {0,0,0x0E,0x18,0x18,0x70,0x18,0x18,0x0E,0,0,0,0,0,0,0},
      |                                                       ^~~~
kernel/font.c:102:55: note: (near initialization for ‘font8x16[603]’)
kernel/font.c:102:60: warning: excess elements in scalar initializer
  102 |     /* 0x7B '{' */ {0,0,0x0E,0x18,0x18,0x70,0x18,0x18,0x0E,0,0,0,0,0,0,0},
      |                                                            ^
kernel/font.c:102:60: note: (near initialization for ‘font8x16[603]’)
kernel/font.c:102:62: warning: excess elements in scalar initializer
  102 |     /* 0x7B '{' */ {0,0,0x0E,0x18,0x18,0x70,0x18,0x18,0x0E,0,0,0,0,0,0,0},
      |                                                              ^
kernel/font.c:102:62: note: (near initialization for ‘font8x16[603]’)
kernel/font.c:102:64: warning: excess elements in scalar initializer
  102 |     /* 0x7B '{' */ {0,0,0x0E,0x18,0x18,0x70,0x18,0x18,0x0E,0,0,0,0,0,0,0},
      |                                                                ^
kernel/font.c:102:64: note: (near initialization for ‘font8x16[603]’)
kernel/font.c:102:66: warning: excess elements in scalar initializer
  102 |     /* 0x7B '{' */ {0,0,0x0E,0x18,0x18,0x70,0x18,0x18,0x0E,0,0,0,0,0,0,0},
      |                                                                  ^
kernel/font.c:102:66: note: (near initialization for ‘font8x16[603]’)
kernel/font.c:102:68: warning: excess elements in scalar initializer
  102 |     /* 0x7B '{' */ {0,0,0x0E,0x18,0x18,0x70,0x18,0x18,0x0E,0,0,0,0,0,0,0},
      |                                                                    ^
kernel/font.c:102:68: note: (near initialization for ‘font8x16[603]’)
kernel/font.c:102:70: warning: excess elements in scalar initializer
  102 |     /* 0x7B '{' */ {0,0,0x0E,0x18,0x18,0x70,0x18,0x18,0x0E,0,0,0,0,0,0,0},
      |                                                                      ^
kernel/font.c:102:70: note: (near initialization for ‘font8x16[603]’)
kernel/font.c:102:72: warning: excess elements in scalar initializer
  102 |     /* 0x7B '{' */ {0,0,0x0E,0x18,0x18,0x70,0x18,0x18,0x0E,0,0,0,0,0,0,0},
      |                                                                        ^
kernel/font.c:102:72: note: (near initialization for ‘font8x16[603]’)
kernel/font.c:103:20: warning: braces around scalar initializer
  103 |     /* 0x7C '|' */ {0,0,0x18,0x18,0x18,0x00,0x18,0x18,0x18,0,0,0,0,0,0,0},
      |                    ^
kernel/font.c:103:20: note: (near initialization for ‘font8x16[604]’)
kernel/font.c:103:23: warning: excess elements in scalar initializer
  103 |     /* 0x7C '|' */ {0,0,0x18,0x18,0x18,0x00,0x18,0x18,0x18,0,0,0,0,0,0,0},
      |                       ^
kernel/font.c:103:23: note: (near initialization for ‘font8x16[604]’)
kernel/font.c:103:25: warning: excess elements in scalar initializer
  103 |     /* 0x7C '|' */ {0,0,0x18,0x18,0x18,0x00,0x18,0x18,0x18,0,0,0,0,0,0,0},
      |                         ^~~~
kernel/font.c:103:25: note: (near initialization for ‘font8x16[604]’)
kernel/font.c:103:30: warning: excess elements in scalar initializer
  103 |     /* 0x7C '|' */ {0,0,0x18,0x18,0x18,0x00,0x18,0x18,0x18,0,0,0,0,0,0,0},
      |                              ^~~~
kernel/font.c:103:30: note: (near initialization for ‘font8x16[604]’)
kernel/font.c:103:35: warning: excess elements in scalar initializer
  103 |     /* 0x7C '|' */ {0,0,0x18,0x18,0x18,0x00,0x18,0x18,0x18,0,0,0,0,0,0,0},
      |                                   ^~~~
kernel/font.c:103:35: note: (near initialization for ‘font8x16[604]’)
kernel/font.c:103:40: warning: excess elements in scalar initializer
  103 |     /* 0x7C '|' */ {0,0,0x18,0x18,0x18,0x00,0x18,0x18,0x18,0,0,0,0,0,0,0},
      |                                        ^~~~
kernel/font.c:103:40: note: (near initialization for ‘font8x16[604]’)
kernel/font.c:103:45: warning: excess elements in scalar initializer
  103 |     /* 0x7C '|' */ {0,0,0x18,0x18,0x18,0x00,0x18,0x18,0x18,0,0,0,0,0,0,0},
      |                                             ^~~~
kernel/font.c:103:45: note: (near initialization for ‘font8x16[604]’)
kernel/font.c:103:50: warning: excess elements in scalar initializer
  103 |     /* 0x7C '|' */ {0,0,0x18,0x18,0x18,0x00,0x18,0x18,0x18,0,0,0,0,0,0,0},
      |                                                  ^~~~
kernel/font.c:103:50: note: (near initialization for ‘font8x16[604]’)
kernel/font.c:103:55: warning: excess elements in scalar initializer
  103 |     /* 0x7C '|' */ {0,0,0x18,0x18,0x18,0x00,0x18,0x18,0x18,0,0,0,0,0,0,0},
      |                                                       ^~~~
kernel/font.c:103:55: note: (near initialization for ‘font8x16[604]’)
kernel/font.c:103:60: warning: excess elements in scalar initializer
  103 |     /* 0x7C '|' */ {0,0,0x18,0x18,0x18,0x00,0x18,0x18,0x18,0,0,0,0,0,0,0},
      |                                                            ^
kernel/font.c:103:60: note: (near initialization for ‘font8x16[604]’)
kernel/font.c:103:62: warning: excess elements in scalar initializer
  103 |     /* 0x7C '|' */ {0,0,0x18,0x18,0x18,0x00,0x18,0x18,0x18,0,0,0,0,0,0,0},
      |                                                              ^
kernel/font.c:103:62: note: (near initialization for ‘font8x16[604]’)
kernel/font.c:103:64: warning: excess elements in scalar initializer
  103 |     /* 0x7C '|' */ {0,0,0x18,0x18,0x18,0x00,0x18,0x18,0x18,0,0,0,0,0,0,0},
      |                                                                ^
kernel/font.c:103:64: note: (near initialization for ‘font8x16[604]’)
kernel/font.c:103:66: warning: excess elements in scalar initializer
  103 |     /* 0x7C '|' */ {0,0,0x18,0x18,0x18,0x00,0x18,0x18,0x18,0,0,0,0,0,0,0},
      |                                                                  ^
kernel/font.c:103:66: note: (near initialization for ‘font8x16[604]’)
kernel/font.c:103:68: warning: excess elements in scalar initializer
  103 |     /* 0x7C '|' */ {0,0,0x18,0x18,0x18,0x00,0x18,0x18,0x18,0,0,0,0,0,0,0},
      |                                                                    ^
kernel/font.c:103:68: note: (near initialization for ‘font8x16[604]’)
kernel/font.c:103:70: warning: excess elements in scalar initializer
  103 |     /* 0x7C '|' */ {0,0,0x18,0x18,0x18,0x00,0x18,0x18,0x18,0,0,0,0,0,0,0},
      |                                                                      ^
kernel/font.c:103:70: note: (near initialization for ‘font8x16[604]’)
kernel/font.c:103:72: warning: excess elements in scalar initializer
  103 |     /* 0x7C '|' */ {0,0,0x18,0x18,0x18,0x00,0x18,0x18,0x18,0,0,0,0,0,0,0},
      |                                                                        ^
kernel/font.c:103:72: note: (near initialization for ‘font8x16[604]’)
kernel/font.c:104:20: warning: braces around scalar initializer
  104 |     /* 0x7D '}' */ {0,0,0x70,0x18,0x18,0x0E,0x18,0x18,0x70,0,0,0,0,0,0,0},
      |                    ^
kernel/font.c:104:20: note: (near initialization for ‘font8x16[605]’)
kernel/font.c:104:23: warning: excess elements in scalar initializer
  104 |     /* 0x7D '}' */ {0,0,0x70,0x18,0x18,0x0E,0x18,0x18,0x70,0,0,0,0,0,0,0},
      |                       ^
kernel/font.c:104:23: note: (near initialization for ‘font8x16[605]’)
kernel/font.c:104:25: warning: excess elements in scalar initializer
  104 |     /* 0x7D '}' */ {0,0,0x70,0x18,0x18,0x0E,0x18,0x18,0x70,0,0,0,0,0,0,0},
      |                         ^~~~
kernel/font.c:104:25: note: (near initialization for ‘font8x16[605]’)
kernel/font.c:104:30: warning: excess elements in scalar initializer
  104 |     /* 0x7D '}' */ {0,0,0x70,0x18,0x18,0x0E,0x18,0x18,0x70,0,0,0,0,0,0,0},
      |                              ^~~~
kernel/font.c:104:30: note: (near initialization for ‘font8x16[605]’)
kernel/font.c:104:35: warning: excess elements in scalar initializer
  104 |     /* 0x7D '}' */ {0,0,0x70,0x18,0x18,0x0E,0x18,0x18,0x70,0,0,0,0,0,0,0},
      |                                   ^~~~
kernel/font.c:104:35: note: (near initialization for ‘font8x16[605]’)
kernel/font.c:104:40: warning: excess elements in scalar initializer
  104 |     /* 0x7D '}' */ {0,0,0x70,0x18,0x18,0x0E,0x18,0x18,0x70,0,0,0,0,0,0,0},
      |                                        ^~~~
kernel/font.c:104:40: note: (near initialization for ‘font8x16[605]’)
kernel/font.c:104:45: warning: excess elements in scalar initializer
  104 |     /* 0x7D '}' */ {0,0,0x70,0x18,0x18,0x0E,0x18,0x18,0x70,0,0,0,0,0,0,0},
      |                                             ^~~~
kernel/font.c:104:45: note: (near initialization for ‘font8x16[605]’)
kernel/font.c:104:50: warning: excess elements in scalar initializer
  104 |     /* 0x7D '}' */ {0,0,0x70,0x18,0x18,0x0E,0x18,0x18,0x70,0,0,0,0,0,0,0},
      |                                                  ^~~~
kernel/font.c:104:50: note: (near initialization for ‘font8x16[605]’)
kernel/font.c:104:55: warning: excess elements in scalar initializer
  104 |     /* 0x7D '}' */ {0,0,0x70,0x18,0x18,0x0E,0x18,0x18,0x70,0,0,0,0,0,0,0},
      |                                                       ^~~~
kernel/font.c:104:55: note: (near initialization for ‘font8x16[605]’)
kernel/font.c:104:60: warning: excess elements in scalar initializer
  104 |     /* 0x7D '}' */ {0,0,0x70,0x18,0x18,0x0E,0x18,0x18,0x70,0,0,0,0,0,0,0},
      |                                                            ^
kernel/font.c:104:60: note: (near initialization for ‘font8x16[605]’)
kernel/font.c:104:62: warning: excess elements in scalar initializer
  104 |     /* 0x7D '}' */ {0,0,0x70,0x18,0x18,0x0E,0x18,0x18,0x70,0,0,0,0,0,0,0},
      |                                                              ^
kernel/font.c:104:62: note: (near initialization for ‘font8x16[605]’)
kernel/font.c:104:64: warning: excess elements in scalar initializer
  104 |     /* 0x7D '}' */ {0,0,0x70,0x18,0x18,0x0E,0x18,0x18,0x70,0,0,0,0,0,0,0},
      |                                                                ^
kernel/font.c:104:64: note: (near initialization for ‘font8x16[605]’)
kernel/font.c:104:66: warning: excess elements in scalar initializer
  104 |     /* 0x7D '}' */ {0,0,0x70,0x18,0x18,0x0E,0x18,0x18,0x70,0,0,0,0,0,0,0},
      |                                                                  ^
kernel/font.c:104:66: note: (near initialization for ‘font8x16[605]’)
kernel/font.c:104:68: warning: excess elements in scalar initializer
  104 |     /* 0x7D '}' */ {0,0,0x70,0x18,0x18,0x0E,0x18,0x18,0x70,0,0,0,0,0,0,0},
      |                                                                    ^
kernel/font.c:104:68: note: (near initialization for ‘font8x16[605]’)
kernel/font.c:104:70: warning: excess elements in scalar initializer
  104 |     /* 0x7D '}' */ {0,0,0x70,0x18,0x18,0x0E,0x18,0x18,0x70,0,0,0,0,0,0,0},
      |                                                                      ^
kernel/font.c:104:70: note: (near initialization for ‘font8x16[605]’)
kernel/font.c:104:72: warning: excess elements in scalar initializer
  104 |     /* 0x7D '}' */ {0,0,0x70,0x18,0x18,0x0E,0x18,0x18,0x70,0,0,0,0,0,0,0},
      |                                                                        ^
kernel/font.c:104:72: note: (near initialization for ‘font8x16[605]’)
kernel/font.c:105:20: warning: braces around scalar initializer
  105 |     /* 0x7E '~' */ {0,0,0x3B,0x6E,0,0,0,0,0,0,0,0,0,0,0,0}
      |                    ^
kernel/font.c:105:20: note: (near initialization for ‘font8x16[606]’)
kernel/font.c:105:23: warning: excess elements in scalar initializer
  105 |     /* 0x7E '~' */ {0,0,0x3B,0x6E,0,0,0,0,0,0,0,0,0,0,0,0}
      |                       ^
kernel/font.c:105:23: note: (near initialization for ‘font8x16[606]’)
kernel/font.c:105:25: warning: excess elements in scalar initializer
  105 |     /* 0x7E '~' */ {0,0,0x3B,0x6E,0,0,0,0,0,0,0,0,0,0,0,0}
      |                         ^~~~
kernel/font.c:105:25: note: (near initialization for ‘font8x16[606]’)
kernel/font.c:105:30: warning: excess elements in scalar initializer
  105 |     /* 0x7E '~' */ {0,0,0x3B,0x6E,0,0,0,0,0,0,0,0,0,0,0,0}
      |                              ^~~~
kernel/font.c:105:30: note: (near initialization for ‘font8x16[606]’)
kernel/font.c:105:35: warning: excess elements in scalar initializer
  105 |     /* 0x7E '~' */ {0,0,0x3B,0x6E,0,0,0,0,0,0,0,0,0,0,0,0}
      |                                   ^
kernel/font.c:105:35: note: (near initialization for ‘font8x16[606]’)
kernel/font.c:105:37: warning: excess elements in scalar initializer
  105 |     /* 0x7E '~' */ {0,0,0x3B,0x6E,0,0,0,0,0,0,0,0,0,0,0,0}
      |                                     ^
kernel/font.c:105:37: note: (near initialization for ‘font8x16[606]’)
kernel/font.c:105:39: warning: excess elements in scalar initializer
  105 |     /* 0x7E '~' */ {0,0,0x3B,0x6E,0,0,0,0,0,0,0,0,0,0,0,0}
      |                                       ^
kernel/font.c:105:39: note: (near initialization for ‘font8x16[606]’)
kernel/font.c:105:41: warning: excess elements in scalar initializer
  105 |     /* 0x7E '~' */ {0,0,0x3B,0x6E,0,0,0,0,0,0,0,0,0,0,0,0}
      |                                         ^
kernel/font.c:105:41: note: (near initialization for ‘font8x16[606]’)
kernel/font.c:105:43: warning: excess elements in scalar initializer
  105 |     /* 0x7E '~' */ {0,0,0x3B,0x6E,0,0,0,0,0,0,0,0,0,0,0,0}
      |                                           ^
kernel/font.c:105:43: note: (near initialization for ‘font8x16[606]’)
kernel/font.c:105:45: warning: excess elements in scalar initializer
  105 |     /* 0x7E '~' */ {0,0,0x3B,0x6E,0,0,0,0,0,0,0,0,0,0,0,0}
      |                                             ^
kernel/font.c:105:45: note: (near initialization for ‘font8x16[606]’)
kernel/font.c:105:47: warning: excess elements in scalar initializer
  105 |     /* 0x7E '~' */ {0,0,0x3B,0x6E,0,0,0,0,0,0,0,0,0,0,0,0}
      |                                               ^
kernel/font.c:105:47: note: (near initialization for ‘font8x16[606]’)
kernel/font.c:105:49: warning: excess elements in scalar initializer
  105 |     /* 0x7E '~' */ {0,0,0x3B,0x6E,0,0,0,0,0,0,0,0,0,0,0,0}
      |                                                 ^
kernel/font.c:105:49: note: (near initialization for ‘font8x16[606]’)
kernel/font.c:105:51: warning: excess elements in scalar initializer
  105 |     /* 0x7E '~' */ {0,0,0x3B,0x6E,0,0,0,0,0,0,0,0,0,0,0,0}
      |                                                   ^
kernel/font.c:105:51: note: (near initialization for ‘font8x16[606]’)
kernel/font.c:105:53: warning: excess elements in scalar initializer
  105 |     /* 0x7E '~' */ {0,0,0x3B,0x6E,0,0,0,0,0,0,0,0,0,0,0,0}
      |                                                     ^
kernel/font.c:105:53: note: (near initialization for ‘font8x16[606]’)
kernel/font.c:105:55: warning: excess elements in scalar initializer
  105 |     /* 0x7E '~' */ {0,0,0x3B,0x6E,0,0,0,0,0,0,0,0,0,0,0,0}
      |                                                       ^
kernel/font.c:105:55: note: (near initialization for ‘font8x16[606]’)
kernel/font.c:105:57: warning: excess elements in scalar initializer
  105 |     /* 0x7E '~' */ {0,0,0x3B,0x6E,0,0,0,0,0,0,0,0,0,0,0,0}
      |                                                         ^
kernel/font.c:105:57: note: (near initialization for ‘font8x16[606]’)
x86_64-linux-gnu-gcc -Wall -Wextra -ffreestanding -mcmodel=kernel -mno-red-zone -mno-mmx -mno-sse -mno-sse2 -fno-pic -fno-pie -O2 -Iinclude -MMD -DSHADOWBOX_VERSION=\"973cde5-dirty\" -fno-stack-protector -c kernel/calendar.c -o kernel/calendar.o
In file included from include/calendar.h:4,
                 from kernel/calendar.c:1:
include/types.h:34: warning: "offsetof" redefined
   34 | #define offsetof(type, member) ((size_t)&((type *)0)->member)
      | 
In file included from include/types.h:7,
                 from include/calendar.h:4,
                 from kernel/calendar.c:1:
/usr/lib/gcc/x86_64-linux-gnu/11/include/stddef.h:406: note: this is the location of the previous definition
  406 | #define offsetof(TYPE, MEMBER) __builtin_offsetof (TYPE, MEMBER)
      | 
x86_64-linux-gnu-gcc -Wall -Wextra -ffreestanding -mcmodel=kernel -mno-red-zone -mno-mmx -mno-sse -mno-sse2 -fno-pic -fno-pie -O2 -Iinclude -MMD -DSHADOWBOX_VERSION=\"973cde5-dirty\" -fno-stack-protector -c kernel/boot.c -o kernel/boot.o
x86_64-linux-gnu-gcc -Wall -Wextra -ffreestanding -mcmodel=kernel -mno-red-zone -mno-mmx -mno-sse -mno-sse2 -fno-pic -fno-pie -O2 -Iinclude -MMD -DSHADOWBOX_VERSION=\"973cde5-dirty\" -fno-stack-protector -c kernel/drivers/input/usb_hid_driver.c -o kernel/drivers/input/usb_hid_driver.o
In file included from include/boot.h:4,
                 from kernel/boot.c:1:
include/types.h:34: warning: "offsetof" redefined
   34 | #define offsetof(type, member) ((size_t)&((type *)0)->member)
      | 
In file included from include/types.h:7,
                 from include/boot.h:4,
                 from kernel/boot.c:1:
/usr/lib/gcc/x86_64-linux-gnu/11/include/stddef.h:406: note: this is the location of the previous definition
  406 | #define offsetof(TYPE, MEMBER) __builtin_offsetof (TYPE, MEMBER)
      | 
x86_64-linux-gnu-gcc -Wall -Wextra -ffreestanding -mcmodel=kernel -mno-red-zone -mno-mmx -mno-sse -mno-sse2 -fno-pic -fno-pie -O2 -Iinclude -MMD -DSHADOWBOX_VERSION=\"973cde5-dirty\" -fno-stack-protector -c kernel/main.c -o kernel/main.o
In file included from include/usb.h:4,
                 from kernel/drivers/input/usb_hid_driver.c:2:
include/types.h:34: warning: "offsetof" redefined
   34 | #define offsetof(type, member) ((size_t)&((type *)0)->member)
      | 
In file included from kernel/boot.c:2:
kernel/boot.c: In function ‘boot_stage_end’:
include/kernel.h:22:22: warning: format ‘%llu’ expects argument of type ‘long long unsigned int’, but argument 3 has type ‘uint64_t’ {aka ‘long unsigned int’} [-Wformat=]
   22 | #define KERN_INFO    "<6>"
      |                      ^~~~~
kernel/boot.c:39:12: note: in expansion of macro ‘KERN_INFO’
   39 |     printk(KERN_INFO "BOOT: %s done (%llu us)\n", stages[idx].name, elapsed);
      |            ^~~~~~~~~
In file included from include/types.h:7,
                 from include/usb.h:4,
                 from kernel/drivers/input/usb_hid_driver.c:2:
/usr/lib/gcc/x86_64-linux-gnu/11/include/stddef.h:406: note: this is the location of the previous definition
  406 | #define offsetof(TYPE, MEMBER) __builtin_offsetof (TYPE, MEMBER)
      | 
kernel/boot.c:39:41: note: format string is defined here
   39 |     printk(KERN_INFO "BOOT: %s done (%llu us)\n", stages[idx].name, elapsed);
      |                                      ~~~^
      |                                         |
      |                                         long long unsigned int
      |                                      %lu
In file included from kernel/boot.c:2:
kernel/boot.c: In function ‘boot_stages_summary’:
include/kernel.h:22:22: warning: format ‘%llu’ expects argument of type ‘long long unsigned int’, but argument 4 has type ‘uint64_t’ {aka ‘long unsigned int’} [-Wformat=]
   22 | #define KERN_INFO    "<6>"
      |                      ^~~~~
kernel/boot.c:50:16: note: in expansion of macro ‘KERN_INFO’
   50 |         printk(KERN_INFO "BOOT:   %d. %s %llu us\n", i + 1, stages[i].name, elapsed);
      |                ^~~~~~~~~
kernel/boot.c:50:45: note: format string is defined here
   50 |         printk(KERN_INFO "BOOT:   %d. %s %llu us\n", i + 1, stages[i].name, elapsed);
      |                                          ~~~^
      |                                             |
      |                                             long long unsigned int
      |                                          %lu
In file included from kernel/boot.c:2:
include/kernel.h:22:22: warning: format ‘%llu’ expects argument of type ‘long long unsigned int’, but argument 2 has type ‘uint64_t’ {aka ‘long unsigned int’} [-Wformat=]
   22 | #define KERN_INFO    "<6>"
      |                      ^~~~~
kernel/boot.c:52:12: note: in expansion of macro ‘KERN_INFO’
   52 |     printk(KERN_INFO "BOOT: Total boot time: %llu us\n", total);
      |            ^~~~~~~~~
kernel/boot.c:52:49: note: format string is defined here
   52 |     printk(KERN_INFO "BOOT: Total boot time: %llu us\n", total);
      |                                              ~~~^
      |                                                 |
      |                                                 long long unsigned int
      |                                              %lu
In file included from include/usb.h:4,
                 from kernel/drivers/input/usb_hid_driver.c:2:
include/types.h:32:14: warning: excess elements in struct initializer
   32 | #define NULL ((void *)0)
      |              ^
kernel/drivers/input/usb_hid_driver.c:43:5: note: in expansion of macro ‘NULL’
   43 |     NULL
      |     ^~~~
include/types.h:32:14: note: (near initialization for ‘usb_hid_driver’)
   32 | #define NULL ((void *)0)
      |              ^
kernel/drivers/input/usb_hid_driver.c:43:5: note: in expansion of macro ‘NULL’
   43 |     NULL
      |     ^~~~
In file included from kernel/main.c:1:
include/types.h:34: warning: "offsetof" redefined
   34 | #define offsetof(type, member) ((size_t)&((type *)0)->member)
      | 
In file included from include/types.h:7,
                 from kernel/main.c:1:
/usr/lib/gcc/x86_64-linux-gnu/11/include/stddef.h:406: note: this is the location of the previous definition
  406 | #define offsetof(TYPE, MEMBER) __builtin_offsetof (TYPE, MEMBER)
      | 
x86_64-linux-gnu-gcc -Wall -Wextra -ffreestanding -mcmodel=kernel -mno-red-zone -mno-mmx -mno-sse -mno-sse2 -fno-pic -fno-pie -O2 -Iinclude -MMD -DSHADOWBOX_VERSION=\"973cde5-dirty\" -fno-stack-protector -c kernel/acpi/thermal.c -o kernel/acpi/thermal.o
In file included from include/acpi.h:4,
                 from kernel/acpi/thermal.c:5:
include/types.h:34: warning: "offsetof" redefined
   34 | #define offsetof(type, member) ((size_t)&((type *)0)->member)
      | 
In file included from kernel/acpi/thermal.c:4:
/usr/lib/gcc/x86_64-linux-gnu/11/include/stddef.h:406: note: this is the location of the previous definition
  406 | #define offsetof(TYPE, MEMBER) __builtin_offsetof (TYPE, MEMBER)
      | 
x86_64-linux-gnu-gcc -Wall -Wextra -ffreestanding -mcmodel=kernel -mno-red-zone -mno-mmx -mno-sse -mno-sse2 -fno-pic -fno-pie -O2 -Iinclude -MMD -DSHADOWBOX_VERSION=\"973cde5-dirty\" -fno-stack-protector -c kernel/acpi/parser.c -o kernel/acpi/parser.o
In file included from kernel/main.c:2:
kernel/main.c: In function ‘init_user_thread’:
include/kernel.h:22:22: warning: format ‘%llx’ expects argument of type ‘long long unsigned int’, but argument 2 has type ‘uint64_t’ {aka ‘long unsigned int’} [-Wformat=]
   22 | #define KERN_INFO    "<6>"
      |                      ^~~~~
kernel/main.c:476:12: note: in expansion of macro ‘KERN_INFO’
  476 |     printk(KERN_INFO "ShadowBox: jumping to user mode at %llx...\n", entry_point);
      |            ^~~~~~~~~
kernel/main.c:476:61: note: format string is defined here
  476 |     printk(KERN_INFO "ShadowBox: jumping to user mode at %llx...\n", entry_point);
      |                                                          ~~~^
      |                                                             |
      |                                                             long long unsigned int
      |                                                          %lx
In file included from include/acpi.h:4,
                 from kernel/acpi/parser.c:5:
include/types.h:34: warning: "offsetof" redefined
   34 | #define offsetof(type, member) ((size_t)&((type *)0)->member)
      | 
In file included from kernel/acpi/parser.c:4:
/usr/lib/gcc/x86_64-linux-gnu/11/include/stddef.h:406: note: this is the location of the previous definition
  406 | #define offsetof(TYPE, MEMBER) __builtin_offsetof (TYPE, MEMBER)
      | 
x86_64-linux-gnu-gcc -Wall -Wextra -ffreestanding -mcmodel=kernel -mno-red-zone -mno-mmx -mno-sse -mno-sse2 -fno-pic -fno-pie -O2 -Iinclude -MMD -DSHADOWBOX_VERSION=\"973cde5-dirty\" -fno-stack-protector -c kernel/acpi/aml.c -o kernel/acpi/aml.o
x86_64-linux-gnu-gcc -Wall -Wextra -ffreestanding -mcmodel=kernel -mno-red-zone -mno-mmx -mno-sse -mno-sse2 -fno-pic -fno-pie -O2 -Iinclude -MMD -DSHADOWBOX_VERSION=\"973cde5-dirty\" -fno-stack-protector -c kernel/acpi/battery.c -o kernel/acpi/battery.o
In file included from include/acpi.h:4,
                 from kernel/acpi/battery.c:4:
include/types.h:34: warning: "offsetof" redefined
   34 | #define offsetof(type, member) ((size_t)&((type *)0)->member)
      | 
In file included from include/types.h:7,
                 from include/acpi.h:4,
                 from kernel/acpi/battery.c:4:
/usr/lib/gcc/x86_64-linux-gnu/11/include/stddef.h:406: note: this is the location of the previous definition
  406 | #define offsetof(TYPE, MEMBER) __builtin_offsetof (TYPE, MEMBER)
      | 
In file included from include/acpi.h:4,
                 from kernel/acpi/aml.c:3:
include/types.h:34: warning: "offsetof" redefined
   34 | #define offsetof(type, member) ((size_t)&((type *)0)->member)
      | 
In file included from kernel/acpi/aml.c:1:
/usr/lib/gcc/x86_64-linux-gnu/11/include/stddef.h:406: note: this is the location of the previous definition
  406 | #define offsetof(TYPE, MEMBER) __builtin_offsetof (TYPE, MEMBER)
      | 
x86_64-linux-gnu-gcc -Wall -Wextra -ffreestanding -mcmodel=kernel -mno-red-zone -mno-mmx -mno-sse -mno-sse2 -fno-pic -fno-pie -O2 -Iinclude -MMD -DSHADOWBOX_VERSION=\"973cde5-dirty\" -fno-stack-protector -c kernel/seccomp.c -o kernel/seccomp.o
In file included from include/security.h:4,
                 from kernel/seccomp.c:1:
include/types.h:34: warning: "offsetof" redefined
   34 | #define offsetof(type, member) ((size_t)&((type *)0)->member)
      | 
In file included from include/types.h:7,
                 from include/security.h:4,
                 from kernel/seccomp.c:1:
/usr/lib/gcc/x86_64-linux-gnu/11/include/stddef.h:406: note: this is the location of the previous definition
  406 | #define offsetof(TYPE, MEMBER) __builtin_offsetof (TYPE, MEMBER)
      | 
x86_64-linux-gnu-gcc -Wall -Wextra -ffreestanding -mcmodel=kernel -mno-red-zone -mno-mmx -mno-sse -mno-sse2 -fno-pic -fno-pie -O2 -Iinclude -MMD -DSHADOWBOX_VERSION=\"973cde5-dirty\" -fno-stack-protector -c kernel/micro_ipc.c -o kernel/micro_ipc.o
x86_64-linux-gnu-gcc -Wall -Wextra -ffreestanding -mcmodel=kernel -mno-red-zone -mno-mmx -mno-sse -mno-sse2 -fno-pic -fno-pie -O2 -Iinclude -MMD -DSHADOWBOX_VERSION=\"973cde5-dirty\" -fno-stack-protector -c kernel/driver.c -o kernel/driver.o
In file included from include/kernel.h:4,
                 from kernel/micro_ipc.c:1:
include/types.h:34: warning: "offsetof" redefined
   34 | #define offsetof(type, member) ((size_t)&((type *)0)->member)
      | 
In file included from include/device.h:4,
                 from include/bus.h:4,
                 from kernel/driver.c:1:
include/types.h:34: warning: "offsetof" redefined
   34 | #define offsetof(type, member) ((size_t)&((type *)0)->member)
      | 
In file included from include/types.h:7,
                 from include/kernel.h:4,
                 from kernel/micro_ipc.c:1:
/usr/lib/gcc/x86_64-linux-gnu/11/include/stddef.h:406: note: this is the location of the previous definition
  406 | #define offsetof(TYPE, MEMBER) __builtin_offsetof (TYPE, MEMBER)
      | 
In file included from include/types.h:7,
                 from include/device.h:4,
                 from include/bus.h:4,
                 from kernel/driver.c:1:
/usr/lib/gcc/x86_64-linux-gnu/11/include/stddef.h:406: note: this is the location of the previous definition
  406 | #define offsetof(TYPE, MEMBER) __builtin_offsetof (TYPE, MEMBER)
      | 
x86_64-linux-gnu-gcc -Wall -Wextra -ffreestanding -mcmodel=kernel -mno-red-zone -mno-mmx -mno-sse -mno-sse2 -fno-pic -fno-pie -O2 -Iinclude -MMD -DSHADOWBOX_VERSION=\"973cde5-dirty\" -fno-stack-protector -c kernel/power.c -o kernel/power.o
In file included from include/power.h:4,
                 from kernel/power.c:1:
include/types.h:34: warning: "offsetof" redefined
   34 | #define offsetof(type, member) ((size_t)&((type *)0)->member)
      | 
In file included from include/types.h:7,
                 from include/power.h:4,
                 from kernel/power.c:1:
/usr/lib/gcc/x86_64-linux-gnu/11/include/stddef.h:406: note: this is the location of the previous definition
  406 | #define offsetof(TYPE, MEMBER) __builtin_offsetof (TYPE, MEMBER)
      | 
x86_64-linux-gnu-gcc -Wall -Wextra -ffreestanding -mcmodel=kernel -mno-red-zone -mno-mmx -mno-sse -mno-sse2 -fno-pic -fno-pie -O2 -Iinclude -MMD -DSHADOWBOX_VERSION=\"973cde5-dirty\" -fno-stack-protector -c kernel/syscall.c -o kernel/syscall.o
In file included from include/syscall.h:4,
                 from kernel/syscall.c:1:
include/types.h:34: warning: "offsetof" redefined
   34 | #define offsetof(type, member) ((size_t)&((type *)0)->member)
      | 
In file included from include/types.h:7,
                 from include/syscall.h:4,
                 from kernel/syscall.c:1:
/usr/lib/gcc/x86_64-linux-gnu/11/include/stddef.h:406: note: this is the location of the previous definition
  406 | #define offsetof(TYPE, MEMBER) __builtin_offsetof (TYPE, MEMBER)
      | 
In file included from kernel/syscall.c:14:
include/ipc.h:11: warning: "O_NONBLOCK" redefined
   11 | #define O_NONBLOCK 04000
      | 
In file included from kernel/syscall.c:10:
include/fcntl.h:12: note: this is the location of the previous definition
   12 | #define O_NONBLOCK  0x800
      | 
kernel/syscall.c:35: warning: "MAX_PIPES" redefined
   35 | #define MAX_PIPES 64
      | 
In file included from kernel/syscall.c:14:
include/ipc.h:10: note: this is the location of the previous definition
   10 | #define MAX_PIPES 128
      | 
kernel/syscall.c: In function ‘sys_pipe’:
kernel/syscall.c:585:23: warning: comparison of integer expressions of different signedness: ‘int’ and ‘long unsigned int’ [-Wsign-compare]
  585 |     for (int i = 0; i < sizeof(struct pipe); i++) ((char*)p)[i] = 0;
      |                       ^
kernel/syscall.c: In function ‘sys_dup2’:
kernel/syscall.c:637:15: warning: comparison of unsigned expression in ‘< 0’ is always false [-Wtype-limits]
  637 |     if (newfd < 0 || newfd >= MAX_FDS) return -EBADF;
      |               ^
kernel/syscall.c: In function ‘sys_shmget’:
kernel/syscall.c:750:82: warning: unused parameter ‘unused1’ [-Wunused-parameter]
  750 | static uint64_t sys_shmget(uint64_t key, uint64_t size, uint64_t flags, uint64_t unused1, uint64_t unused2) {
      |                                                                         ~~~~~~~~~^~~~~~~
kernel/syscall.c:750:100: warning: unused parameter ‘unused2’ [-Wunused-parameter]
  750 | static uint64_t sys_shmget(uint64_t key, uint64_t size, uint64_t flags, uint64_t unused1, uint64_t unused2) {
      |                                                                                           ~~~~~~~~~^~~~~~~
kernel/syscall.c: In function ‘sys_shmat’:
kernel/syscall.c:753:87: warning: unused parameter ‘unused1’ [-Wunused-parameter]
  753 | static uint64_t sys_shmat(uint64_t shmid, uint64_t shmaddr, uint64_t shmflg, uint64_t unused1, uint64_t unused2) {
      |                                                                              ~~~~~~~~~^~~~~~~
kernel/syscall.c:753:105: warning: unused parameter ‘unused2’ [-Wunused-parameter]
  753 | static uint64_t sys_shmat(uint64_t shmid, uint64_t shmaddr, uint64_t shmflg, uint64_t unused1, uint64_t unused2) {
      |                                                                                                ~~~~~~~~~^~~~~~~
kernel/syscall.c: In function ‘sys_shmdt’:
kernel/syscall.c:756:54: warning: unused parameter ‘unused1’ [-Wunused-parameter]
  756 | static uint64_t sys_shmdt(uint64_t shmaddr, uint64_t unused1, uint64_t unused2, uint64_t unused3, uint64_t unused4) {
      |                                             ~~~~~~~~~^~~~~~~
kernel/syscall.c:756:72: warning: unused parameter ‘unused2’ [-Wunused-parameter]
  756 | static uint64_t sys_shmdt(uint64_t shmaddr, uint64_t unused1, uint64_t unused2, uint64_t unused3, uint64_t unused4) {
      |                                                               ~~~~~~~~~^~~~~~~
kernel/syscall.c:756:90: warning: unused parameter ‘unused3’ [-Wunused-parameter]
  756 | static uint64_t sys_shmdt(uint64_t shmaddr, uint64_t unused1, uint64_t unused2, uint64_t unused3, uint64_t unused4) {
      |                                                                                 ~~~~~~~~~^~~~~~~
kernel/syscall.c:756:108: warning: unused parameter ‘unused4’ [-Wunused-parameter]
  756 | static uint64_t sys_shmdt(uint64_t shmaddr, uint64_t unused1, uint64_t unused2, uint64_t unused3, uint64_t unused4) {
      |                                                                                                   ~~~~~~~~~^~~~~~~
kernel/syscall.c: In function ‘sys_shmctl’:
kernel/syscall.c:759:81: warning: unused parameter ‘unused1’ [-Wunused-parameter]
  759 | static uint64_t sys_shmctl(uint64_t shmid, uint64_t cmd, uint64_t buf, uint64_t unused1, uint64_t unused2) {
      |                                                                        ~~~~~~~~~^~~~~~~
kernel/syscall.c:759:99: warning: unused parameter ‘unused2’ [-Wunused-parameter]
  759 | static uint64_t sys_shmctl(uint64_t shmid, uint64_t cmd, uint64_t buf, uint64_t unused1, uint64_t unused2) {
      |                                                                                          ~~~~~~~~~^~~~~~~
kernel/syscall.c: In function ‘sys_clipboard_set’:
kernel/syscall.c:1001:77: warning: unused parameter ‘unused1’ [-Wunused-parameter]
 1001 | static uint64_t sys_clipboard_set(uint64_t user_buf, uint64_t len, uint64_t unused1, uint64_t unused2, uint64_t unused3) {
      |                                                                    ~~~~~~~~~^~~~~~~
kernel/syscall.c:1001:95: warning: unused parameter ‘unused2’ [-Wunused-parameter]
 1001 | static uint64_t sys_clipboard_set(uint64_t user_buf, uint64_t len, uint64_t unused1, uint64_t unused2, uint64_t unused3) {
      |                                                                                      ~~~~~~~~~^~~~~~~
kernel/syscall.c:1001:113: warning: unused parameter ‘unused3’ [-Wunused-parameter]
 1001 | static uint64_t sys_clipboard_set(uint64_t user_buf, uint64_t len, uint64_t unused1, uint64_t unused2, uint64_t unused3) {
      |                                                                                                        ~~~~~~~~~^~~~~~~
kernel/syscall.c: In function ‘sys_clipboard_get’:
kernel/syscall.c:1011:80: warning: unused parameter ‘unused1’ [-Wunused-parameter]
 1011 | static uint64_t sys_clipboard_get(uint64_t user_buf, uint64_t maxlen, uint64_t unused1, uint64_t unused2, uint64_t unused3) {
      |                                                                       ~~~~~~~~~^~~~~~~
kernel/syscall.c:1011:98: warning: unused parameter ‘unused2’ [-Wunused-parameter]
 1011 | static uint64_t sys_clipboard_get(uint64_t user_buf, uint64_t maxlen, uint64_t unused1, uint64_t unused2, uint64_t unused3) {
      |                                                                                         ~~~~~~~~~^~~~~~~
kernel/syscall.c:1011:116: warning: unused parameter ‘unused3’ [-Wunused-parameter]
 1011 | static uint64_t sys_clipboard_get(uint64_t user_buf, uint64_t maxlen, uint64_t unused1, uint64_t unused2, uint64_t unused3) {
      |                                                                                                           ~~~~~~~~~^~~~~~~
kernel/syscall.c: In function ‘rtc_to_unix’:
kernel/syscall.c:1095:26: warning: comparison of integer expressions of different signedness: ‘int’ and ‘uint32_t’ {aka ‘unsigned int’} [-Wsign-compare]
 1095 |     for (int y = 1970; y < year; y++) {
      |                          ^
x86_64-linux-gnu-gcc -Wall -Wextra -ffreestanding -mcmodel=kernel -mno-red-zone -mno-mmx -mno-sse -mno-sse2 -fno-pic -fno-pie -O2 -Iinclude -MMD -DSHADOWBOX_VERSION=\"973cde5-dirty\" -fno-stack-protector -c kernel/task.c -o kernel/task.o
kernel/syscall.c: In function ‘sb_socket_create_wrapper’:
kernel/syscall.c:1123:32: warning: implicit declaration of function ‘sb_socket_create’; did you mean ‘sb_socket_create_wrapper’? [-Wimplicit-function-declaration]
 1123 |     (void)u1; (void)u2; return sb_socket_create((int)domain, (int)type, (int)protocol);
      |                                ^~~~~~~~~~~~~~~~
      |                                sb_socket_create_wrapper
kernel/syscall.c: In function ‘sb_socket_connect_wrapper’:
kernel/syscall.c:1126:32: warning: implicit declaration of function ‘sb_socket_connect’; did you mean ‘sb_socket_connect_wrapper’? [-Wimplicit-function-declaration]
 1126 |     (void)u1; (void)u2; return sb_socket_connect((int)sockfd, (const void*)addr, (size_t)addrlen);
      |                                ^~~~~~~~~~~~~~~~~
      |                                sb_socket_connect_wrapper
kernel/syscall.c: In function ‘sb_socket_bind_wrapper’:
kernel/syscall.c:1129:32: warning: implicit declaration of function ‘sb_socket_bind’; did you mean ‘sb_socket_bind_wrapper’? [-Wimplicit-function-declaration]
 1129 |     (void)u1; (void)u2; return sb_socket_bind((int)sockfd, (const void*)addr, (size_t)addrlen);
      |                                ^~~~~~~~~~~~~~
      |                                sb_socket_bind_wrapper
kernel/syscall.c: In function ‘sb_socket_listen_wrapper’:
kernel/syscall.c:1132:42: warning: implicit declaration of function ‘sb_socket_listen’; did you mean ‘sb_socket_listen_wrapper’? [-Wimplicit-function-declaration]
 1132 |     (void)u1; (void)u2; (void)u3; return sb_socket_listen((int)sockfd, (int)backlog);
      |                                          ^~~~~~~~~~~~~~~~
      |                                          sb_socket_listen_wrapper
kernel/syscall.c: In function ‘sb_socket_accept_wrapper’:
kernel/syscall.c:1135:32: warning: implicit declaration of function ‘sb_socket_accept’; did you mean ‘sb_socket_accept_wrapper’? [-Wimplicit-function-declaration]
 1135 |     (void)u1; (void)u2; return sb_socket_accept((int)sockfd, (void*)addr, (size_t*)addrlen);
      |                                ^~~~~~~~~~~~~~~~
      |                                sb_socket_accept_wrapper
kernel/syscall.c: In function ‘sys_fb_mmap’:
kernel/syscall.c:1252:14: warning: unused variable ‘width’ [-Wunused-variable]
 1252 |     uint32_t width = fb_get_width();
      |              ^~~~~
kernel/syscall.c: At top level:
kernel/syscall.c:1393:26: warning: initialized field overwritten [-Woverride-init]
 1393 |     [100]              = sys_times,
      |                          ^~~~~~~~~
kernel/syscall.c:1393:26: note: (near initialization for ‘syscall_table[100]’)
In file included from include/task.h:4,
                 from kernel/task.c:1:
include/types.h:34: warning: "offsetof" redefined
   34 | #define offsetof(type, member) ((size_t)&((type *)0)->member)
      | 
In file included from include/types.h:7,
                 from include/task.h:4,
                 from kernel/task.c:1:
/usr/lib/gcc/x86_64-linux-gnu/11/include/stddef.h:406: note: this is the location of the previous definition
  406 | #define offsetof(TYPE, MEMBER) __builtin_offsetof (TYPE, MEMBER)
      | 
kernel/task.c: In function ‘do_exit’:
kernel/task.c:77:25: warning: comparison of integer expressions of different signedness: ‘int’ and ‘uint32_t’ {aka ‘unsigned int’} [-Wsign-compare]
   77 |             if (p->ppid == current_proc->pid && p != current_proc) {
      |                         ^~
x86_64-linux-gnu-gcc -Wall -Wextra -ffreestanding -mcmodel=kernel -mno-red-zone -mno-mmx -mno-sse -mno-sse2 -fno-pic -fno-pie -O2 -Iinclude -MMD -DSHADOWBOX_VERSION=\"973cde5-dirty\" -fno-stack-protector -c kernel/keyboard_shortcuts.c -o kernel/keyboard_shortcuts.o
In file included from include/hid_kbd.h:4,
                 from include/keyboard_shortcuts.h:5,
                 from kernel/keyboard_shortcuts.c:3:
include/types.h:34: warning: "offsetof" redefined
   34 | #define offsetof(type, member) ((size_t)&((type *)0)->member)
      | 
In file included from include/types.h:7,
                 from include/hid_kbd.h:4,
                 from include/keyboard_shortcuts.h:5,
                 from kernel/keyboard_shortcuts.c:3:
/usr/lib/gcc/x86_64-linux-gnu/11/include/stddef.h:406: note: this is the location of the previous definition
  406 | #define offsetof(TYPE, MEMBER) __builtin_offsetof (TYPE, MEMBER)
      | 
x86_64-linux-gnu-gcc -Wall -Wextra -ffreestanding -mcmodel=kernel -mno-red-zone -mno-mmx -mno-sse -mno-sse2 -fno-pic -fno-pie -O2 -Iinclude -MMD -DSHADOWBOX_VERSION=\"973cde5-dirty\" -fno-stack-protector -c kernel/vfs.c -o kernel/vfs.o
x86_64-linux-gnu-gcc -Wall -Wextra -ffreestanding -mcmodel=kernel -mno-red-zone -mno-mmx -mno-sse -mno-sse2 -fno-pic -fno-pie -O2 -Iinclude -MMD -DSHADOWBOX_VERSION=\"973cde5-dirty\" -fno-stack-protector -c fs/block.c -o fs/block.o
In file included from include/vfs.h:4,
                 from kernel/vfs.c:1:
include/types.h:34: warning: "offsetof" redefined
   34 | #define offsetof(type, member) ((size_t)&((type *)0)->member)
      | 
In file included from include/types.h:7,
                 from include/vfs.h:4,
                 from kernel/vfs.c:1:
/usr/lib/gcc/x86_64-linux-gnu/11/include/stddef.h:406: note: this is the location of the previous definition
  406 | #define offsetof(TYPE, MEMBER) __builtin_offsetof (TYPE, MEMBER)
      | 
kernel/vfs.c: In function ‘vfs_mkdir’:
kernel/vfs.c:193:61: warning: unused parameter ‘mode’ [-Wunused-parameter]
  193 | int vfs_mkdir(const char *path, vfs_node_t *start, uint32_t mode) {
      |                                                    ~~~~~~~~~^~~~
kernel/vfs.c: In function ‘vfs_unlock_file’:
kernel/vfs.c:304:48: warning: unused parameter ‘start’ [-Wunused-parameter]
  304 | int vfs_unlock_file(vfs_node_t *node, uint64_t start, uint64_t end, uint32_t owner) {
      |                                       ~~~~~~~~~^~~~~
kernel/vfs.c:304:64: warning: unused parameter ‘end’ [-Wunused-parameter]
  304 | int vfs_unlock_file(vfs_node_t *node, uint64_t start, uint64_t end, uint32_t owner) {
      |                                                       ~~~~~~~~~^~~
In file included from include/block.h:4,
                 from fs/block.c:1:
include/types.h:34: warning: "offsetof" redefined
   34 | #define offsetof(type, member) ((size_t)&((type *)0)->member)
      | 
In file included from include/types.h:7,
                 from include/block.h:4,
                 from fs/block.c:1:
/usr/lib/gcc/x86_64-linux-gnu/11/include/stddef.h:406: note: this is the location of the previous definition
  406 | #define offsetof(TYPE, MEMBER) __builtin_offsetof (TYPE, MEMBER)
      | 
In file included from fs/block.c:2:
fs/block.c: In function ‘block_register_device’:
include/kernel.h:22:22: warning: format ‘%llu’ expects argument of type ‘long long unsigned int’, but argument 3 has type ‘uint64_t’ {aka ‘long unsigned int’} [-Wformat=]
   22 | #define KERN_INFO    "<6>"
      |                      ^~~~~
fs/block.c:17:12: note: in expansion of macro ‘KERN_INFO’
   17 |     printk(KERN_INFO "BLOCK: Registered device '%s' (size=%llu blocks)\n", dev->name, dev->total_blocks);
      |            ^~~~~~~~~
fs/block.c:17:62: note: format string is defined here
   17 |     printk(KERN_INFO "BLOCK: Registered device '%s' (size=%llu blocks)\n", dev->name, dev->total_blocks);
      |                                                           ~~~^
      |                                                              |
      |                                                              long long unsigned int
      |                                                           %lu
x86_64-linux-gnu-gcc -Wall -Wextra -ffreestanding -mcmodel=kernel -mno-red-zone -mno-mmx -mno-sse -mno-sse2 -fno-pic -fno-pie -O2 -Iinclude -MMD -DSHADOWBOX_VERSION=\"973cde5-dirty\" -fno-stack-protector -c fs/ext2.c -o fs/ext2.o
In file included from include/ext2.h:4,
                 from fs/ext2.c:1:
include/types.h:34: warning: "offsetof" redefined
   34 | #define offsetof(type, member) ((size_t)&((type *)0)->member)
      | 
In file included from include/types.h:7,
                 from include/ext2.h:4,
                 from fs/ext2.c:1:
/usr/lib/gcc/x86_64-linux-gnu/11/include/stddef.h:406: note: this is the location of the previous definition
  406 | #define offsetof(TYPE, MEMBER) __builtin_offsetof (TYPE, MEMBER)
      | 
fs/ext2.c: In function ‘ext2_create_file’:
fs/ext2.c:453:81: warning: unused parameter ‘flags’ [-Wunused-parameter]
  453 | static vfs_node_t *ext2_create_file(vfs_node_t *dir, const char *name, uint32_t flags) {
      |                                                                        ~~~~~~~~~^~~~~
At top level:
fs/ext2.c:536:12: warning: ‘ext2_unlink’ defined but not used [-Wunused-function]
  536 | static int ext2_unlink(vfs_node_t *dir, const char *name) {
      |            ^~~~~~~~~~~
fs/ext2.c:492:20: warning: ‘ext2_mkdir’ defined but not used [-Wunused-function]
  492 | static vfs_node_t *ext2_mkdir(vfs_node_t *dir, const char *name) {
      |                    ^~~~~~~~~~
x86_64-linux-gnu-gcc -Wall -Wextra -ffreestanding -mcmodel=kernel -mno-red-zone -mno-mmx -mno-sse -mno-sse2 -fno-pic -fno-pie -O2 -Iinclude -MMD -DSHADOWBOX_VERSION=\"973cde5-dirty\" -fno-stack-protector -c fs/devfs.c -o fs/devfs.o
In file included from include/kernel.h:4,
                 from fs/devfs.c:2:
include/types.h:34: warning: "offsetof" redefined
   34 | #define offsetof(type, member) ((size_t)&((type *)0)->member)
      | 
In file included from include/types.h:7,
                 from include/kernel.h:4,
                 from fs/devfs.c:2:
/usr/lib/gcc/x86_64-linux-gnu/11/include/stddef.h:406: note: this is the location of the previous definition
  406 | #define offsetof(TYPE, MEMBER) __builtin_offsetof (TYPE, MEMBER)
      | 
x86_64-linux-gnu-gcc -Wall -Wextra -ffreestanding -mcmodel=kernel -mno-red-zone -mno-mmx -mno-sse -mno-sse2 -fno-pic -fno-pie -O2 -Iinclude -MMD -DSHADOWBOX_VERSION=\"973cde5-dirty\" -fno-stack-protector -c fs/procfs.c -o fs/procfs.o
In file included from include/kernel.h:4,
                 from fs/procfs.c:2:
include/types.h:34: warning: "offsetof" redefined
   34 | #define offsetof(type, member) ((size_t)&((type *)0)->member)
      | 
In file included from include/types.h:7,
                 from include/kernel.h:4,
                 from fs/procfs.c:2:
/usr/lib/gcc/x86_64-linux-gnu/11/include/stddef.h:406: note: this is the location of the previous definition
  406 | #define offsetof(TYPE, MEMBER) __builtin_offsetof (TYPE, MEMBER)
      | 
fs/procfs.c: In function ‘proc_meminfo_read’:
fs/procfs.c:24:14: warning: unused variable ‘used_kb’ [-Wunused-variable]
   24 |     uint64_t used_kb = (used_mem * 4096) / 1024;
      |              ^~~~~~~
x86_64-linux-gnu-gcc -Wall -Wextra -ffreestanding -mcmodel=kernel -mno-red-zone -mno-mmx -mno-sse -mno-sse2 -fno-pic -fno-pie -O2 -Iinclude -MMD -DSHADOWBOX_VERSION=\"973cde5-dirty\" -fno-stack-protector -c fs/sysfs.c -o fs/sysfs.o
In file included from include/sysfs.h:4,
                 from fs/sysfs.c:33:
include/types.h:34: warning: "offsetof" redefined
   34 | #define offsetof(type, member) ((size_t)&((type *)0)->member)
      | 
In file included from include/types.h:7,
                 from include/sysfs.h:4,
                 from fs/sysfs.c:33:
/usr/lib/gcc/x86_64-linux-gnu/11/include/stddef.h:406: note: this is the location of the previous definition
  406 | #define offsetof(TYPE, MEMBER) __builtin_offsetof (TYPE, MEMBER)
      | 
fs/sysfs.c: In function ‘sysfs_netinfo_read’:
fs/sysfs.c:115:23: warning: comparison of integer expressions of different signedness: ‘int’ and ‘long unsigned int’ [-Wsign-compare]
  115 |     while (dev && pos < sizeof(data) - 128) {
      |                       ^
x86_64-linux-gnu-gcc -Wall -Wextra -ffreestanding -mcmodel=kernel -mno-red-zone -mno-mmx -mno-sse -mno-sse2 -fno-pic -fno-pie -O2 -Iinclude -MMD -DSHADOWBOX_VERSION=\"973cde5-dirty\" -fno-stack-protector -c fs/tmpfs.c -o fs/tmpfs.o
x86_64-linux-gnu-gcc -Wall -Wextra -ffreestanding -mcmodel=kernel -mno-red-zone -mno-mmx -mno-sse -mno-sse2 -fno-pic -fno-pie -O2 -Iinclude -MMD -DSHADOWBOX_VERSION=\"973cde5-dirty\" -fno-stack-protector -c fs/shadowfs.c -o fs/shadowfs.o
In file included from include/vfs.h:4,
                 from fs/tmpfs.c:1:
include/types.h:34: warning: "offsetof" redefined
   34 | #define offsetof(type, member) ((size_t)&((type *)0)->member)
      | 
In file included from include/types.h:7,
                 from include/vfs.h:4,
                 from fs/tmpfs.c:1:
/usr/lib/gcc/x86_64-linux-gnu/11/include/stddef.h:406: note: this is the location of the previous definition
  406 | #define offsetof(TYPE, MEMBER) __builtin_offsetof (TYPE, MEMBER)
      | 
In file included from include/vfs.h:4,
                 from include/shadowfs.h:4,
                 from fs/shadowfs.c:1:
include/types.h:34: warning: "offsetof" redefined
   34 | #define offsetof(type, member) ((size_t)&((type *)0)->member)
      | 
In file included from include/types.h:7,
                 from include/vfs.h:4,
                 from include/shadowfs.h:4,
                 from fs/shadowfs.c:1:
/usr/lib/gcc/x86_64-linux-gnu/11/include/stddef.h:406: note: this is the location of the previous definition
  406 | #define offsetof(TYPE, MEMBER) __builtin_offsetof (TYPE, MEMBER)
      | 
fs/shadowfs.c:14:17: warning: ‘shadowfs_write’ defined but not used [-Wunused-function]
   14 | static uint32_t shadowfs_write(vfs_node_t *node, uint32_t offset, uint32_t size, uint8_t *buffer) {
      |                 ^~~~~~~~~~~~~~
fs/shadowfs.c:9:17: warning: ‘shadowfs_read’ defined but not used [-Wunused-function]
    9 | static uint32_t shadowfs_read(vfs_node_t *node, uint32_t offset, uint32_t size, uint8_t *buffer) {
      |                 ^~~~~~~~~~~~~
x86_64-linux-gnu-gcc -Wall -Wextra -ffreestanding -mcmodel=kernel -mno-red-zone -mno-mmx -mno-sse -mno-sse2 -fno-pic -fno-pie -O2 -Iinclude -MMD -DSHADOWBOX_VERSION=\"973cde5-dirty\" -fno-stack-protector -c fs/directory_watch.c -o fs/directory_watch.o
In file included from include/directory_watch.h:11,
                 from fs/directory_watch.c:1:
include/types.h:34: warning: "offsetof" redefined
   34 | #define offsetof(type, member) ((size_t)&((type *)0)->member)
      | 
In file included from include/types.h:7,
                 from include/directory_watch.h:11,
                 from fs/directory_watch.c:1:
/usr/lib/gcc/x86_64-linux-gnu/11/include/stddef.h:406: note: this is the location of the previous definition
  406 | #define offsetof(TYPE, MEMBER) __builtin_offsetof (TYPE, MEMBER)
      | 
x86_64-linux-gnu-gcc -Wall -Wextra -ffreestanding -mcmodel=kernel -mno-red-zone -mno-mmx -mno-sse -mno-sse2 -fno-pic -fno-pie -O2 -Iinclude -MMD -DSHADOWBOX_VERSION=\"973cde5-dirty\" -fno-stack-protector -c net/net.c -o net/net.o
In file included from include/net.h:4,
                 from net/net.c:1:
include/types.h:34: warning: "offsetof" redefined
   34 | #define offsetof(type, member) ((size_t)&((type *)0)->member)
      | 
In file included from include/types.h:7,
                 from include/net.h:4,
                 from net/net.c:1:
/usr/lib/gcc/x86_64-linux-gnu/11/include/stddef.h:406: note: this is the location of the previous definition
  406 | #define offsetof(TYPE, MEMBER) __builtin_offsetof (TYPE, MEMBER)
      | 
net/net.c: In function ‘icmp_handle_packet’:
net/net.c:106:63: warning: converting a packed ‘struct ip_header’ pointer (alignment 1) to a ‘uint16_t’ {aka ‘short unsigned int’} pointer (alignment 2) may result in an unaligned pointer value [-Waddress-of-packed-member]
  106 |     ip->checksum = net_checksum((uint16_t *)ip, sizeof(struct ip_header));
      |                                                               ^~~~~~~~~
In file included from net/net.c:1:
include/net.h:59:8: note: defined here
   59 | struct ip_header {
      |        ^~~~~~~~~
net/net.c: In function ‘ip_handle_packet’:
net/net.c:143:52: warning: converting a packed ‘struct ip_header’ pointer (alignment 1) to a ‘uint16_t’ {aka ‘short unsigned int’} pointer (alignment 2) may result in an unaligned pointer value [-Waddress-of-packed-member]
  143 |     if (net_checksum((uint16_t *)ip, sizeof(struct ip_header)) != checksum) return;
      |                                                    ^~~~~~~~~
In file included from net/net.c:1:
include/net.h:59:8: note: defined here
   59 | struct ip_header {
      |        ^~~~~~~~~
x86_64-linux-gnu-gcc -Wall -Wextra -ffreestanding -mcmodel=kernel -mno-red-zone -mno-mmx -mno-sse -mno-sse2 -fno-pic -fno-pie -O2 -Iinclude -MMD -DSHADOWBOX_VERSION=\"973cde5-dirty\" -fno-stack-protector -c net/tcp.c -o net/tcp.o
In file included from include/tcp.h:4,
                 from net/tcp.c:1:
include/types.h:34: warning: "offsetof" redefined
   34 | #define offsetof(type, member) ((size_t)&((type *)0)->member)
      | 
In file included from include/types.h:7,
                 from include/tcp.h:4,
                 from net/tcp.c:1:
/usr/lib/gcc/x86_64-linux-gnu/11/include/stddef.h:406: note: this is the location of the previous definition
  406 | #define offsetof(TYPE, MEMBER) __builtin_offsetof (TYPE, MEMBER)
      | 
net/tcp.c: In function ‘tcp_send_ip_packet’:
net/tcp.c:67:22: warning: unsigned conversion from ‘int’ to ‘uint16_t’ {aka ‘short unsigned int’} changes value from ‘524296’ to ‘8’ [-Woverflow]
   67 |     eth->ethertype = (ETH_IP >> 8) | (ETH_IP << 8);
      |                      ^
net/tcp.c:80:63: warning: converting a packed ‘struct ip_header’ pointer (alignment 1) to a ‘uint16_t’ {aka ‘short unsigned int’} pointer (alignment 2) may result in an unaligned pointer value [-Waddress-of-packed-member]
   80 |     ip->checksum = net_checksum((uint16_t *)ip, sizeof(struct ip_header));
      |                                                               ^~~~~~~~~
In file included from include/tcp.h:5,
                 from net/tcp.c:1:
include/net.h:59:8: note: defined here
   59 | struct ip_header {
      |        ^~~~~~~~~
net/tcp.c: In function ‘tcp_handle_packet’:
net/tcp.c:288:9: warning: this statement may fall through [-Wimplicit-fallthrough=]
  288 |         {
      |         ^
net/tcp.c:302:5: note: here
  302 |     case TCP_FIN_WAIT_1:
      |     ^~~~
x86_64-linux-gnu-gcc -Wall -Wextra -ffreestanding -mcmodel=kernel -mno-red-zone -mno-mmx -mno-sse -mno-sse2 -fno-pic -fno-pie -O2 -Iinclude -MMD -DSHADOWBOX_VERSION=\"973cde5-dirty\" -fno-stack-protector -c net/udp.c -o net/udp.o
x86_64-linux-gnu-gcc -Wall -Wextra -ffreestanding -mcmodel=kernel -mno-red-zone -mno-mmx -mno-sse -mno-sse2 -fno-pic -fno-pie -O2 -Iinclude -MMD -DSHADOWBOX_VERSION=\"973cde5-dirty\" -fno-stack-protector -c net/socket.c -o net/socket.o
In file included from include/udp.h:4,
                 from net/udp.c:1:
include/types.h:34: warning: "offsetof" redefined
   34 | #define offsetof(type, member) ((size_t)&((type *)0)->member)
      | 
In file included from include/types.h:7,
                 from include/udp.h:4,
                 from net/udp.c:1:
/usr/lib/gcc/x86_64-linux-gnu/11/include/stddef.h:406: note: this is the location of the previous definition
  406 | #define offsetof(TYPE, MEMBER) __builtin_offsetof (TYPE, MEMBER)
      | 
net/udp.c: In function ‘udp_socket_sendto’:
net/udp.c:50:22: warning: unsigned conversion from ‘int’ to ‘uint16_t’ {aka ‘short unsigned int’} changes value from ‘524296’ to ‘8’ [-Woverflow]
   50 |     eth->ethertype = (ETH_IP >> 8) | (ETH_IP << 8);
      |                      ^
net/udp.c:63:63: warning: converting a packed ‘struct ip_header’ pointer (alignment 1) to a ‘uint16_t’ {aka ‘short unsigned int’} pointer (alignment 2) may result in an unaligned pointer value [-Waddress-of-packed-member]
   63 |     ip->checksum = net_checksum((uint16_t *)ip, sizeof(struct ip_header));
      |                                                               ^~~~~~~~~
In file included from include/udp.h:5,
                 from net/udp.c:1:
include/net.h:59:8: note: defined here
   59 | struct ip_header {
      |        ^~~~~~~~~
net/udp.c: In function ‘udp_handle_packet’:
net/udp.c:94:83: warning: unused parameter ‘src_ip’ [-Wunused-parameter]
   94 | void udp_handle_packet(net_device_t *dev, uint8_t *packet, uint32_t len, uint32_t src_ip) {
      |                                                                          ~~~~~~~~~^~~~~~
In file included from include/socket.h:4,
                 from net/socket.c:1:
include/types.h:34: warning: "offsetof" redefined
   34 | #define offsetof(type, member) ((size_t)&((type *)0)->member)
      | 
In file included from include/types.h:7,
                 from include/socket.h:4,
                 from net/socket.c:1:
/usr/lib/gcc/x86_64-linux-gnu/11/include/stddef.h:406: note: this is the location of the previous definition
  406 | #define offsetof(TYPE, MEMBER) __builtin_offsetof (TYPE, MEMBER)
      | 
x86_64-linux-gnu-gcc -Wall -Wextra -ffreestanding -mcmodel=kernel -mno-red-zone -mno-mmx -mno-sse -mno-sse2 -fno-pic -fno-pie -O2 -Iinclude -MMD -DSHADOWBOX_VERSION=\"973cde5-dirty\" -fno-stack-protector -c lib/kstring.c -o lib/kstring.o
In file included from include/kstring.h:4,
                 from lib/kstring.c:1:
include/types.h:34: warning: "offsetof" redefined
   34 | #define offsetof(type, member) ((size_t)&((type *)0)->member)
      | 
In file included from include/types.h:7,
                 from include/kstring.h:4,
                 from lib/kstring.c:1:
/usr/lib/gcc/x86_64-linux-gnu/11/include/stddef.h:406: note: this is the location of the previous definition
  406 | #define offsetof(TYPE, MEMBER) __builtin_offsetof (TYPE, MEMBER)
      | 
x86_64-linux-gnu-gcc -Wall -Wextra -ffreestanding -mcmodel=kernel -mno-red-zone -mno-mmx -mno-sse -mno-sse2 -fno-pic -fno-pie -O2 -Iinclude -MMD -DSHADOWBOX_VERSION=\"973cde5-dirty\" -fno-stack-protector -c power/suspend.c -o power/suspend.o
In file included from include/power.h:4,
                 from power/suspend.c:1:
include/types.h:34: warning: "offsetof" redefined
   34 | #define offsetof(type, member) ((size_t)&((type *)0)->member)
      | 
In file included from include/types.h:7,
                 from include/power.h:4,
                 from power/suspend.c:1:
/usr/lib/gcc/x86_64-linux-gnu/11/include/stddef.h:406: note: this is the location of the previous definition
  406 | #define offsetof(TYPE, MEMBER) __builtin_offsetof (TYPE, MEMBER)
      | 
x86_64-linux-gnu-gcc -Wall -Wextra -ffreestanding -mcmodel=kernel -mno-red-zone -mno-mmx -mno-sse -mno-sse2 -fno-pic -fno-pie -O2 -Iinclude -MMD -DSHADOWBOX_VERSION=\"973cde5-dirty\" -fno-stack-protector -c wm/decorations.c -o wm/decorations.o
x86_64-linux-gnu-gcc -Wall -Wextra -ffreestanding -mcmodel=kernel -mno-red-zone -mno-mmx -mno-sse -mno-sse2 -fno-pic -fno-pie -O2 -Iinclude -MMD -DSHADOWBOX_VERSION=\"973cde5-dirty\" -fno-stack-protector -c wm/workspace.c -o wm/workspace.o
In file included from include/wm.h:4,
                 from wm/decorations.c:1:
include/types.h:34: warning: "offsetof" redefined
   34 | #define offsetof(type, member) ((size_t)&((type *)0)->member)
      | 
In file included from include/types.h:7,
                 from include/wm.h:4,
                 from wm/decorations.c:1:
/usr/lib/gcc/x86_64-linux-gnu/11/include/stddef.h:406: note: this is the location of the previous definition
  406 | #define offsetof(TYPE, MEMBER) __builtin_offsetof (TYPE, MEMBER)
      | 
x86_64-linux-gnu-gcc -Wall -Wextra -ffreestanding -mcmodel=kernel -mno-red-zone -mno-mmx -mno-sse -mno-sse2 -fno-pic -fno-pie -O2 -Iinclude -MMD -DSHADOWBOX_VERSION=\"973cde5-dirty\" -fno-stack-protector -c gui/c/fb_draw.c -o gui/c/fb_draw.o
In file included from include/wm.h:4,
                 from wm/workspace.c:11:
include/types.h:34: warning: "offsetof" redefined
   34 | #define offsetof(type, member) ((size_t)&((type *)0)->member)
      | 
In file included from include/types.h:7,
                 from include/wm.h:4,
                 from wm/workspace.c:11:
/usr/lib/gcc/x86_64-linux-gnu/11/include/stddef.h:406: note: this is the location of the previous definition
  406 | #define offsetof(TYPE, MEMBER) __builtin_offsetof (TYPE, MEMBER)
      | 
x86_64-linux-gnu-gcc -Wall -Wextra -ffreestanding -mcmodel=kernel -mno-red-zone -mno-mmx -mno-sse -mno-sse2 -fno-pic -fno-pie -O2 -Iinclude -MMD -DSHADOWBOX_VERSION=\"973cde5-dirty\" -fno-stack-protector -c drivers/usb/usb_hid.c -o drivers/usb/usb_hid.o
x86_64-linux-gnu-gcc -Wall -Wextra -ffreestanding -mcmodel=kernel -mno-red-zone -mno-mmx -mno-sse -mno-sse2 -fno-pic -fno-pie -O2 -Iinclude -MMD -DSHADOWBOX_VERSION=\"973cde5-dirty\" -fno-stack-protector -c drivers/usb/usb_core.c -o drivers/usb/usb_core.o
x86_64-linux-gnu-gcc -Wall -Wextra -ffreestanding -mcmodel=kernel -mno-red-zone -mno-mmx -mno-sse -mno-sse2 -fno-pic -fno-pie -O2 -Iinclude -MMD -DSHADOWBOX_VERSION=\"973cde5-dirty\" -fno-stack-protector -c drivers/usb/usb_hub.c -o drivers/usb/usb_hub.o
x86_64-linux-gnu-gcc -Wall -Wextra -ffreestanding -mcmodel=kernel -mno-red-zone -mno-mmx -mno-sse -mno-sse2 -fno-pic -fno-pie -O2 -Iinclude -MMD -DSHADOWBOX_VERSION=\"973cde5-dirty\" -fno-stack-protector -c drivers/usb/usb_uvc.c -o drivers/usb/usb_uvc.o
x86_64-linux-gnu-gcc -Wall -Wextra -ffreestanding -mcmodel=kernel -mno-red-zone -mno-mmx -mno-sse -mno-sse2 -fno-pic -fno-pie -O2 -Iinclude -MMD -DSHADOWBOX_VERSION=\"973cde5-dirty\" -fno-stack-protector -c drivers/usb/usb_msc.c -o drivers/usb/usb_msc.o
In file included from include/device.h:4,
                 from include/bus.h:4,
                 from drivers/usb/usb_hub.c:3:
include/types.h:34: warning: "offsetof" redefined
   34 | #define offsetof(type, member) ((size_t)&((type *)0)->member)
      | 
In file included from include/types.h:7,
                 from include/device.h:4,
                 from include/bus.h:4,
                 from drivers/usb/usb_hub.c:3:
/usr/lib/gcc/x86_64-linux-gnu/11/include/stddef.h:406: note: this is the location of the previous definition
  406 | #define offsetof(TYPE, MEMBER) __builtin_offsetof (TYPE, MEMBER)
      | 
drivers/usb/usb_hub.c:19:15: warning: initialization of ‘int (*)(device_t *)’ {aka ‘int (*)(struct device *)’} from incompatible pointer type ‘void (*)(device_t *)’ {aka ‘void (*)(struct device *)’} [-Wincompatible-pointer-types]
   19 |     .remove = usb_hub_remove,
      |               ^~~~~~~~~~~~~~
drivers/usb/usb_hub.c:19:15: note: (near initialization for ‘usb_hub_driver.remove’)
x86_64-linux-gnu-gcc -Wall -Wextra -ffreestanding -mcmodel=kernel -mno-red-zone -mno-mmx -mno-sse -mno-sse2 -fno-pic -fno-pie -O2 -Iinclude -MMD -DSHADOWBOX_VERSION=\"973cde5-dirty\" -fno-stack-protector -c drivers/usb/xhci.c -o drivers/usb/xhci.o
x86_64-linux-gnu-gcc -Wall -Wextra -ffreestanding -mcmodel=kernel -mno-red-zone -mno-mmx -mno-sse -mno-sse2 -fno-pic -fno-pie -O2 -Iinclude -MMD -DSHADOWBOX_VERSION=\"973cde5-dirty\" -fno-stack-protector -c drivers/usb/ehci.c -o drivers/usb/ehci.o
x86_64-linux-gnu-gcc -Wall -Wextra -ffreestanding -mcmodel=kernel -mno-red-zone -mno-mmx -mno-sse -mno-sse2 -fno-pic -fno-pie -O2 -Iinclude -MMD -DSHADOWBOX_VERSION=\"973cde5-dirty\" -fno-stack-protector -c ui/font.c -o ui/font.o
In file included from include/usb.h:4,
                 from drivers/usb/ehci.c:7:
include/types.h:34: warning: "offsetof" redefined
   34 | #define offsetof(type, member) ((size_t)&((type *)0)->member)
      | 
In file included from include/types.h:7,
                 from include/usb.h:4,
                 from drivers/usb/ehci.c:7:
/usr/lib/gcc/x86_64-linux-gnu/11/include/stddef.h:406: note: this is the location of the previous definition
  406 | #define offsetof(TYPE, MEMBER) __builtin_offsetof (TYPE, MEMBER)
      | 
x86_64-linux-gnu-gcc -Wall -Wextra -ffreestanding -mcmodel=small -mno-red-zone -mno-mmx -fno-pic -fno-pie -O2 -Iinclude -Iuserland -fno-stack-protector -U_FORTIFY_SOURCE -DSHADOWBOX_VERSION=\"973cde5-dirty\" -no-pie -nostdlib userland/shell.c -o shell.elf
x86_64-linux-gnu-gcc -Wall -Wextra -ffreestanding -mcmodel=small -mno-red-zone -mno-mmx -fno-pic -fno-pie -O2 -Iinclude -Iuserland -fno-stack-protector -U_FORTIFY_SOURCE -DSHADOWBOX_VERSION=\"973cde5-dirty\" -no-pie -nostdlib userland/hello.c -o hello.elf
In file included from userland/shell.c:1:
userland/sys.h:15:43: warning: ignoring attributes applied to ‘struct <anonymous>’ after definition [-Wattributes]
   15 | typedef __attribute__((may_alias)) struct { uint64_t tv_sec; uint64_t tv_nsec; } timespec;
      |                                           ^
userland/sys.h: In function ‘sys_mount’:
userland/sys.h:256:103: warning: unused parameter ‘flags’ [-Wunused-parameter]
  256 | static inline int sys_mount(const char *source, const char *target, const char *fstype, unsigned long flags) {
      |                                                                                         ~~~~~~~~~~~~~~^~~~~
x86_64-linux-gnu-gcc -Wall -Wextra -ffreestanding -mcmodel=small -mno-red-zone -mno-mmx -fno-pic -fno-pie -O2 -Iinclude -Iuserland -fno-stack-protector -U_FORTIFY_SOURCE -DSHADOWBOX_VERSION=\"973cde5-dirty\" -no-pie -nostdlib userland/terminal.c -o terminal.elf
In file included from userland/hello.c:1:
userland/sys.h:15:43: warning: ignoring attributes applied to ‘struct <anonymous>’ after definition [-Wattributes]
   15 | typedef __attribute__((may_alias)) struct { uint64_t tv_sec; uint64_t tv_nsec; } timespec;
      |                                           ^
userland/sys.h: In function ‘sys_mount’:
userland/sys.h:256:103: warning: unused parameter ‘flags’ [-Wunused-parameter]
  256 | static inline int sys_mount(const char *source, const char *target, const char *fstype, unsigned long flags) {
      |                                                                                         ~~~~~~~~~~~~~~^~~~~
In file included from userland/terminal.c:1:
userland/sys.h:15:43: warning: ignoring attributes applied to ‘struct <anonymous>’ after definition [-Wattributes]
   15 | typedef __attribute__((may_alias)) struct { uint64_t tv_sec; uint64_t tv_nsec; } timespec;
      |                                           ^
userland/sys.h: In function ‘sys_mount’:
userland/sys.h:256:103: warning: unused parameter ‘flags’ [-Wunused-parameter]
  256 | static inline int sys_mount(const char *source, const char *target, const char *fstype, unsigned long flags) {
      |                                                                                         ~~~~~~~~~~~~~~^~~~~
userland/terminal.c: In function ‘main’:
userland/terminal.c:7:11: warning: unused variable ‘fb’ [-Wunused-variable]
    7 |     void *fb = (void *)pixels;
      |           ^~
/usr/bin/ld: warning: cannot find entry symbol _start; defaulting to 0000000000401000
x86_64-linux-gnu-gcc -Wall -Wextra -ffreestanding -mcmodel=small -mno-red-zone -mno-mmx -fno-pic -fno-pie -O2 -Iinclude -Iuserland -fno-stack-protector -U_FORTIFY_SOURCE -DSHADOWBOX_VERSION=\"973cde5-dirty\" -no-pie -nostdlib userland/edit.c -o edit.elf
x86_64-linux-gnu-gcc -Wall -Wextra -ffreestanding -mcmodel=small -mno-red-zone -mno-mmx -fno-pic -fno-pie -O2 -Iinclude -Iuserland -fno-stack-protector -U_FORTIFY_SOURCE -DSHADOWBOX_VERSION=\"973cde5-dirty\" -no-pie -nostdlib userland/calc.c -o calc.elf
In file included from userland/edit.c:16:
userland/sys.h:15:43: warning: ignoring attributes applied to ‘struct <anonymous>’ after definition [-Wattributes]
   15 | typedef __attribute__((may_alias)) struct { uint64_t tv_sec; uint64_t tv_nsec; } timespec;
      |                                           ^
In file included from userland/calc.c:1:
userland/sys.h:15:43: warning: ignoring attributes applied to ‘struct <anonymous>’ after definition [-Wattributes]
   15 | typedef __attribute__((may_alias)) struct { uint64_t tv_sec; uint64_t tv_nsec; } timespec;
      |                                           ^
userland/sys.h: In function ‘sys_mount’:
userland/sys.h:256:103: warning: unused parameter ‘flags’ [-Wunused-parameter]
  256 | static inline int sys_mount(const char *source, const char *target, const char *fstype, unsigned long flags) {
      |                                                                                         ~~~~~~~~~~~~~~^~~~~
userland/sys.h: In function ‘sys_mount’:
userland/sys.h:256:103: warning: unused parameter ‘flags’ [-Wunused-parameter]
  256 | static inline int sys_mount(const char *source, const char *target, const char *fstype, unsigned long flags) {
      |                                                                                         ~~~~~~~~~~~~~~^~~~~
At top level:
userland/edit.c:27:12: warning: ‘strcmp’ defined but not used [-Wunused-function]
   27 | static int strcmp(const char *a, const char *b) {
      |            ^~~~~~
x86_64-linux-gnu-gcc -Wall -Wextra -ffreestanding -mcmodel=small -mno-red-zone -mno-mmx -fno-pic -fno-pie -O2 -Iinclude -Iuserland -fno-stack-protector -U_FORTIFY_SOURCE -DSHADOWBOX_VERSION=\"973cde5-dirty\" -no-pie -nostdlib userland/netstat.c -o netstat.elf
In file included from userland/netstat.c:1:
userland/sys.h:15:43: warning: ignoring attributes applied to ‘struct <anonymous>’ after definition [-Wattributes]
   15 | typedef __attribute__((may_alias)) struct { uint64_t tv_sec; uint64_t tv_nsec; } timespec;
      |                                           ^
userland/sys.h: In function ‘sys_mount’:
userland/sys.h:256:103: warning: unused parameter ‘flags’ [-Wunused-parameter]
  256 | static inline int sys_mount(const char *source, const char *target, const char *fstype, unsigned long flags) {
      |                                                                                         ~~~~~~~~~~~~~~^~~~~
x86_64-linux-gnu-gcc -Wall -Wextra -ffreestanding -mcmodel=small -mno-red-zone -mno-mmx -fno-pic -fno-pie -O2 -Iinclude -Iuserland -fno-stack-protector -U_FORTIFY_SOURCE -DSHADOWBOX_VERSION=\"973cde5-dirty\" -no-pie -nostdlib userland/sysfetch.c -o sysfetch.elf
x86_64-linux-gnu-gcc -Wall -Wextra -ffreestanding -mcmodel=small -mno-red-zone -mno-mmx -fno-pic -fno-pie -O2 -Iinclude -Iuserland -fno-stack-protector -U_FORTIFY_SOURCE -DSHADOWBOX_VERSION=\"973cde5-dirty\" -no-pie -nostdlib userland/strings.c -o strings.elf
In file included from userland/sysfetch.c:5:
userland/sys.h:15:43: warning: ignoring attributes applied to ‘struct <anonymous>’ after definition [-Wattributes]
   15 | typedef __attribute__((may_alias)) struct { uint64_t tv_sec; uint64_t tv_nsec; } timespec;
      |                                           ^
userland/sys.h: In function ‘sys_mount’:
userland/sys.h:256:103: warning: unused parameter ‘flags’ [-Wunused-parameter]
  256 | static inline int sys_mount(const char *source, const char *target, const char *fstype, unsigned long flags) {
      |                                                                                         ~~~~~~~~~~~~~~^~~~~
In file included from userland/strings.c:1:
userland/sys.h:15:43: warning: ignoring attributes applied to ‘struct <anonymous>’ after definition [-Wattributes]
   15 | typedef __attribute__((may_alias)) struct { uint64_t tv_sec; uint64_t tv_nsec; } timespec;
      |                                           ^
userland/sys.h: In function ‘sys_mount’:
userland/sys.h:256:103: warning: unused parameter ‘flags’ [-Wunused-parameter]
  256 | static inline int sys_mount(const char *source, const char *target, const char *fstype, unsigned long flags) {
      |                                                                                         ~~~~~~~~~~~~~~^~~~~
x86_64-linux-gnu-gcc -Wall -Wextra -ffreestanding -mcmodel=small -mno-red-zone -mno-mmx -fno-pic -fno-pie -O2 -Iinclude -Iuserland -fno-stack-protector -U_FORTIFY_SOURCE -DSHADOWBOX_VERSION=\"973cde5-dirty\" -no-pie -nostdlib userland/colors.c -o colors.elf
In file included from userland/colors.c:1:
userland/sys.h:15:43: warning: ignoring attributes applied to ‘struct <anonymous>’ after definition [-Wattributes]
   15 | typedef __attribute__((may_alias)) struct { uint64_t tv_sec; uint64_t tv_nsec; } timespec;
      |                                           ^
userland/sys.h: In function ‘sys_mount’:
userland/sys.h:256:103: warning: unused parameter ‘flags’ [-Wunused-parameter]
  256 | static inline int sys_mount(const char *source, const char *target, const char *fstype, unsigned long flags) {
      |                                                                                         ~~~~~~~~~~~~~~^~~~~
x86_64-linux-gnu-gcc -Wall -Wextra -ffreestanding -mcmodel=small -mno-red-zone -mno-mmx -fno-pic -fno-pie -O2 -Iinclude -Iuserland -fno-stack-protector -U_FORTIFY_SOURCE -DSHADOWBOX_VERSION=\"973cde5-dirty\" -no-pie -nostdlib userland/guess.c -o guess.elf
In file included from userland/guess.c:1:
userland/sys.h:15:43: warning: ignoring attributes applied to ‘struct <anonymous>’ after definition [-Wattributes]
   15 | typedef __attribute__((may_alias)) struct { uint64_t tv_sec; uint64_t tv_nsec; } timespec;
      |                                           ^
userland/sys.h: In function ‘sys_mount’:
userland/sys.h:256:103: warning: unused parameter ‘flags’ [-Wunused-parameter]
  256 | static inline int sys_mount(const char *source, const char *target, const char *fstype, unsigned long flags) {
      |                                                                                         ~~~~~~~~~~~~~~^~~~~
x86_64-linux-gnu-gcc -Wall -Wextra -ffreestanding -mcmodel=small -mno-red-zone -mno-mmx -fno-pic -fno-pie -O2 -Iinclude -Iuserland -fno-stack-protector -U_FORTIFY_SOURCE -DSHADOWBOX_VERSION=\"973cde5-dirty\" -no-pie -nostdlib userland/more.c -o more.elf
In file included from userland/more.c:1:
userland/sys.h:15:43: warning: ignoring attributes applied to ‘struct <anonymous>’ after definition [-Wattributes]
   15 | typedef __attribute__((may_alias)) struct { uint64_t tv_sec; uint64_t tv_nsec; } timespec;
      |                                           ^
userland/sys.h: In function ‘sys_mount’:
userland/sys.h:256:103: warning: unused parameter ‘flags’ [-Wunused-parameter]
  256 | static inline int sys_mount(const char *source, const char *target, const char *fstype, unsigned long flags) {
      |                                                                                         ~~~~~~~~~~~~~~^~~~~
x86_64-linux-gnu-gcc -Wall -Wextra -ffreestanding -mcmodel=small -mno-red-zone -mno-mmx -fno-pic -fno-pie -O2 -Iinclude -Iuserland -fno-stack-protector -U_FORTIFY_SOURCE -DSHADOWBOX_VERSION=\"973cde5-dirty\" -no-pie -nostdlib userland/factor.c -o factor.elf
In file included from userland/factor.c:1:
userland/sys.h:15:43: warning: ignoring attributes applied to ‘struct <anonymous>’ after definition [-Wattributes]
   15 | typedef __attribute__((may_alias)) struct { uint64_t tv_sec; uint64_t tv_nsec; } timespec;
      |                                           ^
userland/sys.h: In function ‘sys_mount’:
userland/sys.h:256:103: warning: unused parameter ‘flags’ [-Wunused-parameter]
  256 | static inline int sys_mount(const char *source, const char *target, const char *fstype, unsigned long flags) {
      |                                                                                         ~~~~~~~~~~~~~~^~~~~
x86_64-linux-gnu-gcc -Wall -Wextra -ffreestanding -mcmodel=small -mno-red-zone -mno-mmx -fno-pic -fno-pie -O2 -Iinclude -Iuserland -fno-stack-protector -U_FORTIFY_SOURCE -DSHADOWBOX_VERSION=\"973cde5-dirty\" -no-pie -nostdlib userland/matrix.c -o matrix.elf
In file included from userland/matrix.c:1:
userland/sys.h:15:43: warning: ignoring attributes applied to ‘struct <anonymous>’ after definition [-Wattributes]
   15 | typedef __attribute__((may_alias)) struct { uint64_t tv_sec; uint64_t tv_nsec; } timespec;
      |                                           ^
userland/sys.h: In function ‘sys_mount’:
userland/sys.h:256:103: warning: unused parameter ‘flags’ [-Wunused-parameter]
  256 | static inline int sys_mount(const char *source, const char *target, const char *fstype, unsigned long flags) {
      |                                                                                         ~~~~~~~~~~~~~~^~~~~
x86_64-linux-gnu-gcc -Wall -Wextra -ffreestanding -mcmodel=small -mno-red-zone -mno-mmx -fno-pic -fno-pie -O2 -Iinclude -Iuserland -fno-stack-protector -U_FORTIFY_SOURCE -DSHADOWBOX_VERSION=\"973cde5-dirty\" -no-pie -nostdlib userland/seq.c -o seq.elf
In file included from userland/seq.c:1:
userland/sys.h:15:43: warning: ignoring attributes applied to ‘struct <anonymous>’ after definition [-Wattributes]
   15 | typedef __attribute__((may_alias)) struct { uint64_t tv_sec; uint64_t tv_nsec; } timespec;
      |                                           ^
userland/sys.h: In function ‘sys_mount’:
userland/sys.h:256:103: warning: unused parameter ‘flags’ [-Wunused-parameter]
  256 | static inline int sys_mount(const char *source, const char *target, const char *fstype, unsigned long flags) {
      |                                                                                         ~~~~~~~~~~~~~~^~~~~
x86_64-linux-gnu-gcc -Wall -Wextra -ffreestanding -mcmodel=small -mno-red-zone -mno-mmx -fno-pic -fno-pie -O2 -Iinclude -Iuserland -fno-stack-protector -U_FORTIFY_SOURCE -DSHADOWBOX_VERSION=\"973cde5-dirty\" -no-pie -nostdlib userland/rev.c -o rev.elf
In file included from userland/rev.c:1:
userland/sys.h:15:43: warning: ignoring attributes applied to ‘struct <anonymous>’ after definition [-Wattributes]
   15 | typedef __attribute__((may_alias)) struct { uint64_t tv_sec; uint64_t tv_nsec; } timespec;
      |                                           ^
userland/sys.h: In function ‘sys_mount’:
userland/sys.h:256:103: warning: unused parameter ‘flags’ [-Wunused-parameter]
  256 | static inline int sys_mount(const char *source, const char *target, const char *fstype, unsigned long flags) {
      |                                                                                         ~~~~~~~~~~~~~~^~~~~
x86_64-linux-gnu-gcc -Wall -Wextra -ffreestanding -mcmodel=small -mno-red-zone -mno-mmx -fno-pic -fno-pie -O2 -Iinclude -Iuserland -fno-stack-protector -U_FORTIFY_SOURCE -DSHADOWBOX_VERSION=\"973cde5-dirty\" -no-pie -nostdlib userland/wc.c -o wc.elf
x86_64-linux-gnu-gcc -Wall -Wextra -ffreestanding -mcmodel=small -mno-red-zone -mno-mmx -fno-pic -fno-pie -O2 -Iinclude -Iuserland -fno-stack-protector -U_FORTIFY_SOURCE -DSHADOWBOX_VERSION=\"973cde5-dirty\" -no-pie -nostdlib userland/uname.c -o uname.elf
In file included from userland/wc.c:1:
userland/sys.h:15:43: warning: ignoring attributes applied to ‘struct <anonymous>’ after definition [-Wattributes]
   15 | typedef __attribute__((may_alias)) struct { uint64_t tv_sec; uint64_t tv_nsec; } timespec;
      |                                           ^
userland/sys.h: In function ‘sys_mount’:
userland/sys.h:256:103: warning: unused parameter ‘flags’ [-Wunused-parameter]
  256 | static inline int sys_mount(const char *source, const char *target, const char *fstype, unsigned long flags) {
      |                                                                                         ~~~~~~~~~~~~~~^~~~~
x86_64-linux-gnu-gcc -Wall -Wextra -ffreestanding -mcmodel=small -mno-red-zone -mno-mmx -fno-pic -fno-pie -O2 -Iinclude -Iuserland -fno-stack-protector -U_FORTIFY_SOURCE -DSHADOWBOX_VERSION=\"973cde5-dirty\" -no-pie -nostdlib userland/fortune.c -o fortune.elf
In file included from userland/uname.c:1:
userland/sys.h:15:43: warning: ignoring attributes applied to ‘struct <anonymous>’ after definition [-Wattributes]
   15 | typedef __attribute__((may_alias)) struct { uint64_t tv_sec; uint64_t tv_nsec; } timespec;
      |                                           ^
userland/sys.h: In function ‘sys_mount’:
userland/sys.h:256:103: warning: unused parameter ‘flags’ [-Wunused-parameter]
  256 | static inline int sys_mount(const char *source, const char *target, const char *fstype, unsigned long flags) {
      |                                                                                         ~~~~~~~~~~~~~~^~~~~
In file included from userland/fortune.c:1:
userland/sys.h:15:43: warning: ignoring attributes applied to ‘struct <anonymous>’ after definition [-Wattributes]
   15 | typedef __attribute__((may_alias)) struct { uint64_t tv_sec; uint64_t tv_nsec; } timespec;
      |                                           ^
userland/sys.h: In function ‘sys_mount’:
userland/sys.h:256:103: warning: unused parameter ‘flags’ [-Wunused-parameter]
  256 | static inline int sys_mount(const char *source, const char *target, const char *fstype, unsigned long flags) {
      |                                                                                         ~~~~~~~~~~~~~~^~~~~
x86_64-linux-gnu-gcc -Wall -Wextra -ffreestanding -mcmodel=small -mno-red-zone -mno-mmx -fno-pic -fno-pie -O2 -Iinclude -Iuserland -fno-stack-protector -U_FORTIFY_SOURCE -DSHADOWBOX_VERSION=\"973cde5-dirty\" -no-pie -nostdlib userland/rot13.c -o rot13.elf
x86_64-linux-gnu-gcc -Wall -Wextra -ffreestanding -mcmodel=small -mno-red-zone -mno-mmx -fno-pic -fno-pie -O2 -Iinclude -Iuserland -fno-stack-protector -U_FORTIFY_SOURCE -DSHADOWBOX_VERSION=\"973cde5-dirty\" -no-pie -nostdlib userland/cmp.c -o cmp.elf
In file included from userland/rot13.c:1:
userland/sys.h:15:43: warning: ignoring attributes applied to ‘struct <anonymous>’ after definition [-Wattributes]
   15 | typedef __attribute__((may_alias)) struct { uint64_t tv_sec; uint64_t tv_nsec; } timespec;
      |                                           ^
userland/sys.h: In function ‘sys_mount’:
userland/sys.h:256:103: warning: unused parameter ‘flags’ [-Wunused-parameter]
  256 | static inline int sys_mount(const char *source, const char *target, const char *fstype, unsigned long flags) {
      |                                                                                         ~~~~~~~~~~~~~~^~~~~
In file included from userland/cmp.c:1:
userland/sys.h:15:43: warning: ignoring attributes applied to ‘struct <anonymous>’ after definition [-Wattributes]
   15 | typedef __attribute__((may_alias)) struct { uint64_t tv_sec; uint64_t tv_nsec; } timespec;
      |                                           ^
userland/sys.h: In function ‘sys_mount’:
userland/sys.h:256:103: warning: unused parameter ‘flags’ [-Wunused-parameter]
  256 | static inline int sys_mount(const char *source, const char *target, const char *fstype, unsigned long flags) {
      |                                                                                         ~~~~~~~~~~~~~~^~~~~
x86_64-linux-gnu-gcc -Wall -Wextra -ffreestanding -mcmodel=small -mno-red-zone -mno-mmx -fno-pic -fno-pie -O2 -Iinclude -Iuserland -fno-stack-protector -U_FORTIFY_SOURCE -DSHADOWBOX_VERSION=\"973cde5-dirty\" -no-pie -nostdlib userland/clear.c -o clear.elf
In file included from userland/clear.c:1:
userland/sys.h:15:43: warning: ignoring attributes applied to ‘struct <anonymous>’ after definition [-Wattributes]
   15 | typedef __attribute__((may_alias)) struct { uint64_t tv_sec; uint64_t tv_nsec; } timespec;
      |                                           ^
userland/sys.h: In function ‘sys_mount’:
userland/sys.h:256:103: warning: unused parameter ‘flags’ [-Wunused-parameter]
  256 | static inline int sys_mount(const char *source, const char *target, const char *fstype, unsigned long flags) {
      |                                                                                         ~~~~~~~~~~~~~~^~~~~
x86_64-linux-gnu-gcc -Wall -Wextra -ffreestanding -mcmodel=small -mno-red-zone -mno-mmx -fno-pic -fno-pie -O2 -Iinclude -Iuserland -fno-stack-protector -U_FORTIFY_SOURCE -DSHADOWBOX_VERSION=\"973cde5-dirty\" -no-pie -nostdlib userland/sleep.c -o sleep.elf
x86_64-linux-gnu-gcc -Wall -Wextra -ffreestanding -mcmodel=small -mno-red-zone -mno-mmx -fno-pic -fno-pie -O2 -Iinclude -Iuserland -fno-stack-protector -U_FORTIFY_SOURCE -DSHADOWBOX_VERSION=\"973cde5-dirty\" -no-pie -nostdlib userland/chmod.c -o chmod.elf
In file included from userland/sleep.c:1:
userland/sys.h:15:43: warning: ignoring attributes applied to ‘struct <anonymous>’ after definition [-Wattributes]
   15 | typedef __attribute__((may_alias)) struct { uint64_t tv_sec; uint64_t tv_nsec; } timespec;
      |                                           ^
userland/sys.h: In function ‘sys_mount’:
userland/sys.h:256:103: warning: unused parameter ‘flags’ [-Wunused-parameter]
  256 | static inline int sys_mount(const char *source, const char *target, const char *fstype, unsigned long flags) {
      |                                                                                         ~~~~~~~~~~~~~~^~~~~
In file included from userland/chmod.c:1:
userland/sys.h:15:43: warning: ignoring attributes applied to ‘struct <anonymous>’ after definition [-Wattributes]
   15 | typedef __attribute__((may_alias)) struct { uint64_t tv_sec; uint64_t tv_nsec; } timespec;
      |                                           ^
userland/sys.h: In function ‘sys_mount’:
userland/sys.h:256:103: warning: unused parameter ‘flags’ [-Wunused-parameter]
  256 | static inline int sys_mount(const char *source, const char *target, const char *fstype, unsigned long flags) {
      |                                                                                         ~~~~~~~~~~~~~~^~~~~
x86_64-linux-gnu-gcc -Wall -Wextra -ffreestanding -mcmodel=small -mno-red-zone -mno-mmx -fno-pic -fno-pie -O2 -Iinclude -Iuserland -fno-stack-protector -U_FORTIFY_SOURCE -DSHADOWBOX_VERSION=\"973cde5-dirty\" -no-pie -nostdlib userland/chown.c -o chown.elf
In file included from userland/chown.c:1:
userland/sys.h:15:43: warning: ignoring attributes applied to ‘struct <anonymous>’ after definition [-Wattributes]
   15 | typedef __attribute__((may_alias)) struct { uint64_t tv_sec; uint64_t tv_nsec; } timespec;
      |                                           ^
userland/sys.h: In function ‘sys_mount’:
userland/sys.h:256:103: warning: unused parameter ‘flags’ [-Wunused-parameter]
  256 | static inline int sys_mount(const char *source, const char *target, const char *fstype, unsigned long flags) {
      |                                                                                         ~~~~~~~~~~~~~~^~~~~
/usr/bin/ld: warning: cannot find entry symbol _start; defaulting to 0000000000401000
dd if=/dev/zero of=ahci_disk.img bs=1M count=10
10+0 records in
10+0 records out
10485760 bytes (10 MB, 10 MiB) copied, 0.0175836 s, 596 MB/s
x86_64-linux-gnu-ld -nostdlib -z max-page-size=0x1000 -T link.ld -o os.bin arch/x86_64/boot/head.o arch/x86_64/boot/idt.o arch/x86_64/boot/isr_stubs.o arch/x86_64/boot/ap_trampoline.o arch/x86_64/boot/ap_trampoline.o arch/x86_64/kernel/switch.o arch/x86_64/kernel/syscall_entry.o arch/x86_64/kernel/smp.o arch/x86_64/kernel/gdt.o arch/x86_64/kernel/idt.o arch/x86_64/mm/pmm.o arch/x86_64/mm/vmm.o arch/x86_64/mm/buddy.o arch/x86_64/mm/malloc.o arch/x86_64/mm/slab.o arch/x86_64/mm/mmap.o arch/x86_64/mm/swap.o arch/x86_64/mm/aslr.o arch/x86_64/mm/smep_smap.o  arch/x86_64/drivers/acpi.o arch/x86_64/drivers/ahci.o arch/x86_64/drivers/apic.o arch/x86_64/drivers/e1000.o arch/x86_64/drivers/fb.o arch/x86_64/drivers/fb_double.o arch/x86_64/drivers/hda.o arch/x86_64/drivers/keyboard.o arch/x86_64/drivers/mouse.o arch/x86_64/drivers/pci.o arch/x86_64/drivers/pic.o arch/x86_64/drivers/pit.o arch/x86_64/drivers/rtc.o arch/x86_64/drivers/rtl8139.o arch/x86_64/drivers/serial.o arch/x86_64/drivers/tickless.o arch/x86_64/drivers/tty.o arch/x86_64/drivers/usb.o arch/x86_64/drivers/virtio_net.o kernel/trackpad.o kernel/syscall_tracer.o kernel/memory.o kernel/keyboard_layouts.o kernel/input.o kernel/test_priority.o kernel/entropy.o kernel/time.o kernel/namespace.o kernel/rng.o kernel/sched/rt.o kernel/sched/loadbal.o kernel/sched/cfs.o kernel/module.o kernel/hal/storage.o kernel/hal/memory.o kernel/hal/cpu.o kernel/hal/peripheral.o kernel/hal/hal.o kernel/hal/alloc_wrapper.o kernel/elf.o kernel/mem/numa.o kernel/mem/bcache.o kernel/mem/lru.o kernel/mem/hugepage.o kernel/tarfs.o kernel/idle.o kernel/input_multiplexer.o kernel/signal.o kernel/ipc.o kernel/root.o kernel/hid_kbd.o kernel/printk.o kernel/kthread.o kernel/camera.o kernel/irq_monitor.o kernel/security.o kernel/wait.o kernel/notification.o kernel/hid.o kernel/softirq.o kernel/session.o kernel/font.o kernel/sched.o kernel/pty.o kernel/calendar.o kernel/boot.o kernel/drivers/input/usb_hid_driver.o kernel/main.o kernel/acpi/thermal.o kernel/acpi/parser.o kernel/acpi/aml.o kernel/acpi/battery.o kernel/seccomp.o kernel/micro_ipc.o kernel/driver.o kernel/power.o kernel/syscall.o kernel/task.o kernel/keyboard_shortcuts.o kernel/vfs.o  fs/block.o fs/ext2.o fs/devfs.o fs/procfs.o fs/sysfs.o fs/tmpfs.o fs/shadowfs.o fs/directory_watch.o net/net.o net/tcp.o net/udp.o net/socket.o lib/kstring.o power/suspend.o wm/decorations.o wm/workspace.o gui/c/fb_draw.o drivers/usb/usb_hid.o drivers/usb/usb_core.o drivers/usb/usb_hub.o drivers/usb/usb_uvc.o drivers/usb/usb_msc.o drivers/usb/xhci.o drivers/usb/ehci.o ui/font.o
mke2fs -t ext2 -F ahci_disk.img
/usr/bin/ld: warning: cannot find entry symbol _start; defaulting to 0000000000401000
mke2fs 1.46.5 (30-Dec-2021)
x86_64-linux-gnu-ld: arch/x86_64/boot/ap_trampoline.o: in function `ap_trampoline_start':
(.boot.text+0x0): multiple definition of `ap_trampoline_start'; arch/x86_64/boot/ap_trampoline.o:(.boot.text+0x0): first defined here
x86_64-linux-gnu-ld: arch/x86_64/boot/ap_trampoline.o: in function `ap_trampoline_gdt_desc':
(.boot.text+0xa8): multiple definition of `ap_trampoline_gdt_desc'; arch/x86_64/boot/ap_trampoline.o:(.boot.text+0xa8): first defined here
x86_64-linux-gnu-ld: arch/x86_64/boot/ap_trampoline.o: in function `ap_trampoline_pml4':
(.boot.text+0x88): multiple definition of `ap_trampoline_pml4'; arch/x86_64/boot/ap_trampoline.o:(.boot.text+0x88): first defined here
x86_64-linux-gnu-ld: arch/x86_64/boot/ap_trampoline.o: in function `ap_trampoline_stack':
(.boot.text+0x90): multiple definition of `ap_trampoline_stack'; arch/x86_64/boot/ap_trampoline.o:(.boot.text+0x90): first defined here
x86_64-linux-gnu-ld: arch/x86_64/boot/ap_trampoline.o: in function `ap_trampoline_entry':
(.boot.text+0x98): multiple definition of `ap_trampoline_entry'; arch/x86_64/boot/ap_trampoline.o:(.boot.text+0x98): first defined here
x86_64-linux-gnu-ld: arch/x86_64/boot/ap_trampoline.o: in function `ap_trampoline_end':
(.boot.text+0x87): multiple definition of `ap_trampoline_end'; arch/x86_64/boot/ap_trampoline.o:(.boot.text+0x87): first defined here
x86_64-linux-gnu-ld: arch/x86_64/boot/ap_trampoline.o: in function `ap_trampoline_gdt':
(.boot.text+0xa0): multiple definition of `ap_trampoline_gdt'; arch/x86_64/boot/ap_trampoline.o:(.boot.text+0xa0): first defined here
Discarding device blocks:    0/2560         done                            
Creating filesystem with 2560 4k blocks and 2560 inodes

Allocating group tables: 0/1   done                            
Writing inode tables: 0/1   done                            
Writing superblocks and filesystem accounting information: 0/1   arch/x86_64/boot/ap_trampoline.o: in function `ap_trampoline_start':
(.boot.text+0xe): relocation truncated to fit: R_X86_64_16 against symbol `ap_trampoline_gdt_desc' defined in .boot.text section in arch/x86_64/boot/ap_trampoline.o
arch/x86_64/boot/ap_trampoline.o: in function `ap_trampoline_start':
(.boot.text+0xe): relocation truncated to fit: R_X86_64_16 against symbol `ap_trampoline_gdt_desc' defined in .boot.text section in arch/x86_64/boot/ap_trampoline.o
x86_64-linux-gnu-ld: kernel/main.o: in function `kernel_main':
main.c:(.text+0x67d): undefined reference to `fat32_init'
done

make: *** [Makefile:124: os.bin] Error 1
make: *** Waiting for unfinished jobs....
